gene,undiff_rep1,undiff_rep2,undiff_rep3,diff_rep1,diff_rep2,diff_rep3
Eef1a1,250137,276125,226578,308716,329349,272861
Ubc,246361,270608,209554,233128,405354,282397
COX1,193366,174587,179543,319974,331638,269276
Hsp90ab1,138052,142874,146470,178316,113060,137900
ATP6,113068,131422,115464,206544,163000,156314
Eef2,103905,115684,173795,139948,142837,141924
CYTB,103837,102437,121082,117604,109780,114840
Scd2,84578,79385,59821,172634,148514,194271
COX3,84168,99651,72175,130851,97878,145622
Tuba1a,96651,151428,132406,59818,97524,122755
Actb,126985,123724,116131,75038,112350,62417
Hspa8,108736,140021,108677,110837,98518,80252
Tuba1b,108603,130344,131163,80308,71095,87598
ND4,64584,121876,54485,139930,83710,84773
Atp5b,98202,100119,88708,86824,76762,76795
Map1b,101101,88859,92340,103208,140283,97629
COX2,60910,99217,99549,104400,87315,50187
Actg1,81454,81615,87263,90813,78176,104596
Tuba1c,65110,85405,93090,97991,128370,100030
Ubb,58665,78318,73608,82233,94658,67163
Chgb,35835,54095,49617,76161,83300,79841
Rack1,68629,56411,73646,53445,67953,62016
Acly,56468,75247,64157,66659,52937,63602
ND5,59729,54543,50181,62045,92291,75660
Tubb5,76779,75317,69851,48831,58915,52005
Eno1b,48178,52148,55754,79522,59905,73954
Aldoa,29042,44780,56309,72475,60909,76613
Rpl4,53350,72273,60245,52722,47598,49637
Eif4g2,57544,64278,55380,69535,41477,54377
Atp1a1,50139,48223,61220,57133,55871,38931
Ptma,44359,60135,64610,38857,29247,61817
ND1,41674,55558,51846,50496,64093,56619
Rpl10,39974,55740,46704,39097,56985,54578
Prkar1a,37537,55346,40376,48046,31663,39559
Prph,46706,38260,42160,53991,39570,40727
Rpl8,42724,51477,48127,48660,38191,37929
Eno1,33836,49605,41980,56325,58538,58706
ND2,45233,38965,33032,48095,56028,62735
Canx,37347,56997,44064,45575,42694,44769
Psap,31344,37837,32140,54113,53009,56539
Hsp90aa1,48408,44717,39692,33693,29667,39735
Rps4x,43466,34048,40420,28609,44180,35136
Pkm,27443,39009,28448,44329,41705,32148
Ncl,51082,45211,47417,34933,30445,39686
Rpsa,55491,38965,41505,42918,33865,44755
Pabpc1,31392,30982,66504,41462,41495,35508
Ppia,50756,54735,36212,36046,49541,32549
Maged1,42001,42632,46190,35430,43337,40047
Npm1,39434,45277,40866,31797,27961,26534
Hnrnpu,67764,51664,50526,23910,37375,32246
Flna,52506,48693,43190,45431,38166,33894
Rpl41,35208,45266,37955,31603,26663,36330
Fasn,33656,37100,42872,39444,34541,31723
Gnb1,35980,31451,39640,42332,46846,42365
Atp5a1,36146,24013,27502,28123,30019,26958
Eif3c,36361,37382,31395,30441,34934,30187
Ywhaz,35096,39046,33401,29675,41551,33482
Slc25a4,38360,34806,25689,34704,40994,24915
Ldha,37399,39073,29795,45059,50406,32351
Vgf,30802,27618,38130,28824,28022,26348
Rps3,36509,21378,35576,27837,43017,33121
Rpl7,31467,45473,37189,27132,21000,29695
Hnrnpa2b1,40075,42979,53714,26733,27545,20917
Hnrnpa1,29132,27403,33357,29396,30198,34368
Set,34649,36434,48111,29173,22065,21716
Ddx5,31754,37445,48555,37921,23421,28674
Rplp0,37549,26201,19127,33820,30557,26030
Eprs,34805,31869,27269,31787,37648,32086
H3f3b,25187,47557,40751,26601,25097,34824
Rpl3,23948,36095,29421,35178,36048,38575
Calr,39032,35207,31254,25562,28127,31205
Uba1,22210,34320,41074,31245,27224,30446
Rpl5,27648,25849,35279,35440,26793,32947
Rpl18a,28881,30666,22167,27627,39637,27599
Mest,38005,29105,35181,32552,24721,29419
Rcc2,38085,28699,32677,26336,30999,25565
Hnrnpab,33847,28777,37333,17755,20000,20208
6820431F20Rik,23389,35961,20353,38866,32111,31399
Peg3,26638,28835,30788,29861,30566,28946
Dpysl3,51230,33056,40229,16767,24027,21380
Eif4b,25349,25875,23245,34059,28061,35986
Eif5a,32754,45982,32699,26691,26143,20383
Slc7a5,26820,34263,32524,26027,28130,29404
Fth1,28257,26363,38055,26357,35452,35618
Cct2,30094,32901,24013,19615,21345,31553
Bsg,16343,23862,21928,34051,44137,38489
Eif4g1,34239,32860,32663,22385,26698,24206
Ywhae,28237,25257,28039,26006,20579,23059
ND3,30929,21461,26309,30315,38068,36848
Lars2,24327,22079,28438,43754,29030,33606
Hspa9,26502,23623,29482,32164,24490,21565
Cct5,32116,23015,24122,26033,20408,23449
Aars,26455,27469,28523,26154,21353,35559
Copa,31190,31057,28073,26763,25698,27428
Fscn1,29013,33425,35543,21033,26864,17372
Nedd4,26716,23522,23876,24221,41117,32808
Aco2,21469,38799,27885,24349,26024,22413
Cct4,28866,24007,28418,27801,19911,35419
Scd1,9042,12315,13824,34663,44790,49707
Sptan1,17024,19598,17676,18013,19493,18804
Ubr5,25821,31924,35093,25066,24602,19859
Ddb1,21764,25489,27237,22453,20586,25406
Kpnb1,30368,22234,29699,22084,17105,20295
Tcp1,41432,24296,22916,22068,16496,22767
Sptbn1,19577,31921,23957,21337,30682,24393
Myh9,21483,27849,34341,19917,25012,23090
Chd4,25124,25148,21903,21809,23408,28547
Rpl14-ps1,30095,32725,20736,13313,14246,17544
Rps5,23837,18832,26748,32529,20005,23013
Top2a,29166,26582,30588,15409,14692,24714
Eif2s3x,28379,20089,24934,20288,26727,24055
Xist,22178,17734,15493,20567,34138,28430
Hsp90b1,21741,24896,28379,20489,23871,18969
Rps27a,23380,26534,26718,25739,29705,30327
Caprin1,24511,29676,11366,28579,26785,20584
Ywhag,16097,23593,20135,23863,24253,23577
Rps23,25166,39487,27668,27896,21784,24000
Eif4h,21289,23149,21290,21434,14834,20167
Ahnak,12970,11042,7491,26269,37876,44020
Rps9,23346,25128,23050,26871,24407,28398
Itgb1,21575,18632,31258,20789,18154,19247
Rps6,20650,22200,24633,23383,24595,16634
Psat1,19065,21316,29257,26486,23260,20988
Hspd1,18054,22476,27637,17097,12523,15613
Slc38a1,14075,19091,16689,24662,25640,30620
Vdac1,22038,26139,18077,26092,26303,21316
Hspa5,15457,18896,29346,18422,18724,17334
Dync1h1,23809,13825,16223,19337,22987,34121
Rpl6,16815,23767,20763,24663,21397,14624
Calm3,22685,16715,18484,22237,20846,18181
Asns,15408,18816,19023,32645,21967,23875
Hspa4,26665,21747,23511,14575,14005,12782
Rps24,22756,23858,17167,19478,20719,14959
Prpf8,17638,28944,18974,18695,18748,16915
Serinc1,23179,21777,25283,19649,31497,29418
Nap1l1,30061,22111,23701,23204,19764,17859
Rps25,21776,18172,22176,18785,18356,14646
Rpl27a,20384,13961,20248,14066,15145,18517
Rnf187,20440,14494,22263,21887,13626,27826
Atf4,14341,15061,15045,18006,21278,26050
Eef1g,26624,22570,26816,18976,16934,18693
Sqstm1,15506,15379,20043,25161,25200,29562
Gars,18260,16807,18514,32854,21420,19489
Slc25a5,20497,18021,28026,14857,16163,15744
Prrc2a,19553,16518,21393,17697,21439,11418
Ran,18253,17102,21442,14665,17091,19926
Rplp2,26835,24214,25695,15740,18955,19902
Rplp1,20725,15137,21091,19998,18275,15893
Cnot1,24850,23836,18182,22067,19424,17879
Rrbp1,18665,16016,24896,23394,19748,20477
Snrnp200,19367,24397,21371,10649,22478,18948
Eif3b,21762,24317,25184,18141,15967,14328
Huwe1,18442,23549,26890,17770,20398,16414
Eif3a,21164,26351,16962,14139,22139,21422
Cltc,18647,17476,19008,15933,17630,14555
Arf1,19599,17513,24757,11930,15752,17108
Btf3,14710,17544,18004,21336,21722,16271
Gm12174,17020,17242,18301,18031,23524,19678
Ybx1,29230,24554,21291,16873,22630,22214
Rars,15954,17725,17179,17123,19793,22694
Hnrnph1,18888,22952,21747,12492,20139,17664
Gdi2,19874,20226,20247,20912,18177,15719
Usp9x,23854,17075,18952,21692,18538,13292
Srrm2,15171,24063,26994,17427,19859,16113
Grina,9215,6906,10215,27112,27206,32395
Rps3a1,17286,20248,26302,20180,15152,15872
Cox4i1,13523,20350,19170,26023,17240,14490
Igfbp4,13479,10316,16231,26748,42269,26262
P4hb,18535,16475,18323,18253,20382,17203
Spock2,19435,22593,24054,16915,20093,11949
Ddx3x,18978,20556,22555,16652,12509,16364
Slc7a11,19871,13000,24632,17763,17282,16090
Cct8,19172,16614,18530,16018,14852,12031
Pgam1,14034,17262,13371,23951,22133,24155
Map4k4,13647,14243,18021,17223,21681,21477
Rpn2,14619,23023,15466,22029,13695,18584
Prrc2c,25253,25390,26010,23327,16656,17086
Hmgcs1,10278,10868,11005,21543,29594,19023
Tpt1,18859,19731,19841,20588,21729,15947
ND6,14564,12642,17752,15389,12407,22444
Hyou1,17983,18119,21878,18321,19265,9770
Eef1b2,16248,15713,15762,12706,16059,11993
Xpo1,23256,23074,16534,18614,12653,16749
Larp1,18616,15622,14723,18643,20170,19101
Baiap2l1,15687,15744,13846,14032,25394,23668
Ywhab,17219,17300,15136,16236,16511,14983
Rps15,23089,20488,16357,11411,16010,21927
Ftl1,23846,14422,23082,19350,11989,11540
Hnrnpk,20039,13573,14811,21325,14568,14934
Ddit4,8286,7829,6929,26682,23597,23474
Marcks,10052,12375,13412,17791,15451,20778
Sf3b3,24197,20892,28272,14625,13367,16799
Cfl1,22602,19639,16239,15960,19927,23621
Gnb2,16323,23996,16524,21762,15142,16006
Rps10,19357,19716,17532,24187,14942,17063
Cct7,22667,21848,24086,17301,13545,10599
Gm9794,20427,16095,20671,19857,15382,17141
Rad21,23440,22811,18488,14039,13377,11425
Ipo7,16718,20504,21540,15048,16487,17664
Ppp2ca,22315,19123,17327,19169,17585,14563
Tubb3,10897,13342,15862,19581,20172,17609
Pdia3,20801,19878,24782,14146,16415,19173
App,13946,16730,8708,16632,22974,18024
Rpl14,22179,16402,14823,11277,17314,9987
Pcbp2,23487,11356,13256,14163,14966,16553
Arhgdia,23475,20766,14507,12018,11738,13065
Wdr6,10209,14274,12870,16086,24688,18895
St13,12242,15884,17068,15548,13273,17205
Srebf2,14714,11706,17422,16336,16945,26054
Cdc42,13165,25820,20469,17095,18052,22810
Tpr,17994,16557,19109,14732,12096,11889
Trim28,21474,14810,18154,14602,12589,14028
Pfkl,8226,10129,12530,16867,23920,31483
Hand2,10275,16392,16307,19414,17830,14086
Tmbim6,11528,9838,10177,17107,26368,18230
Rpl19,17096,15779,19293,13730,16410,11794
Calm1,14080,15502,13529,18208,13500,16380
Mybbp1a,19916,18269,19562,10303,15041,9796
Srebf1,9579,11410,10944,30987,23548,17844
Eef1a2,13443,17472,15966,14993,10216,10659
Ranbp2,17512,14881,16167,14101,12084,16254
Vcp,14199,17083,17195,18447,14122,14290
Eif3h,11528,12555,15237,11213,22126,19143
Hmgcr,13161,14153,9698,24202,19352,23048
Rpl11,17885,15261,24419,11369,13697,12542
Pebp1,16931,15035,21390,13354,18361,19652
Alkbh5,11567,9956,18594,11934,18103,18953
Atp6v1b2,13855,14355,19302,18649,14571,13883
Rpl15,13829,13199,16343,14382,15344,14128
Rpl32,13877,21188,13821,11065,15378,17381
G3bp1,18627,17541,15076,12642,14517,9808
Ywhah,12097,15239,10273,20831,15726,16081
Mki67,22259,15223,19777,8411,10109,10925
Ppp2r1a,16569,12448,11522,15695,17051,14119
Wnk1,20597,13829,14632,13582,13333,14103
Rtn4,10980,11033,14842,15857,12921,24659
Calu,17794,18531,13826,21686,20376,10302
Serbp1,17251,16254,15975,12927,7884,14361
Xpot,15131,15522,15039,13451,17312,17180
Prdx2,12202,16658,17562,17917,11620,16695
Slc38a2,13494,14217,13845,11226,16918,14558
Lamp1,15889,15897,18808,16364,17973,21079
Dhx9,18874,16921,16401,12628,9093,10139
Eif3f,14942,15655,13232,11459,14609,12508
Cdk4,15166,19705,14706,15589,13013,12331
Aff4,16670,14008,13091,24355,15570,15732
Vars,16967,17343,17723,16727,13302,12411
Nars,9307,12980,15252,13212,17017,21423
LOC102635048,13249,15098,14185,16120,15408,10027
Tpi1,6879,11011,12994,17890,19479,21579
Stip1,9722,16639,12588,11014,13064,14222
Odc1,16659,13527,19231,14946,14104,8856
Rps26,20335,16398,16132,13797,11721,13131
Tcf25,13414,12895,10461,15926,22659,14201
Enc1,9865,13186,9466,17105,19839,13938
Ddx21,15680,18622,18919,8704,10646,16386
Vim,20459,21983,20428,9809,13559,8495
Uck2,15422,12051,16074,13262,14306,15601
Cs,15564,12928,15197,14179,8763,13278
Rpl31,15081,17022,14381,13587,11871,12205
Pcdh1,12481,10278,11343,22052,13260,19734
Fkbp4,18487,16867,14876,14687,14859,12925
Parp1,17433,15664,17623,12086,15093,18068
Ywhaq,16257,10984,18846,12791,18610,16063
Sfpq,15152,20481,20071,15026,13373,10340
Rpl23,16412,18998,13229,18729,16381,13958
Mdh1,13445,15700,16770,15586,16510,14231
Gm10051,18390,11727,18053,11087,13322,9220
Snd1,10790,15521,9804,13096,15675,16986
Gm15772,14556,12347,15730,12802,16572,13488
Abce1,15806,15415,14348,13702,17151,11623
Arpc2,12152,16513,15685,13792,13370,16344
Srsf1,24612,15646,14386,11612,9801,12336
Fads1,12707,7204,8083,13088,21184,20282
Gm8451,13729,14479,14576,13783,16122,15501
Lonp1,11886,10213,9355,21769,16409,18001
Arf3,14222,11363,12134,16633,11424,15938
Cbx5,10068,13965,13749,12296,11099,16392
Atxn2l,14251,15446,14642,13773,15956,16900
Fus,16950,16776,20581,10507,12359,10967
Hnrnpa3,15000,13527,12429,11156,14080,15822
Got2,12511,13594,15819,12847,17898,13511
Gtf2i,13542,14565,13091,17175,9928,13467
Psmd2,15866,16565,17053,11598,10002,11278
Tnpo1,18208,14182,17777,17312,14430,15501
Fkbp1a,15926,11669,15603,12180,16447,14543
Ctnnb1,16000,14916,15600,10751,8549,12512
Ddost,20368,13767,12808,15122,18352,13838
Hnrnpf,14486,16105,19379,9505,11237,11174
Son,14100,18430,20052,11574,11120,12243
Ptbp1,12090,19705,11932,8445,9299,8853
Rpl13-ps6,18877,15842,15669,13296,15582,22681
Kif1b,14843,12650,12039,12663,24467,14790
Csnk1a1,14607,11630,9858,13017,14395,16681
Rrp1,16677,15591,19895,10854,16989,11891
Gm11478,13056,11703,13958,12890,13444,14264
2017-03-06 00:00:00,12596,11344,17364,16998,17238,10575
Ptges3,14549,13053,13194,14724,13867,12804
Peg10,7462,7620,7095,36190,19315,23249
Rpl13,14173,13761,10741,13670,10504,15168
Dkk3,19554,20457,14995,14877,11547,15367
Slc3a2,12785,12669,8571,13092,11324,18366
Actr2,13431,12625,12766,13973,12370,13823
Tcf4,12084,15271,16289,12935,18560,12118
Nono,13100,13435,16026,12528,13063,12991
ND4L,15414,13706,13594,16179,13749,18558
Cct3,17522,18218,16267,10136,9091,17007
Rpl10a,12743,20776,14307,12979,12554,12340
Atp5g3,14568,12746,15096,9790,7624,11784
Hdlbp,11010,13189,10714,12057,13105,15393
Gm8623,14287,14084,15631,13097,10806,9663
Slc25a3,17531,15681,14728,8748,11433,10986
Rdx,12493,15092,11597,17677,13702,16077
Tubb4b,14959,13059,12769,12985,9100,11922
Mrfap1,13125,11957,16771,10957,16670,13971
Eif1,13381,13746,9778,16079,12644,15337
Kars,11540,18094,13206,11980,7606,10770
Fbln1,10888,9280,12022,12424,17692,14594
Tkt,10025,8862,12922,12517,13848,14191
Rps18,16212,16778,14317,13260,9372,11712
Rps11,11884,15718,10416,10851,13905,14572
Naca,15846,17158,17161,12202,11507,9964
Rps16,18468,11775,13676,11118,12742,14610
Hsph1,15540,15781,12637,12497,7227,9441
Rad23b,12575,14488,16818,9511,10642,11912
Crmp1,11271,11686,10636,19559,14144,13661
Pa2g4,16299,15871,11751,8446,8029,9211
Ppp1cb,9406,11082,7025,14866,14396,11712
Enah,12064,13161,10722,20757,15554,10774
Mdh2,21279,13642,13165,8740,11644,9846
Atp2a2,13131,12429,14324,9306,13674,11194
Bag6,13092,12522,13843,9577,11638,9990
Uggt1,11002,12076,11504,8095,10855,11532
Sars,12320,11827,12448,12093,12071,14973
Hnrnpl,11862,14230,15337,16059,8964,11350
Cnbp,11874,13346,11960,9414,9961,9897
Srp54b,16518,16692,14947,11292,14672,12549
Rbbp4,12254,15106,14836,12238,9385,11700
Slc7a1,13764,10620,10895,15125,18222,13238
Prrc2b,18335,17244,14710,7491,10019,8856
Nsun2,15917,13723,13103,10575,8458,7305
LOC108167922,14977,13471,11717,15406,10563,14756
Nudc,21460,14768,14718,12894,8016,9055
Atp5c1,12882,12008,11244,8461,8687,13361
Glg1,8981,9293,12942,15329,11706,10225
Gm14586,10665,13721,14114,13686,12994,9122
Cyb5b,10464,8055,11713,16558,17147,10035
Rpl12,16297,11602,16983,10724,8127,13121
Bzw1,16444,14357,17710,11317,12397,11346
Cyc1,11462,14156,19498,11711,10584,8261
Ganab,9919,12106,9909,11769,12649,12326
Cd9,7982,13015,11607,16003,17916,19543
Gm13215,13234,13997,11634,12015,13671,11698
Ssrp1,13221,13301,13181,9325,12451,14312
Morf4l2,13859,12977,13786,10279,11226,11143
Rpl22,12760,12016,12240,10740,9549,9965
Pfkp,9121,10311,9570,19070,17135,14920
Rpl28,12555,11942,13322,12002,8184,6966
Txnrd1,15571,19330,19549,10737,9837,6373
L1cam,10192,8502,7041,14621,11711,16658
Rbbp7,14332,14503,10124,13076,8042,13404
Ddr2,13234,10240,7518,13302,15382,18661
Pik3r2,9873,7245,9336,15750,14399,18197
Rps7,11963,13112,12061,9714,9785,13308
Chchd2,9746,14434,14114,11276,11232,10393
Gpi1,10624,8820,13793,14615,12263,13961
Tagln2,9247,19416,13191,7838,11343,12499
Eif3l,10347,14969,10386,7529,8401,10538
Mapk1,14074,11331,13008,9626,12421,9879
Pcbp3,15219,12267,18408,11330,11247,8871
Stmn1,12609,11329,18315,9308,8622,9035
Ipo5,9695,13699,13040,9592,13157,13259
Gdi1,9452,10147,10380,9233,10244,16174
Mprip,9798,8634,11730,22348,13573,12705
Skp1a,14204,10528,14064,10138,9271,9636
Racgap1,21511,12593,13977,7149,8069,12212
Cacybp,14169,12634,12541,7300,7864,7573
Trip12,9944,10684,15022,14376,11337,12796
Clstn1,8099,8860,13083,12833,12526,15520
Lgals1,11105,12437,11260,12499,10277,13970
Pfn1,13254,15991,12356,9970,10101,11635
Wdr26,8870,10980,9789,11811,13329,11834
LOC108168233,12216,8160,9790,12436,10616,12259
Nsd2,10354,12317,10271,15380,11034,8431
Olfm1,11667,10443,9105,12209,10455,14037
Pcm1,14459,11700,10528,11066,11426,11424
Rps17,15638,13388,13507,11354,10221,9483
Hmgb2,13809,15203,13750,8391,12583,7279
Hnrnpa0,13855,9717,10750,13062,8625,13143
Cotl1,8544,5636,8176,14937,15035,10225
Rap1b,11784,13961,8156,9443,9194,13328
Ubr4,10387,10029,11767,13544,14068,8021
Tomm20,9808,13214,11875,7852,11121,9587
Tsnax,7966,9739,13131,12560,14089,10316
Chrna3,11192,9358,8966,13755,13928,12448
Csde1,11035,14337,11118,15750,8227,12115
Nefh,11421,8888,9361,10301,10343,8839
Cnot6,14878,12316,17883,9776,9712,13862
Coro1c,8374,9423,11999,11014,9838,8725
Emb,11093,12842,15809,7634,8640,10311
Rpl18,12775,13335,11666,9729,15741,12147
Aplp2,9195,9512,9492,12989,11957,15592
Rpl17-ps8,10260,11189,9300,10483,13347,12274
Pcbp1,14349,9351,10695,10856,10491,10691
Disp2,7901,7877,7209,20239,14339,13744
Psme4,9398,13526,9995,9772,13876,9993
Rpl30,9741,13558,13066,12202,10743,10212
Nfe2l1,9440,11694,9444,14591,11243,11445
Ndufs2,12344,12415,13958,10217,11137,9702
Hdgf,8895,10447,10657,10943,8485,10035
Mir6236,11203,7987,7926,17056,17958,19906
Eif4a1,13990,12658,12443,10923,10497,9174
Matr3,14294,13331,12555,11429,10676,12023
Ago2,10000,8753,8575,12523,12262,7813
Anxa6,9125,11172,9160,11451,14777,10328
Rac1,9496,12910,13885,12389,8843,9543
Maz,17807,9654,11444,11326,10567,13168
Nisch,10477,11914,10579,10725,10330,10660
Hmgn2,16954,11104,10428,8351,9622,7485
Srsf3,12215,13620,12904,8658,7904,7714
Rpl9,11979,10968,13088,8158,13004,10469
Capzb,8341,11652,13412,9656,8922,8420
Scarb2,9259,8053,7368,9221,14161,8613
Sv2c,11563,10525,10341,15584,11085,13202
Tars,8833,7583,10332,14015,8839,11134
Ankrd11,13356,10202,9307,11451,10550,9048
Lars,10723,9099,13849,9611,12215,10521
Nckap1,9104,14283,12276,10298,9667,11871
Tmem131,9708,11565,8747,14949,8790,12473
Gna13,9967,9893,9005,12246,9480,9593
Cd24a,11998,10320,12410,11603,11564,8407
Ptms,8872,9761,7498,18032,12773,9802
Actn1,9302,9628,10344,14992,6125,9017
Shc1,9956,15300,11391,13007,9064,7741
Ogdh,9608,7146,9110,10289,9463,8681
Sdhb,8513,10783,10985,9843,9878,9595
Sdha,10545,6943,11383,10607,11892,12453
Ccnd1,13040,13190,9840,11523,10155,5614
Yme1l1,8326,9493,11607,12435,8818,10981
Sf3b1,11681,15249,12992,10082,8945,11405
Rrm1,12482,12696,14984,7104,5972,7496
Ewsr1,10557,15040,11100,9479,10579,6145
Mars,12610,11120,12441,14515,10464,7300
Rpl7a,10304,13749,10585,10834,8555,8426
Metap2,14827,11289,11634,7445,8024,9192
Tardbp,11265,7748,12985,8111,7415,6950
Tmpo,14288,11697,13195,8001,7936,7854
Tubb2b,5294,4198,3846,18977,16427,15896
Ankrd17,9441,12623,12846,8415,9844,9743
Gspt1,13921,13635,13488,7473,10975,6534
Ppp3r1,10101,10328,10522,8623,9618,8973
Rpl37,11912,11470,11778,13301,12757,8117
Rangap1,12391,12837,11504,8620,11549,6977
Eif3d,8823,9663,10355,11565,10717,9648
Ctbp1,10639,15032,11723,11638,8039,11522
Cbfb,12873,13196,8670,7753,8878,8662
Vdac3,11667,9435,8542,7824,8796,11014
Naa50,10173,9258,10689,11923,8394,6803
Usp34,10270,9239,9714,7488,9147,9214
Shmt2,7693,10439,9455,10576,9866,10050
Ppp1ca,12239,10487,9411,10623,11959,8454
Rab1a,8389,9332,10525,9965,9610,8800
Eif4g3,7649,10425,12012,10527,14288,11101
Fau,10452,8660,11315,10257,9807,12133
Ttyh3,11187,9119,10843,11904,9309,9520
Rps15a,8028,8054,11430,10747,10272,12106
Yars,8005,8348,12469,7831,8873,10560
Gm364,8337,8344,12439,8139,10900,7774
Arid1a,8890,12555,9957,11538,13637,11183
Etf1,12528,12635,10056,6922,11749,11270
Sqle,5649,6572,5831,14393,11059,13264
Cox5b,9972,9265,10578,11734,7399,8964
Cyp51,7339,6130,7426,14431,10979,13981
Slit2,6994,9126,8688,9864,11764,13581
Rps13,11668,13282,11095,9534,8752,7390
Rpl17-ps10,8386,7712,8802,10028,10638,8559
Prep,9020,10354,10328,8696,6803,9517
Asl,5810,8180,7732,13193,11570,11829
Hcfc1,17312,13060,12746,6728,6312,9779
Pom121,10110,10654,6271,9769,7336,11498
Fem1b,8675,9248,8589,14602,13471,12600
Afdn,9921,7740,10766,9264,8720,8775
Dctn2,9052,11404,7678,12153,15187,10044
Eif2s2,9652,7815,12145,13323,8127,7486
Myh3,11818,8414,9496,12564,12076,14317
Rps19,8575,11234,11565,8676,9895,6465
Bclaf1,8508,13664,8452,5718,11185,5795
Dnaja1,9100,12667,12419,6909,13565,10387
Tln2,8475,12436,10963,9647,13646,7319
Azin1,12217,13213,10948,8748,10951,7718
Tomm70a,12345,10316,7066,9108,10726,10350
2610005L07Rik,7240,9730,6500,20497,13269,10715
2017-09-11 00:00:00,7566,12580,9122,11167,11713,12946
Mapk8ip1,7478,6963,6244,10743,9741,9799
Eif5b,14026,8546,13591,11489,6137,7577
Lamc1,5635,7839,7616,13441,8589,8561
Zc3h7b,10735,12372,11008,10024,7924,9914
Klhdc10,6899,10305,8837,12279,12329,12832
Gnao1,9267,7191,12474,12543,13473,13606
Csnk1d,7509,9460,9114,10069,9709,14906
Lrrc59,11032,12534,14922,6539,6764,9874
Rsl1d1,8123,12692,9777,10699,9694,7543
Stt3b,7810,6712,7558,11816,11847,9120
Sparc,8802,6203,7234,10694,13091,13688
Gm5093,12699,10428,13583,8778,9579,10171
Ckap5,9848,11130,9551,7612,7171,9573
Smarcc1,8940,10546,12442,7155,7470,9755
Ccni,5323,7058,8225,12878,14695,15756
Ddx39b,10702,12022,11428,7546,6713,7147
Lrrc58,9234,5949,9557,9751,12624,9682
Ybx3,11117,19051,11474,8117,12123,9753
Irs2,9835,11471,8928,10022,9283,7060
Dst,6959,9874,8675,11844,12708,7995
Baz1b,11591,10437,12537,6340,7709,6567
Rps12,10456,11264,9192,8631,8821,8495
Laptm4a,10284,11556,5125,12326,10407,10947
Khdrbs1,14565,14171,11568,6818,10241,11853
Usp19,9295,9615,8398,9840,9911,10038
Rnf4,8602,7950,10813,7304,9449,6119
Zbed5,10367,10748,8965,8361,5990,11109
Hmgn1,10123,10687,12000,8681,7154,9632
F2r,8427,11112,9190,9701,8738,11504
Rpl26,9785,7910,9282,8953,8195,10534
Uqcrq,7904,9202,9386,9411,7523,7092
Ret,11123,10412,10544,7438,8316,6503
Hnrnpul2,9604,9001,7143,11079,11799,12851
Smarca5,11132,12718,13144,6693,8115,10650
Trim44,8100,6863,9933,7442,7853,8291
Sf3b2,9150,8407,10963,7692,6318,8498
Cd164,7936,8833,7017,7990,9548,8585
Hnrnpm,10508,12609,12628,8389,8597,10342
Pank3,8430,8805,9247,8801,9890,6398
Lrp11,9553,8246,12138,7834,10565,12016
Tcea1,8754,10032,8025,8112,9357,9446
Asna1,7905,10467,9702,6889,9761,8746
Ube4b,9643,8674,11247,6808,9794,9629
Pten,6504,8434,5648,10152,7557,9168
Psma7,9361,10008,9698,10763,10342,8534
Sec61a1,8312,9703,8439,8276,10996,6309
Prpf19,6934,10294,6666,7162,6674,8641
Ap3d1,9074,7755,7509,9030,9744,9830
Ctsd,8367,7476,8427,9843,10688,12273
Cand1,9796,9355,10621,8212,7118,8382
Amfr,7659,8785,10981,12825,9389,16068
Rbm3,10814,12300,13581,6680,8259,8658
Ranbp1,9967,10265,9329,6473,5996,8774
Tnks2,8584,8694,10282,9321,9475,10808
Atp6ap1,7169,8325,8419,8519,10045,12978
Copb2,10454,12385,10412,6712,7314,8789
Anp32b,8631,11157,8718,5091,7379,12762
Atxn10,8855,11841,11710,8701,10897,6971
Ghitm,6794,6629,8965,10157,12104,15637
Mbtps1,8891,10319,9560,9017,8012,9808
Picalm,7954,8112,7416,11621,11494,10105
Sf1,11526,8763,8490,5354,7520,6205
Akap12,6810,9330,7502,10333,7188,8243
Rpl27,11032,11000,11809,10947,8784,7506
Ptn,7136,7199,5033,11223,14278,15415
Cse1l,12173,11822,14063,6682,6652,7989
Atp5d,10785,9475,9709,10908,9978,9278
Larp4,8864,8629,10555,9298,9699,8125
Rps20,8580,8509,10226,9888,9060,10568
Aes,9508,9160,12853,8276,11279,11638
Atp6v1a,8064,8770,8458,9626,9793,11047
Paics,10517,5728,9788,9091,8515,7509
Acot7,6549,9522,9144,11242,7704,9285
Larp4b,10006,10909,9263,9160,9014,8880
Cnr1,7516,7546,6100,15190,12465,19495
Hint1,12047,10694,10184,10568,9721,6804
P4ha2,7337,7870,5876,7877,10767,14625
Rps21,7296,8916,10165,7907,8177,7409
2610507B11Rik,11063,9166,7321,7865,13466,9233
Surf4,9076,10171,11326,9202,8495,9035
Mif,5106,6646,7507,15631,10571,7995
Hdac2,10415,8463,7890,7029,8406,7290
Tpp2,7445,10043,10890,7077,6031,8674
Hnrnpc,7462,7462,10580,9642,8060,9040
A730008H23Rik,9230,10407,10502,6325,8726,6324
Ap2m1,11377,6981,6905,8230,11185,8714
Polr2a,10184,11221,8621,8458,6891,6885
Srsf6,11485,10955,11987,8875,8110,7055
Tubb2a,6860,4530,7425,17277,10382,13483
Prmt1,13779,8762,10782,9131,7081,8984
Laptm4b,6956,6471,7437,10221,11780,7274
Erbin,9656,6830,11145,7599,7132,7213
Dcaf7,5965,6966,6403,12936,9778,10618
Eif5,8948,10313,12290,7035,6581,6778
Elavl1,9845,11188,8140,9767,10960,9178
Xpr1,8783,7467,8213,8576,9694,8139
Rps14,9358,8872,7927,10141,8765,5471
Ddx1,11358,12028,7650,9293,9412,8225
Usp7,8661,13384,8667,6076,6660,10039
Eif3e,8476,7845,7247,8366,10625,8092
Nucks1,11480,12017,9347,6881,5790,8391
Psmb1,9836,10810,11584,10129,8011,7972
Atf5,6700,6019,5803,11442,14111,14963
Plxnb2,9019,7059,7584,6194,6351,7607
Oaz1,9520,8527,10794,7358,5572,6425
Actr1b,10347,10673,8743,8110,7465,7555
Iars,7417,13243,10812,6877,10061,9372
Idh3b,6647,8627,10244,10797,9662,9099
Arcn1,10411,12251,8788,9922,9078,10697
Uchl1,9032,12608,9028,6444,7175,7980
Sf3a1,9971,7578,9537,8052,7522,5592
Psme3,7389,9014,8373,4704,7222,7966
Hif1a,7202,9948,6269,8229,10986,8582
Tfrc,9369,12311,10173,5408,7045,6649
Herc1,7057,9033,7024,8725,8342,9715
Noc2l,6686,9980,9973,7437,6244,6685
Mlf2,8393,9906,10338,8650,9001,10418
Nomo1,11031,8388,9015,7124,8030,9238
Sdpr,9955,14273,10290,7158,6834,8545
Vps35,7575,6893,11489,9476,9087,9978
2017-09-02 00:00:00,8886,6511,8250,7447,7721,7413
Atp5f1,10635,9490,11939,10267,10587,8350
Scaf11,5653,11883,8027,7657,6533,8519
Nup93,10446,9780,8726,6234,5754,7108
Uqcrc1,10492,9395,9816,8381,7430,7871
Ahctf1,11359,8393,9763,6490,5435,7580
9530068E07Rik,11183,8102,6357,10450,7207,10345
Rab6a,10264,6995,10499,10007,6711,7961
Ptp4a1,9022,7147,9910,8869,7257,9246
Prkaca,8804,6443,7026,6940,7947,11446
Cops2,9528,7497,7984,8457,12590,5794
ATP8,7070,10712,7681,8692,11586,9074
U2af2,10174,10110,8236,6932,5103,9192
Fkbp8,10271,8990,9239,8434,6846,7434
Pum2,12865,13263,7127,7448,9508,5825
Marcksl1,7961,7317,6040,8428,7815,9157
Iqgap1,9685,8194,12595,6807,7446,7354
Flnc,5648,5944,4877,9691,11443,10771
Myh10,10398,6577,7142,8194,11167,8267
Msn,9431,10010,9113,6393,9694,8231
Dnaja2,12141,11343,8209,7357,8930,6111
Zkscan17,6251,6150,10851,7299,9446,10261
Pgk1,5163,4862,5788,15775,11868,9304
Actn4,9561,13245,11482,8123,7008,7219
Ap2b1,9268,6674,9410,9059,8650,10592
Psma6,10794,7922,13012,6946,5657,8843
Adgrl1,6217,8471,5501,9198,7508,9350
Rps8,7405,8238,10013,7331,5954,10232
Csnk2a1,8617,6974,8367,10127,8472,8497
Ina,6257,9259,7147,9644,10453,15402
Cd151,6046,7166,9773,8471,9510,10895
Ak2,12233,10709,11330,4397,5282,5278
Tmed10,8697,7385,5870,7365,10005,7651
Midn,9011,7896,8616,8604,6481,8738
Dusp4,6813,5831,7208,7266,9565,11193
Smc1a,11030,10722,11155,6949,7067,10787
Rtn3,6551,6328,4738,11140,9276,7237
Ccnb1,13412,13681,12324,6950,6188,4864
Kdm5c,6733,6463,8141,7620,10034,8325
Plod3,6787,7253,8889,4814,7341,8865
Nipbl,8898,9284,9191,7706,7581,6725
Cadm1,6771,7804,5317,9472,8501,6951
Oxct1,10429,8214,10436,5224,7715,6820
Raly,9182,8528,8709,9224,5407,8262
Mtpn,6592,6196,6773,8144,6500,10592
Birc6,9383,9316,10938,9060,10317,6477
Cdc42bpa,7274,4879,7690,8154,9449,5621
Ncor2,9822,8552,11154,7874,7732,8240
Gnas,7892,11146,10695,5855,7011,8327
Smc3,8637,10874,7684,7486,6525,7517
Lin7c,10325,9588,9533,7993,6298,9510
Ppm1l,8727,5405,5831,8901,9496,14122
Tnks,11164,8451,7753,9065,7965,7122
Clic4,6524,5995,6283,8689,8549,7377
Anapc1,9322,8791,10729,9266,6155,5985
AI314180,11211,8331,7383,8138,6606,9390
Kpna2,9695,5514,10708,5937,10009,5348
Ap1b1,6509,9075,5914,7824,9380,7394
Sez6l2,5953,6285,6174,13929,8158,7539
Nfib,8164,8679,6021,8453,7666,6790
Gnai2,6234,6117,5781,9361,8940,6765
Tmem30a,5136,7761,6852,7402,8001,9516
Saraf,4684,6570,4973,11173,10788,8184
H1f0,8423,5057,9078,8460,11934,7565
Mcm2,9226,7764,8711,4518,3427,5686
Neo1,6919,7137,9417,7256,10503,10501
Myl6,8793,7516,9782,8780,7315,4911
Rnps1,10064,8945,9158,6735,5283,6551
Cbx3,8001,7579,9503,8055,6310,7826
Rhoa,8946,10560,8485,8575,4792,8379
Ap2a2,6294,5297,11219,10944,6576,7908
Rhox5,7535,6328,8791,9731,10229,7606
Taf1,6611,6688,7166,7119,6299,8222
Slc1a5,8087,5188,7063,8669,6192,7670
Prnp,5050,4574,4780,7308,11219,12368
Aamp,6728,7618,7596,7946,10094,7033
Mcm3,10384,8740,9975,4773,5951,4569
Atrnl1,6226,6878,5899,6826,6987,9657
Mcm5,13042,14384,13353,4012,3501,3360
Ddx17,5469,8780,7238,8246,7901,8068
Ssr3,6095,10366,8419,8016,8953,12455
Mapt,4574,5941,4641,10867,8910,8961
Samm50,13850,8705,8648,5431,7538,5620
Nsg2,9651,11030,7480,7350,9004,6598
Psmc3,9060,10414,11614,9089,6044,5049
Slc2a3,7355,8928,8654,8822,9814,8743
Lrpprc,11987,7982,8157,6493,9384,8104
Brd2,7544,5450,9228,7165,7211,10314
Rps29,8018,6977,6648,8918,8352,7474
LOC108168114,10384,8589,6678,5466,6495,6639
Atad2,11673,11716,12181,6595,4751,5048
Rbfox2,7271,6203,4742,8024,8873,9848
Ireb2,6558,8527,11788,8944,7770,9724
Slc16a3,4604,2662,3901,13808,13054,12004
Usp22,7544,4898,7552,8338,10310,7838
Nop56,10441,11167,9303,5491,5867,4368
Hnrnpul1,9079,8083,6330,8318,7515,7241
Sec63,5010,7324,6182,7803,8931,8854
Nfat5,7410,8417,5672,6444,7059,6641
Egln1,5526,6908,6666,10253,7942,6892
Arfgef1,8398,6756,6480,5974,7329,10053
Strap,9359,8558,7186,7500,7718,9482
Phox2a,9191,7265,12940,5295,4560,5429
Ncor1,5631,7607,6168,5666,8312,7596
Cbx6,7680,7682,6440,9224,7297,8489
Aldh9a1,5421,4581,7918,9140,8509,7611
Baz2a,6487,9013,10768,9985,9014,8020
Psmd1,7986,12577,6666,6211,6138,5488
Idh3g,7162,8292,4968,6483,6795,8101
Dynlt1b,5115,9090,6866,5076,7956,6766
Snrpb,11340,11807,9486,5767,6006,5020
Col18a1,7181,6654,6829,6539,7071,7672
Ubqln1,9638,9446,7166,6387,4513,6816
Tra2b,12554,9391,7010,4075,7798,4885
Iqgap2,6526,4983,7583,5936,7529,8852
Uba2,6333,7488,8017,6104,6159,6305
Poldip3,6514,6934,6830,7520,7619,7102
Dynlt1c,6186,9253,7770,10278,5392,10892
Lgmn,6496,7232,9249,9711,8796,5587
Sub1,7291,8527,7447,6278,9042,7243
Rps6ka2,4494,5938,10272,9775,7555,7817
Phgdh,7475,5632,6663,7378,7775,7149
Asap1,5342,10027,7854,5536,11383,6938
Atp1a3,7058,10729,4579,8852,6563,9757
Ube2d3,7472,8145,6812,6118,5825,7609
Rpn1,7648,7820,8090,5386,6456,5965
Rgs4,3981,4957,3574,8801,10218,14172
Phf10,4696,4273,4519,9301,7937,9411
Prune2,3892,4193,3951,9511,10307,11140
Phb2,6061,6400,6925,5912,5762,8081
Dnmt1,9585,10481,8790,4894,6099,5143
Supt6,10670,7992,7796,7704,8531,8797
Ppm1g,12298,8033,9249,5245,8056,8189
Atp13a3,10035,7068,6553,5959,9406,9008
Atp5o,9575,6483,8165,6169,5884,4253
Dhx15,7481,7324,7350,6417,5662,5981
Bmi1,9311,8892,8499,8150,9669,5171
Trap1,7602,7226,10543,8790,8249,7239
Igfbp5,1686,2124,1777,8053,15172,18219
Ivns1abp,8426,7643,9622,6812,4621,6684
Puf60,8010,7772,7551,6969,8090,5751
Dusp6,5741,5735,6821,9935,9405,10437
Etv5,6304,6119,6202,6738,7073,7808
Ptpa,6419,8921,6253,6781,7398,8349
Gap43,4159,3117,5596,12877,9322,11898
Sec14l1,9114,6876,9109,10986,8784,8375
Smarca4,7767,8875,8862,8106,6989,5183
Pfkm,5545,5793,5824,8987,7812,9082
Tln1,8530,7857,8501,5574,6756,6828
Gsk3b,6908,5855,8282,8082,7524,9491
Syt1,4955,6829,5609,5722,9185,12196
Foxk2,6284,6592,7504,7270,7904,8817
Snrnp70,9466,6931,8345,4966,9621,7559
Cad,9920,9706,6442,4546,4472,5300
Gm12504,8303,9587,7677,5782,5940,7020
Celf1,10254,8269,8654,7118,5019,6384
Kif5b,7180,8156,8716,6896,4847,6718
Cd81,5290,5402,5145,9706,8375,8139
Tmx4,6104,6155,5398,8121,8187,9289
Copb1,9705,6855,7833,7154,4967,9530
Cdc16,5393,5534,7981,8768,5431,7117
Vat1,4537,4960,5694,8732,11473,12640
Fbxw11,6144,8017,9413,6805,10002,6361
Ptpn11,8195,6801,7397,5812,6766,6765
Rpl37a,8803,6751,9708,6406,7317,5124
Mtch1,9873,8974,8466,7489,5344,6811
Utrn,4861,6642,10716,10637,10870,9303
Polr2b,9635,8630,9313,5464,5897,6019
Smc4,8226,9412,14110,6387,6825,6308
Ncaph2,6737,8573,6411,6278,6665,7816
Anp32e,9415,8484,6939,6499,5355,7272
Pes1,6915,7071,9001,4791,4421,6769
Spred1,4723,9274,6771,7844,6793,7756
Pigt,6009,6489,8227,8538,13021,9574
Tecr,4228,4847,6485,6080,9693,8779
Api5,7327,8506,9679,5549,6832,5653
Tead1,8165,9386,6720,5320,6594,4660
Khsrp,8056,5968,7681,6525,6761,5678
Ube2s,11421,10765,10144,5790,6724,6719
Plec,6129,6210,5821,7751,6840,6174
Parva,5246,9758,7036,7941,6369,5664
Swi5,6426,8264,9307,6937,7352,5823
Dynll2,5720,6631,6806,8012,7948,6379
Atad1,4866,7526,6427,7513,7649,6580
Ncapd2,9674,11145,11325,5619,5473,3974
Rps15a-ps5,6371,6740,7889,5380,7575,5282
Cep170,4672,6947,5208,8186,7175,5983
Sumo2,9242,7464,8473,5068,5940,5984
Zfp106,7031,8407,7330,6331,7134,6406
Numa1,8073,5947,8189,6489,6207,5747
Thsd7a,3531,3363,5326,10898,10422,9783
Fam91a1,8119,5025,9061,7917,7118,6470
Uqcrc2,7393,8132,7673,5967,4975,7056
Rbm39,8815,4813,6372,7089,6468,6761
Gm12669,7503,5798,8244,5549,7095,6964
LOC102634709,7560,7378,7419,5181,7172,7091
Stox2,6194,5419,7418,10594,8931,6544
Prdx1,6516,7852,9134,5055,4748,4693
Ppp1cc,7043,6148,8847,7290,7570,6040
Nup155,7888,7632,7278,5450,6404,5092
Coa5,7336,5233,6967,5118,6594,8166
Nsa2,5009,6766,6572,8449,6083,7024
Kdm1a,8767,7508,5731,8158,6651,6802
Setd5,6195,6936,6638,8790,7240,6923
Snu13,6377,7887,7538,7524,6876,5191
Rps27rt,5260,8832,6814,6201,6048,7482
Gpm6b,4307,4909,4063,9241,9917,6865
Aldh18a1,5788,6939,5886,6814,6791,6967
Aldoart1,4399,5359,3789,7955,11111,12839
Wwc2,8771,8683,10312,4296,4482,4045
Hnrnpr,6938,6840,8522,4924,5425,7335
Fbxw8,7300,4210,7448,6253,7960,6188
Nploc4,6578,8376,9549,6114,6262,4889
Cyth3,8245,8147,8869,4465,3561,8330
Trp53inp2,4398,5189,3550,8733,9632,7518
Gm4737,13024,5839,10590,4535,6678,4188
Dynlt1f,5834,8086,6630,4966,4321,9741
Erh,7101,6566,8069,4931,6033,5568
Drg1,5788,6734,4630,6424,4915,9043
Ccdc50,7567,5649,6047,7310,5750,5851
Sumo3,6004,7844,7457,7231,4179,11182
Ptprn,5219,5670,6496,8892,8959,7542
Aplp1,4082,4774,4572,8989,10921,10813
Dynlt1a,5831,7137,8386,5956,7305,6756
Mat2a,6386,8243,6949,5507,9939,6729
Mcm7,8415,11420,8391,4141,3900,4987
Srp72,4370,6977,6706,5637,6865,6396
Adam9,4927,6252,5604,7686,8167,5645
Nudt3,6324,8432,6413,6530,5062,6982
Srsf2,9103,8702,9056,4298,4535,5660
Ero1l,3077,3416,2245,8558,7942,13443
Ash2l,5252,6847,5486,7672,7184,7288
Anp32a,6510,6323,7690,8321,7371,7916
Ccdc47,6532,3386,5015,6291,8017,7435
Spag9,6730,6867,7031,9919,6119,7217
Rpl17,6385,5321,5981,6464,4761,8099
G6pdx,6609,8804,6483,6336,4774,4366
Cox8a,8112,9874,8150,4450,6973,7073
Tspan7,4430,3927,4725,8519,6776,6372
Hsd17b12,5057,7263,6713,8438,6950,7784
Tnpo3,6181,7032,6366,6044,5554,5959
Cul4a,8496,7084,5699,8132,8558,3356
Pafah1b1,6796,5329,6191,6969,5527,5606
Dazap1,9594,7837,6795,6593,6665,4463
Fubp1,7005,7854,7423,8041,4595,6749
Cdv3,8789,9496,6219,4911,5359,5621
Maea,5952,9589,7089,6738,7516,9009
Capza2,6810,7404,8092,5201,5900,7522
Ahcyl1,10259,6170,7161,4645,5096,6708
Gls,7672,9786,5340,5410,5889,6175
Nutf2-ps2,7166,7714,9821,5743,5303,4963
Cttn,6232,6277,4640,7975,6545,6459
Pds5b,7803,7499,7667,6490,6505,4990
Chd1,9763,8518,8023,5525,5631,4882
Srm,7524,9295,9453,4755,4896,5515
Sbno1,5045,6267,6135,5371,6857,7900
Eif1ax,6840,7072,6592,5908,4876,8188
Tnpo2,6326,8721,7791,6428,6222,6405
Scg3,5424,7011,6541,5210,5472,9391
Srp68,8504,7256,5606,7677,5328,6117
Amd1,8288,8221,7466,4784,4696,4189
Top2b,7593,6320,5713,5008,4786,3880
Hnrnpdl,6847,9973,5251,5205,4725,3599
Cds2,6122,4805,6437,8305,11649,8854
Nup188,10600,7442,6477,7979,7764,7476
Pcna,10430,8414,9200,3570,3983,6515
LOC108168304,6921,5957,6936,5428,7398,9003
Ssr1,7084,6954,5481,7380,5232,5169
Nup205,11239,8175,9610,4507,5406,4359
Sdf4,5016,5381,5272,8627,6573,9637
Arhgef2,4690,4745,3693,8959,8901,8000
Tmod2,6820,6369,6684,4968,5915,4774
Ncam1,9672,7828,8738,3639,5362,3762
Morf4l1,6251,6062,6151,4914,7485,7635
Rnf149,7831,7257,7354,6979,7076,4911
Pi4ka,6105,7257,8717,7419,6115,6109
Eef1d,7542,8945,8385,6124,4904,6283
Mthfd2,6195,6567,6371,5167,7957,5303
Tpx2,6604,7766,7619,5055,5102,3957
Dbnl,6733,6743,9428,3165,7154,8298
Ubtf,8605,10219,6812,5585,7401,9323
Cops5,5631,7859,4731,6068,5294,5987
Clcn3,5313,4728,6928,8939,7932,7736
Eftud2,8687,7661,7066,5607,4987,4828
Dnm1l,5254,5834,4321,5336,6302,6811
Pds5a,7063,6440,5327,5883,6553,6131
Park7,5566,5065,5288,4879,6956,5015
Atp6v0a1,6765,5558,3723,6724,9728,9539
Serinc3,6827,3580,3938,7288,10306,7727
Chchd10,6986,4403,4369,13451,11404,8682
Rpl39,6330,8563,8853,5395,6769,5426
Abat,5081,5292,4387,7510,5979,11228
Frmd4a,8665,7329,7649,4353,4509,3965
Srsf5,7225,5961,6895,8029,4645,5903
Derl1,6597,4285,5180,6366,7905,7222
Ppp1r9b,4944,4554,7506,8098,6844,8488
Tenm4,4437,3112,4653,10669,9078,11168
Mtdh,6639,6415,4719,5095,8530,5556
Rpl36al,9268,6031,5526,5096,4870,3590
Inpp5f,7499,8278,7239,7738,4812,3794
Top1,6356,7134,10151,3778,6103,4860
Msmo1,3854,3358,3360,6857,9978,7688
Stt3a,7725,9159,8241,3984,7055,8121
Amd2,7615,8569,6854,4313,5234,8759
Ptprs,4953,4606,4108,8088,8698,10067
Atp5g2,5812,8790,6105,5095,7348,7474
Mapre1,4788,8834,9044,5973,6029,6224
Nap1l4,8350,6313,6527,5730,6074,5686
Sec31a,8099,7573,7253,6154,5062,6503
Ube3c,6294,5704,6520,6232,4443,7284
Wdr75,7563,5860,8835,4986,4990,4988
Dhcr7,4496,5183,3782,7799,10096,10009
Hap1,5387,7589,6887,8342,5687,7112
Cox7c,5918,5423,9145,5978,5274,5698
Mib1,6187,6987,7409,7514,7940,6004
Tenm3,8011,4896,6067,5189,7107,5978
Usp5,5044,7811,6340,6178,6710,5968
Vdac2,8210,6587,6992,5855,5850,5745
Aprt,6074,6505,6522,4688,5314,7748
Kif5c,5071,7698,5074,5796,6644,8956
Stx12,7808,6255,5281,4573,4698,5729
Chtf8,6535,6382,6039,4964,5425,6061
Tpm3,5796,8597,5163,7720,7246,4145
Psmd3,6822,6931,12339,5291,6084,4785
Ppp1r8,8034,7920,7960,4402,4815,7766
Fam168b,8080,6544,5913,6770,6562,5266
Srsf10,6567,8202,6227,6633,6276,4740
Slc25a39,6244,6486,7268,9558,6162,5895
Srrm1,8047,8134,5513,6019,5932,5132
Psmd7,6189,5865,5803,6543,4380,6117
Arhgap11a,9014,11728,10235,4135,3709,4107
Nacc1,6476,6357,6450,5059,5376,7918
Ndufa4,6298,9424,8012,5751,7144,6035
Rps2,6761,6689,7565,4801,4906,5224
Cyb5r3,6577,6221,6526,4672,5423,7316
Rundc3a,5595,5337,4977,9488,6141,7357
Usp10,6337,8592,7686,5153,5412,4568
Gpx4,5671,5708,6421,5229,8636,5823
Glyr1,8077,7127,6923,5362,6532,7393
Usp47,7585,5589,6789,6095,5029,5507
Ergic1,7022,5532,7469,6117,6410,6684
Hp1bp3,7888,6627,6465,5242,7553,6023
Unc5b,8888,7873,8952,5556,3133,4412
Papola,9835,4746,5319,5009,3399,6818
Syncrip,6094,7734,5272,6090,4952,5121
Ptp4a2,6824,5011,6766,6493,5560,4334
Pgd,6346,9427,6002,5040,5401,4374
Dld,8333,5793,5151,7729,6789,5234
Casc4,8684,9482,6861,6786,4393,7219
Agfg1,4312,6900,7832,7160,7340,7216
Farsa,5799,7503,6600,5440,5331,5451
Scrib,8101,6639,6849,4965,3986,4524
Por,6635,5660,6263,3558,6795,6930
Adcy6,6385,6069,6204,6299,6242,7065
Sdhc,6248,4533,6435,5635,6783,8620
Drosha,7082,7779,4733,6845,4169,6962
Rfwd3,8159,5944,8372,7856,3961,4514
Rere,5709,5556,5059,6533,9775,7236
Ehmt2,7620,3958,9271,9397,5173,5138
Ptprf,4178,6813,5567,5869,6350,4323
Pafah1b2,7220,7357,6736,7157,7279,5496
Eif2s1,6085,7726,7294,6148,6725,4194
Gcn1l1,7972,7119,6990,3959,6802,4773
Pdcd6ip,6095,5975,10026,8150,5186,5214
Prpf40a,5641,6820,6357,4537,6137,5578
Sod1,7373,8530,8334,5175,5957,4636
Uhmk1,5554,6099,6589,4754,7208,5248
Itga6,3374,4353,3753,7198,9777,7164
Tmed7,4518,6819,6913,4930,5463,6138
Basp1,5181,5015,5566,6455,5822,4700
Xrn2,7400,7076,6586,7101,7122,5285
Clint1,8276,7174,5811,4216,4236,5480
Arid2,6020,5685,6705,7263,6696,6571
Mtmr3,6989,8862,10760,6893,7248,5781
Ap1g1,6126,5683,5997,6934,4843,7840
Copz1,5639,7746,6467,6983,6078,5741
Stom,4383,4777,3582,9572,6904,8069
Arpc5,7116,4143,11067,7158,8181,5096
Cpt1a,5040,5618,4170,5533,5680,5484
Cops3,6246,7835,5911,4201,6178,4051
Gtpbp4,6375,7587,4704,6659,5306,4509
Zmiz1,6790,5735,7627,5895,6735,4107
Cdk16,4689,5787,5707,8866,7262,5442
Dnajc7,7451,5043,6734,5921,6748,7025
Tfdp1,6697,6026,7229,4670,5035,5313
Ttll12,7535,6672,9250,4288,6763,4824
Wars,4537,5457,6792,4709,6143,8842
Agrn,5063,6298,5904,7678,8729,7055
Pxdn,6128,6098,3538,8329,6824,6150
Sp1,5640,7340,5196,5729,6160,6617
Rock2,8595,4862,6133,6989,6152,5433
Arih1,6725,5159,7432,6632,4014,3915
Fgfr1,7618,5100,3393,4769,7722,8447
Me1,7061,8089,7971,6364,6730,5519
Grsf1,5160,4618,6222,4982,8438,5842
Zfp706,5388,4393,7757,6406,6730,6980
Skiv2l2,7463,6830,5624,5638,4462,8731
Abcf2,7125,8698,6176,4655,5774,4510
Islr2,4697,3514,3880,7195,6030,7861
2310036O22Rik,6829,6899,6463,5834,4165,4438
Stx16,3782,4145,4580,9834,7183,6098
Psmd13,6928,9318,5296,3927,3782,4405
Stard7,4563,7697,8654,4761,6591,5794
Ciapin1,6943,6831,7205,4700,5901,6449
Psma1,5845,6624,5774,4284,4931,5612
Slc25a1,3725,4077,2937,8377,6297,10167
Phb,7167,7659,9248,3946,5616,4663
Dlst,6835,5827,4329,6632,5439,3834
Kdelr2,4921,5471,5238,6842,8377,6243
Leprotl1,3093,3498,3384,7453,6828,9612
Mcm6,6852,8341,7298,2926,3493,3249
Rtcb,4063,5118,6403,6071,5417,4537
Trib2,4267,5931,5957,6726,5637,8664
Tm9sf3,7881,4109,6289,5242,5976,9714
Dnajc5,4286,5740,4214,8431,6602,5428
Arvcf,6087,5957,6876,6228,9772,7280
Man1b1,4496,7137,7167,4947,5810,6849
Snx3,6356,5777,6965,6457,6484,4747
Psmc1,5993,4893,9788,4122,5642,5531
Pdia6,6215,5357,5196,6738,4507,4328
Copg1,6665,7352,5255,5521,5364,6562
Ahcy,9851,6823,6253,5979,6506,4693
Gtf3c1,6080,5474,5262,5968,6876,6258
Smc2,8249,7298,9095,2777,4414,4506
Ogfr,4786,5651,5938,5307,5132,5119
Dars,7019,6086,5890,5683,7175,5501
Pdap1,6131,4890,7922,4778,5329,5426
Dynll1,7310,5680,6216,5165,4616,7130
Bop1,7554,9100,6895,4462,3639,2920
Ep400,8013,7564,5238,4384,5794,5083
Cox6b1,4475,6273,5059,4772,5611,4233
Dhx38,6236,6021,6320,4111,5462,4374
Eif3i,7736,8387,5649,5024,6510,5667
Pacsin2,5947,6153,6215,5964,6121,5851
Emd,5194,4884,6417,5450,4493,4947
Gemin5,6791,6982,7750,3684,5178,4828
Uhrf1,6111,8865,7222,3400,2431,3202
Aldh1l2,3686,4749,5090,7182,8591,7880
Scd3,5210,3089,2727,8736,8240,6182
Ubqln2,6825,6116,6315,6547,5236,5745
Ppp2r5a,4278,4939,5248,6667,7970,7372
Fbl,6236,8928,7684,4772,4355,4971
Sae1,6017,6784,5724,4224,5301,5015
Gm5593,9429,8254,6833,2958,3211,4188
Uso1,5042,4930,6561,4256,6430,5210
Ruvbl2,5615,6022,4651,5929,4618,5112
Ngfr,11179,9023,9764,2039,1612,2358
Ddx6,7162,3268,4701,4453,5137,5835
Ppp1r15b,5054,6291,3876,6842,7151,4689
Cdc34,5101,6238,6316,4805,4867,5236
Ebf3,3803,4855,4532,5785,9232,7470
Noct,4160,4436,6694,5613,6536,7932
Atp6v1h,3871,5820,4203,5810,6980,6749
Hs6st1,6274,5728,5626,6298,6817,5376
Pja2,4928,4398,5620,6115,7625,5491
Slc36a1,8589,8063,8113,3400,3354,3408
Hsbp1,7476,5457,4900,5806,7185,4614
Pmpca,7552,6154,4558,5157,6775,4060
Stmn3,4379,4160,6146,5587,5115,6736
Inppl1,7875,6582,7701,2850,4211,4264
Nop58,8885,5771,7731,3796,3107,3461
Fxr1,4925,5997,5914,5215,5486,6801
Shprh,5488,8217,8089,5074,4183,4635
Atf6,4209,5008,5123,6499,8804,6528
Ddx23,4717,5939,7131,4791,3815,4197
Lims1,7550,5278,5168,5083,4637,6615
Bmpr2,3690,5160,6830,4759,4142,4937
Dync1li1,4370,5678,4554,4382,4672,6817
Stag2,5849,5472,6584,4573,5992,5241
Zfr,5412,5141,4703,5711,4905,5502
2017-09-09 00:00:00,5978,3746,5632,5668,5108,5083
Mcm4,8501,6986,9336,3956,4163,2449
Trim35,4337,3934,4259,8890,7996,7940
Kat6a,7373,5475,7133,5271,5758,5316
Opa1,4062,7395,5477,5466,5823,4775
Smarcd1,5818,4594,7864,4993,5645,4447
Kmt2d,5089,4592,5624,5482,8408,4471
Ola1,5750,6245,8989,4684,6846,5513
Bcat1,6009,4869,6574,4986,6236,6069
Sbf1,4464,5118,5223,6017,7368,5161
Paip1,4826,5590,4421,6512,7536,5775
Cenpf,8666,7543,6964,3310,4116,3111
Nup98,6792,5574,9108,4408,5069,7477
Ube2m,5482,7285,4943,5918,4516,4867
Cpsf1,8890,8014,4639,4823,5763,4277
Trrap,8631,4783,6011,5776,5088,4171
Ubr3,4416,5484,7212,6428,7650,7097
Dstn,6028,6738,5332,5576,5458,6133
Rlim,8479,5211,4619,5378,5980,7052
Aqr,7447,5434,6211,5937,4802,5056
Ctsb,5464,4876,5050,5499,4482,5261
Selenot,5019,6033,6383,6258,4663,6252
Atp6v0d1,4701,4358,7279,5025,7280,5660
Mfap1a,5232,5689,5292,7754,6315,5201
Mfn2,4953,5853,4710,5159,6470,5946
Cst3,5657,4419,3983,8263,4785,6726
Nolc1,7195,8542,5648,3186,3696,4463
Purb,4644,5656,4960,5766,5551,7007
Gtf3c4,5050,7474,4727,3766,5804,5474
Xrcc6,5365,6379,6153,4592,5592,7998
Pitpna,4647,4210,5229,5685,5370,5235
C1qbp,6280,7595,5707,5389,4420,3633
Rab14,6598,6062,7088,4939,6279,5466
Cggbp1,6098,6781,4166,5281,6285,4275
Nup107,8256,6505,8871,4143,2700,3317
Gm15210,6978,7674,6666,4447,4229,3665
Acat2,5258,5558,5446,5190,4897,7887
Ykt6,5931,4961,6047,5076,4240,5382
Smg7,5457,7213,4689,5145,5939,5641
Hip1,6713,5116,6526,4842,4935,4494
Myef2,5385,5488,8114,5145,2803,5228
Acin1,7692,6485,4184,3513,5177,5021
Bub3,6656,5959,6727,5880,4951,5291
Rnf10,4787,5842,5352,5758,9154,5498
Ube2i,5732,6004,5923,3860,4739,6069
Limk1,5151,6121,6254,5614,5298,4379
Rrn3,6175,6928,5777,5067,8508,4144
Tmod3,5518,6251,5824,5744,5538,4234
Rab7,6469,6139,6523,6654,5484,7043
Rpl35a,5072,6780,4888,5001,6185,6549
Ldlr,2626,3421,3664,7768,6986,7373
Gapvd1,5118,6788,5392,6681,4905,4562
Kpna4,4233,6780,5239,6384,4018,4120
Eif2b5,5713,5899,5216,5667,7632,4876
Rps28,7397,7442,7854,4890,5529,7658
Nfatc3,6579,7830,5016,4458,4973,5499
Ssb,4733,6887,9443,5312,3948,4857
Glrx3,4797,4266,4117,6142,4916,5159
Plxnd1,8557,6726,3986,4892,2657,6058
Ints1,6431,5945,5326,3382,6820,4778
Psmd12,6280,5999,4962,4316,3872,4870
Bub1b,9202,8096,9492,2960,3456,3195
Mon2,8962,5454,6232,5209,5682,7786
Psmd14,7424,7832,4816,4817,5875,4888
Ap3b1,5257,5390,4916,5638,5728,5221
Supt16,7104,6701,6263,4044,3827,5430
Tnrc18,5451,5605,7815,6869,7574,5401
Ipo9,5799,7463,6610,3749,6078,4299
Ythdf1,5093,7593,6436,4859,4019,6428
Brd1,5781,6411,6275,4431,5707,4938
Furin,5228,6176,6428,5237,5239,5005
Actr3,5823,6044,5855,5269,4581,6497
Lrrc47,6338,4285,5299,4774,5155,4955
Bmpr1a,8517,4337,5650,6161,5789,6373
Ctnna1,4955,6941,5964,5606,4418,4210
Rpl35,6022,5829,4799,5780,4732,5192
Ube2n,5896,8354,6127,3720,4668,3882
Rpl36,6373,8088,4663,4971,4737,5066
Arf4,6884,4595,4181,4509,5751,6096
H3f3a,4991,5771,5348,6852,6216,4804
Ppp2r2c,3779,7271,4785,7010,8871,6425
Secisbp2l,2965,3482,4694,6478,4741,8479
Fam20b,4657,5910,4939,6245,4512,4795
Hk1,5768,5045,3989,5426,5264,4240
Srrt,7055,6728,5908,3898,4019,3201
Ubap2,5161,5918,5872,4378,5584,5062
Arl6ip1,5118,5472,5326,6472,3760,5663
Luc7l2,6044,6885,6501,4830,4920,4245
Tgfbr1,7624,6069,6690,4830,2672,5457
Pdha1,5046,6149,6755,4489,6709,6892
Tgfb2,3242,3007,3000,7528,7666,7491
Zcchc14,3897,5941,5848,4552,4948,4976
Spred2,4163,5428,5717,6586,4814,4682
Sh3bp1,5869,3842,4678,6220,5761,5526
Elovl5,3387,5161,5498,4779,5746,6417
Taok1,5078,4761,4399,6161,5341,4329
Atp2b1,5718,4757,6411,6158,4502,4549
Nmt1,4972,6542,4817,5412,5130,5186
Rab10,4694,3963,5221,4711,6624,6309
Hspb8,5782,6464,4834,5153,6007,4013
Phf3,5521,6270,5873,6926,4780,4438
Snap25,4536,4164,4224,5190,5153,6042
Rims3,4394,7474,5410,3374,4024,4379
Psmb7,5587,6745,6459,4940,6752,5753
Dctn1,4762,4444,4808,4051,6833,6630
Hnrnpd,6264,7599,7342,2829,3225,4290
Setx,6218,6496,6139,4960,4696,4711
Tbl1x,6202,4874,6056,5588,6223,3719
Akt1,6768,6387,5782,5712,4929,5734
Bdp1,5360,6702,4679,5139,4764,3808
Tsc2,6696,5015,5795,5604,3731,4210
Kat7,7197,4127,6202,4923,5051,4754
Flii,6744,5914,7688,6754,6288,4927
Cdkn1b,6614,4538,7192,5189,5259,7219
Zdbf2,4043,3084,4849,5780,5352,5590
Myo5a,5619,5439,6902,6353,5344,4718
Tomm22,6757,3854,3641,5418,5594,4924
Arf6,4092,4948,4734,5329,4837,5952
2017-09-06 00:00:00,5780,7257,4550,5182,3807,3818
Zfp664,4914,3297,6013,4714,5427,5667
Safb,5782,6714,6792,3819,3612,4671
Sympk,3916,4573,5899,3816,6126,5619
Atic,5622,6160,7322,2922,4387,4285
Sccpdh,4551,3907,4867,6536,5743,4741
Vat1l,8031,7673,6693,3442,3863,3728
Dot1l,6931,5806,5201,4182,3843,5633
Cpeb4,4378,3887,5042,5558,5688,4786
Nfic,6544,5403,6764,4220,2806,4257
Vapa,4754,5139,6683,6455,6181,4808
Irf2bp2,5022,5732,4301,5823,4811,5638
Psip1,5510,4674,5472,4034,4092,4186
Sec16a,5566,5384,4318,5002,4346,5248
Vegfa,4634,3598,3803,6814,7134,8397
Thrap3,6068,4315,5245,4969,5618,4146
Irf2bpl,3269,5208,2780,6364,6688,6210
Ipo4,5216,6066,5246,5053,4333,3540
Msi2,3826,7374,4376,4383,5823,5357
Elavl4,4483,7562,5541,5247,6823,4083
Slc6a6,6886,5227,5092,6884,4436,5244
Foxo3,2664,2497,3214,8550,7451,7502
Pard3,3809,4212,5301,5208,5243,6557
Supt5,6176,4329,6540,5305,5592,4051
Slc1a4,4374,4020,4487,8339,6493,8456
Ube2h,3180,3257,4100,7514,6973,6778
Dnajc11,5173,5461,6903,5596,4858,4570
Apc,4866,5034,4740,4029,6232,3935
Setd7,5016,5386,5162,5999,7109,5356
Upf1,6509,6865,5695,4843,4062,4790
Ctdsp2,6384,5178,5940,5649,4702,3917
Gns,5760,4490,4167,5767,5256,5973
Tulp4,6170,5092,5622,5323,5845,5674
Srsf7,8519,9621,6089,3998,3682,3633
Topbp1,7870,4867,8005,2760,3757,4559
Ubap2l,4302,4639,7087,4296,5455,5085
Dpf2,5116,5713,6556,4918,4033,4625
Tpm4,6415,6242,5636,4580,4744,4518
Nutf2,5750,7673,7848,4164,3898,4003
Gltscr2,6087,6529,3786,4579,5584,5717
Nbr1,4308,6533,4747,6743,5684,5310
Gpbp1,4387,4519,4010,5425,4864,4432
Pbrm1,7525,6486,5830,4606,4980,3581
Map1a,5278,4507,3781,6110,6837,7183
Sdcbp,5303,6070,5068,5362,4778,5421
Ucp2,5562,4882,4145,6962,6034,7154
Cplx1,7423,7191,7740,4059,5166,4269
Zfp207,6273,5197,8762,3684,3990,3215
Hbs1l,3184,5121,5813,5732,6152,4281
Txnl1,5097,5279,6962,4965,5115,5202
Parvb,4813,5010,5709,5838,4002,4961
Dennd5a,4096,4532,4831,5982,4390,4626
Tram1,5842,4720,5433,4555,4188,4246
Asic1,4283,4224,2808,8956,6165,5328
Dag1,4068,4695,3862,5245,7458,5440
Psmc6,4200,6270,5979,4548,4200,5470
Ltv1,7787,4555,5037,5468,6132,4958
Map4,3925,3029,4586,5308,5025,4982
Rnf14,3580,4005,3817,7109,4447,6995
Add1,4574,4285,6683,5010,5306,5844
Rbmxl1,6656,7117,7934,4200,3410,4062
Gaa,2972,4082,3339,7055,6534,6193
Smarcc2,6317,6824,7744,4335,4887,5306
Dcbld2,4216,6064,5083,4078,4459,6213
Trp53bp1,4471,6030,6483,5143,4543,3677
Psmb4,5690,5645,5391,4887,5573,4718
Ipo11,6309,4821,5095,4654,4094,4684
Mgat4b,4097,5207,5985,5106,7912,6278
Slc39a10,5324,4613,5778,4090,4969,6508
Vapb,4805,4259,5722,4681,4409,4947
Cul3,9004,6033,6550,3444,6493,4043
Wasf2,4598,5455,5390,6645,4083,4046
Wdr82,6627,6035,4793,4677,5643,5307
Slc16a1,4664,4167,5086,6723,6631,5919
Kdm6b,3999,5054,3001,5903,7576,5164
Cycs,7069,6644,6361,5095,3766,5876
Fmnl2,5983,4966,6299,4531,3866,4358
Mgea5,5339,3735,4113,5176,6805,4590
Dnaja3,4807,3763,6407,4853,5570,6088
Tspan13,4840,4257,5107,4787,3613,6975
Mfap1b,4421,6267,4070,4474,5480,6727
Prkcsh,5026,3586,5141,4298,4663,7248
Polr2e,6659,6736,5863,5309,4285,3258
Gse1,8122,6073,7121,4758,3616,3481
Lmnb1,6967,5864,5798,3221,4189,3069
Ndufb9,6147,4693,5660,5850,5315,4039
Cox7a2l,5580,4194,4372,3867,4931,5874
Cap1,5066,5797,5191,5342,6099,4626
Nup88,4294,6226,6720,6285,5194,4675
Unc13a,3709,4606,4024,7700,8253,5563
Immt,4115,4203,5215,5372,5209,5502
Cox6a1,6395,3522,5917,6362,5363,6221
Anxa2,4338,7060,6358,5185,5467,6036
Slc30a5,6822,4595,6274,5934,4404,4516
Agap1,3659,2507,2715,6295,7557,5349
Ptov1,6470,5821,4970,3474,5105,5171
Nsfl1c,6135,3948,4801,5925,6200,4403
Kidins220,4363,5089,4230,5692,5365,7339
Slco3a1,4528,5558,3582,5326,4337,6977
Szrd1,5160,5334,3512,5473,4409,5158
Trim37,4965,5730,5791,5823,7395,6766
Prelid1,4251,3674,5453,4184,6539,4984
Fam120a,5292,4307,4126,4751,3792,5133
Snrpd3,8117,5897,5739,3442,3881,3381
Dlat,4227,5764,5844,4012,4102,5071
Cnot7,4952,4677,4285,6401,7937,6098
Vbp1,4505,5783,5845,4590,4869,4177
Psmb6,5699,4858,5170,3993,4530,5695
Cdk11b,6481,3840,4364,4462,4647,5485
Nvl,5726,6242,5398,4055,3092,5173
Tbrg4,6907,5797,6557,3969,3820,3062
Ddx42,4004,6181,4542,5340,4305,4298
Nos1,4525,5376,4270,6248,5859,6422
Sdhd,5269,5982,7139,3759,3096,4323
Dgkz,5530,5502,5548,4795,5538,4741
Prpf6,5068,4204,5458,4181,5603,7197
Rbms1,3066,5757,4830,6449,4789,5520
D17Wsu92e,4107,5018,5220,5821,5731,4686
Reps1,5188,5231,4395,3550,5752,4967
Idh3a,7730,6897,3851,3970,4624,3550
Dnajb11,5899,4605,4961,5344,4201,6831
Nup160,5800,6141,7228,3275,3044,5928
Cd47,3207,4501,5005,5392,4025,5690
Lss,3954,4064,2533,9371,6783,5259
Trappc10,6825,3597,4755,5314,4127,4515
Xbp1,4503,4427,3949,6208,5875,5829
Usp15,5219,8030,4401,3749,3564,4339
Mthfd1l,3829,4787,4844,6265,4769,5424
Clptm1l,6082,4821,5997,5175,5753,3473
Ak1,8639,7308,5379,5818,4512,3287
Ppp6r1,5930,8147,4995,3936,3375,4815
Akr1a1,5642,4604,3049,4891,4539,4884
Ndufa10,5688,4565,7667,3997,5419,6251
Dcakd,4329,4672,4202,5009,4545,4222
Hmmr,7913,5822,6254,3068,2474,2973
Nus1,4338,4685,6287,4485,4737,4211
Eif4enif1,5437,4914,5842,5462,3507,3455
Cdk2ap1,6443,6343,7131,4292,4533,3573
Acsl4,4505,3884,2533,5382,6900,7470
Rpl34,5513,5586,4370,5158,5901,4446
Gnai3,5201,4892,4297,4203,5024,3935
Dek,5555,5163,5003,3952,3318,3038
Hectd1,4295,6194,4077,3574,3477,4914
Cnot6l,4504,4669,5216,6086,4283,4852
Man2a2,3437,3536,3105,7037,6350,6471
Zc3h18,4551,5510,7014,3206,3790,4643
Ctsl,2364,3153,3489,8104,6764,6161
Pitpnb,4900,5446,5025,5629,4760,5023
Tusc3,3196,4376,3473,7033,3673,6505
Qk,4340,6356,4972,5483,3961,4641
Agps,3861,6277,4552,5209,5412,5078
Ptk2,4982,4576,4282,5620,6135,4607
Strbp,4982,4629,4023,4622,5955,5251
Adrm1,8317,4781,5843,5558,6345,4758
Clta,3779,4819,4692,4937,4509,5781
Tab2,4226,5213,4723,5991,4761,5245
Cdc37,6318,6268,5331,4954,4082,6934
Ccna2,6221,6686,8049,3309,3147,2737
Ube2b,4218,4420,6415,4382,4923,6109
Rab5c,6981,4538,5143,5213,3878,4464
Actr1a,4670,5175,4888,4952,4049,4414
Impad1,4013,4089,4797,4096,4727,6148
Mta2,4217,5486,6347,5821,3774,4622
Cdc27,5783,5482,6163,4614,4163,3704
Mta1,5134,4155,4954,4536,5033,4254
Ctnnbl1,4367,5944,5444,3777,3982,3742
Fto,3817,4404,5050,6563,5105,5280
Ube2c,6915,7006,7573,3201,3933,3338
Zfp36l2,5549,4607,4623,4443,3518,4582
Lats1,4284,5255,5193,3512,4550,5153
Ccnt1,5475,6471,3535,4648,4332,5605
Rpl38,5680,5306,4543,4135,6175,4724
Tm9sf2,3667,5830,5506,5508,5089,6524
Ndufs1,5069,4804,4036,5523,4838,5230
Lsm14b,5308,4643,3755,5818,4823,4236
Nampt,3774,3008,4374,4254,5205,5562
Mdn1,4042,5802,4167,3977,3977,4123
Casp3,4286,3706,4254,6748,3647,4218
Rpl23a,5892,5267,7470,4385,5492,4494
Ahi1,5941,3117,4758,5087,3828,6502
Ascc3,3388,4330,6883,4635,4060,3909
Polr2m,7891,5018,6521,3701,5570,6448
Ppp2cb,4344,5719,4643,4070,3583,4514
Hacd3,6136,3869,4983,4370,4754,5603
Eri1,6781,5062,5808,4399,4466,4148
Urb2,6745,8908,6888,4069,3230,2853
Fads2,3782,4244,4763,6055,7087,5521
Akt3,4137,5260,5863,4263,3195,5496
Insig1,3531,1946,3351,9244,6497,7789
H2afz,4933,4783,4645,5070,3409,5005
Cops6,3129,5416,5953,5429,4393,4311
2017-09-08 00:00:00,6527,4100,3537,6032,5881,6120
Lpgat1,5638,5393,5929,6110,4213,5625
Wbp11,7559,6471,6932,3646,6176,3472
Xpnpep1,3935,4731,3579,5786,6135,4449
Zmiz2,6089,5447,6720,5696,6850,4250
Usp14,6800,3734,4939,4441,5237,5820
Pbx1,6690,7881,6146,3367,4444,4593
Fyttd1,4609,4402,5489,3831,4724,4942
Ptbp3,4008,4452,6959,5827,5286,3073
Psmc5,5103,6883,6529,3569,3257,5181
Ap1s1,3640,6035,7271,4757,3372,3562
Ndufv1,3751,6064,5937,4381,3454,4413
Nup50,4881,4316,4175,4472,5358,4480
Eif4ebp1,3604,4539,4175,5628,4388,5322
Ide,4884,5717,5707,5754,4738,5228
Fh1,5416,4531,6569,4636,3895,4051
Ap1m1,6886,4692,5007,5925,4131,3639
Gprasp1,4523,3438,3155,5018,5675,6096
Mknk2,3346,3212,2698,5616,6377,7876
Kif2a,6084,4336,4984,5748,5194,5129
Eif2b2,5019,4636,9945,3745,4084,4112
Gnaq,4586,5268,4779,4418,3348,3929
Ube3a,5537,4917,4314,3727,4497,4740
Sipa1l2,3423,5257,4785,4864,6732,5735
Abcf1,5014,5220,6029,3866,5971,4191
Alg10b,3729,4212,4855,5258,5289,6152
Nup153,5833,4433,3993,3706,4519,5398
Ncstn,5381,4080,3558,4052,6333,5272
Cope,4000,4344,4100,3494,3839,3384
Nf2,5371,7367,5787,5243,3559,2643
Cpsf6,4263,7518,4487,3506,4281,4446
Emid1,2761,4493,3266,4692,5508,5525
Gm8624,3865,4125,3966,3692,4875,4432
Trpc4ap,5815,3507,4063,4507,4458,4973
Rasa1,7171,4506,6995,5044,3294,4826
Stxbp1,4377,3434,4673,5401,4440,5690
Tmem259,3889,5693,4792,4469,3929,4557
Gna11,6049,5448,4592,3768,6300,4676
Ilf3,4474,4431,3826,4045,5525,6152
Zc3h15,5855,5065,6115,4145,4176,3318
Wdr1,5244,6220,4983,3915,3859,4098
Lman2,4931,3978,5238,4795,5630,4937
Gatad2a,5650,5529,5363,3596,4012,3567
Ppp1r14b,4788,4217,5456,3786,2769,3812
Srp54a,4545,4721,3139,4694,3583,4292
Ezr,4110,4996,6618,3196,3597,3946
Gsr,5055,5795,7542,3570,3585,5523
Eif4a3,4221,5613,5550,4276,3479,4220
Eloa,5198,6600,5193,3851,3081,3675
Ep300,4092,5495,5077,4251,4027,5279
Cox7a2,5212,4608,4909,4074,4743,5975
Trappc11,5218,3815,3474,4611,4616,5589
Hdgfrp3,3575,4005,4346,2962,5404,4284
1110004F10Rik,4296,4619,4986,4569,3530,3809
Minos1,4418,5036,6365,3924,3838,4124
Nsd3,5034,3856,3705,6773,4379,4410
Pdpk1,6533,5822,4562,3430,4625,4280
Tbc1d15,6197,6275,5360,4931,4922,2574
Rps6ka3,4243,4314,4938,4625,4305,4946
Dync1i2,5879,4144,6436,4470,4771,3892
Gm9833,4208,5307,6231,3807,2754,3114
Rev3l,5516,4184,4764,5018,5513,4704
Tmed2,4432,4974,4041,3390,4165,3937
Icmt,2556,3175,5654,5346,5454,4848
Xpo5,8226,4738,3765,4534,4260,4662
Tor1aip2,6875,3724,6637,3345,4639,4269
Rab3c,3110,3773,4407,6201,6094,9416
Smg1,4670,5108,4641,4788,3819,4105
Psmc2,4951,4272,4281,4512,4097,4440
Ptgir,4607,4662,5013,5128,4899,4983
Wdr18,4285,5029,5172,3668,4484,2548
Ddx56,4732,4738,6868,5261,3185,4680
Arl2bp,5346,6953,2918,4269,4292,5006
Rrs1,5988,6737,5877,2653,3519,3020
Ubr1,6195,5443,3133,4826,4046,4434
Vezf1,4704,4300,4728,3403,3815,4492
Nek2,9892,6975,6164,2719,2177,3456
Slc38a10,3900,4293,5193,4494,5643,4174
Cstf2,5284,5469,4127,2782,3793,4091
Odf2,3390,4089,4028,3244,3472,3674
Zdhhc2,3748,4642,3199,6464,4036,4567
Cfap36,4762,3500,3474,4689,4033,4607
Tmed4,3378,3124,4148,3408,4493,3341
Adipor1,4634,5679,4045,4077,4520,4032
Eif3g,5010,5855,4269,3719,3714,2881
Ubfd1,4096,4305,4769,4827,3463,4692
Mtss1,3202,2635,3788,4233,5674,5727
Nup210,4046,3908,4708,4592,4225,4441
Kif11,5563,5243,4276,2973,2896,2993
Ddx39,6999,5494,5604,2828,2758,3032
Bptf,5571,3798,4234,4935,3709,3577
Ptpra,3865,3708,2607,4559,5095,4987
Mtor,4116,4904,5418,2890,4569,5202
Thap12,5127,5244,5182,4071,4222,3696
Exosc10,5078,3649,4299,3384,3165,3221
Smu1,5910,4913,5418,3912,4733,5294
Rab2a,7186,3746,4670,4925,3283,4919
Rnf2,5191,3714,4101,3000,5924,6097
Arhgap35,4376,4165,4669,4573,4966,5299
Mapk1ip1l,4741,4335,4718,4255,5151,3926
Zfp638,3890,5137,4020,3641,5741,6073
Pphln1,4426,5900,6296,2682,2474,5082
Alyref,4760,5406,4310,4158,2981,2337
Ndufa9,4451,4267,6760,4923,5003,4705
Bahd1,3868,5735,4385,3645,6048,5350
Acbd6,4859,5914,3952,4168,3645,5094
Macf1,4450,5122,5180,3630,3739,5086
Smpd3,2032,2051,1783,6495,8284,6800
R3hdm2,3544,5276,4113,3671,4231,4303
Cars,5657,5439,6048,5301,4937,5403
Gstp1,5198,4326,5183,4336,4277,4511
Chd3,7926,7910,5598,3813,3880,2355
Ltn1,6096,5138,5153,3658,4180,3952
Gpc1,6779,6293,6143,5032,4289,2882
Nucb1,3497,3340,4333,4394,5658,6196
Drg2,5885,5237,4892,4335,3702,3314
Idh2,6596,3742,5038,5514,6627,4817
Unc5c,4461,5588,5560,3380,3055,2949
Mecp2,4582,4442,3691,5661,4026,4464
Gusb,6108,3840,5180,4223,3531,6807
Cic,4483,3943,3652,3768,6069,4952
Ankrd52,6181,5934,4080,3443,2832,3838
Ppfia1,6049,4425,4693,4851,4849,5269
Galnt1,3774,6111,5011,3151,3580,5480
Cux1,4856,3477,4285,5927,4637,3655
Ascc2,3546,6529,4898,3716,4847,4126
Agpat3,3765,3795,5330,5278,4188,3533
Ahsa1,5052,6731,5340,2647,3329,2811
Nrn1,3924,5370,4052,5512,6854,4639
Ccdc88a,4741,5075,4522,3736,5111,5348
Wasl,4859,3482,5054,4607,6081,4647
Pitrm1,3938,4821,5615,3862,4512,4314
Hspe1,7738,5441,5587,3569,4458,3069
Thoc5,6223,5563,6475,4177,4618,3967
Smchd1,6136,6395,5796,3471,3307,4797
Psmd8,4518,5897,5109,3842,4533,3739
Txn2,4686,6194,4196,5174,5464,4347
Prc1,6086,4647,5609,3156,3531,3882
Smarca5-ps,5440,6019,6461,3788,4082,3340
Brix1,3842,3842,5987,4023,3989,3759
Cnn3,5698,5105,5108,3383,5106,5311
Lmbrd2,6704,3237,3876,4618,4022,4790
Nup133,3881,3976,4649,3464,4647,4281
Gapdh,4294,4211,3157,5320,4627,5103
Fyn,3048,2833,3451,5847,5793,6334
Ppp6r3,4515,5500,4665,3906,4911,4763
Smarcb1,5802,3398,4611,4539,3791,4183
Taf15,3803,3809,5991,4583,5016,4105
Myl12a,5374,5125,4877,2828,3895,3891
Tufm,6435,4363,4541,3408,4536,3980
Bod1l,4378,4600,5915,4225,3951,4657
Ppp5c,4536,4387,5531,4071,3416,3854
Paip2,3566,3287,2648,6117,5510,6398
Tmem209,3790,3356,4138,5096,4182,4264
Mycbp2,6237,5892,4105,3793,4267,3633
Slc39a6,3694,4128,4022,3730,6770,5360
Sh3pxd2a,3817,2631,3140,5911,6427,7028
Bmp7,2786,3967,2640,4665,5335,5237
Tsn,5251,5060,4112,3470,4340,4492
Csnk2a2,4489,4759,6401,4860,5284,4847
Rpa1,3499,5874,5487,2793,2621,3604
Sbf2,3968,3703,3678,4454,3060,4149
Ppp4r3b,3561,4239,5201,4585,4138,4610
Clic1,3966,2901,3400,2960,4559,4760
Zmynd8,5850,3334,4261,6894,4579,3632
Taok2,3738,3691,5848,5352,4125,5756
Htr3a,5764,7383,7087,2488,1434,2048
Prelid3b,6967,6640,5725,3364,3475,4512
Utp4,5502,5230,5225,3449,5002,3938
Fubp3,6055,4341,4892,4982,4003,4803
Ik,4685,5399,5054,4413,4829,4215
Hnrnpll,4282,4725,4938,3920,3066,3242
Wac,4464,5082,4651,3904,3925,4309
Git1,5925,5098,4984,3439,3928,2811
Ets2,4311,2858,2601,6378,5882,6445
Erdr1,4558,4822,5421,4611,4353,4600
Tdg,4996,5137,6931,3868,3665,3479
Sec23ip,5116,4255,6115,3149,3775,3277
Hipk1,4080,3775,4788,6170,3746,4057
Ctcf,7593,4231,5026,3156,4631,3473
Nrp2,2655,3389,2861,4220,6254,4827
Eif4a2,3050,5486,5400,5344,4992,3883
Zmynd11,4185,5189,6035,2728,3718,5213
Pold2,6112,7076,4773,4190,3684,2977
Dnmt3a,4748,3314,5605,3998,4647,4494
Tubg1,4521,5966,4142,4024,3581,5074
Thop1,4752,7656,4850,3306,3120,3003
Mrpl15,4704,6256,4621,3774,2338,4971
Cox6c,3320,3826,5127,3241,3998,4520
Eif3k,3659,5656,4528,4370,3933,4469
Mlec,5297,4478,5531,4280,2974,3130
Nav1,4589,6081,5366,3140,3258,3177
Cluh,5153,4287,6454,4375,4867,3604
Lbr,6301,5043,3978,4051,3251,4384
Pgrmc1,4298,3443,3943,4071,6070,4502
Alg2,3303,3585,3756,5347,3813,5061
Usp8,6516,4317,5865,3170,4470,4742
Lamp2,4168,4498,2571,3077,4168,7510
Capns1,4076,5047,4233,4983,3551,4941
Dpp9,5467,5146,3399,3854,4180,4247
Lsm14a,4741,4369,4818,5255,4675,4324
Cab39,3665,4069,3942,4487,3195,3609
Rhou,2515,2485,2669,6491,4689,6954
Vcan,1760,2076,2204,7289,7583,5836
Chmp4b,2955,4354,5039,4842,4066,2914
Myc,4546,4947,4591,4396,4594,3820
Tmx2,3720,3896,4442,3856,4867,5726
Pex19,3422,3664,6555,5295,6088,4504
Snx5,3153,3797,3980,2986,5335,4664
Chga,3989,3044,4789,4578,3619,4915
Ints7,4990,5574,4677,5261,4056,4441
S100a6,2350,2551,2722,9091,6425,6752
Etnk1,3024,3138,3286,6396,4962,4726
Kansl2,5562,6975,5601,3262,3961,4185
Snx18,2084,2118,2036,6726,6764,5912
Abl2,4200,5238,4608,3610,2775,4913
Prdx6,6003,4936,7514,4631,4223,4174
H2afy,4014,4831,3785,3903,3790,4636
Epb41l2,4673,6302,4706,3104,4295,3126
Spcs2,5108,4943,5022,4708,6333,4967
Dock7,4386,4733,3937,4693,3869,4414
P4ha1,3117,2726,2208,4070,5137,5159
Taldo1,4813,3714,3497,3783,4247,3320
Klhdc2,5419,4621,4702,4292,3738,3139
Sp3,2902,5796,5403,4421,5291,3211
Ice1,3540,4835,4269,3861,4964,4946
Esf1,3633,4355,4507,4144,4033,4255
Qars,3341,4336,5041,3966,3621,4680
9330182L06Rik,2417,3203,2861,6747,7053,6678
Uqcrfs1,4011,6381,6060,4133,4116,3790
Ski,4485,3704,5633,5705,5416,3732
Astn1,2840,3814,3219,4604,3781,6037
Ank3,3786,3894,4732,4231,5512,3349
Smarce1,4937,4003,5293,4125,3786,3024
Kansl3,3809,3634,4339,5143,3798,5026
Wdr43,5398,6622,5345,3414,3557,2666
Fbxl16,4240,3329,3871,5130,7347,4541
Ylpm1,4762,4324,3661,2983,3758,3823
Os9,3180,3645,2738,4627,4889,4387
Jak1,4025,4863,5107,4655,3505,4498
Gosr2,3826,4611,6543,4865,4247,3883
Zfpm1,5445,6917,5541,2590,2906,1854
Lman1,5453,4444,5698,4236,4054,4685
Pcbp4,3579,3618,3159,4613,5165,4639
Ndfip1,3262,3325,2719,7504,5874,5123
Rasal2,6018,4147,4519,4406,4081,2783
Prmt7,4143,4268,4328,2990,6218,5022
Trib3,2286,2754,2309,5680,5622,6065
Atp13a1,3502,5748,3942,4089,3572,5792
Smad5,2997,3907,3495,4418,5869,7538
Rfc1,4490,5116,4841,3226,3653,4613
Tbcd,6508,3740,4988,3166,3091,5858
Ktn1,3711,3340,4918,4118,4984,4136
Cdk1,5055,5948,6614,2472,4061,1732
Brd4,3891,4442,5622,3932,3090,4094
1810041L15Rik,3940,3661,3983,3998,4539,5634
Fnbp1l,4663,3828,3875,4427,3585,4820
Ddr1,3547,4540,2483,5050,6420,3900
Blmh,6426,5306,3331,3984,4663,4854
Epb41l3,4323,4204,4877,4101,4495,4390
Atp6v1c1,5665,4553,4826,3184,4830,4303
2017-09-07 00:00:00,4606,5517,4475,3874,3350,3791
Ate1,4487,4297,3853,5469,4536,4500
Zfp445,2993,4055,3150,4491,4203,3681
Abhd2,3894,3006,2717,4447,3592,3867
Cpd,4255,3185,3926,4448,5699,5081
Arid1b,4192,3111,4233,4048,3610,5167
Psmc4,3471,3414,3256,2944,2955,2785
Itfg1,4281,3648,4689,4492,4101,4173
Wdr36,4309,4907,4137,3179,4290,4133
Ablim1,3754,3477,4444,3598,3992,4440
Malat1,2773,3146,3717,5454,6152,7949
Osbp,3624,4093,5008,4214,4444,4522
Tax1bp1,4385,4022,3900,3535,3727,3251
Ppp4c,3726,3598,5641,3804,2873,3094
Eif3m,3631,5569,5116,4534,3254,5391
Mob1a,4496,5469,4361,3985,2435,4208
Psma4,4533,3984,4733,3572,3495,4046
Ccar1,4266,6478,3938,5283,4250,3288
Elp3,3859,4319,4536,4177,4668,3778
Scn9a,3961,4001,4131,3417,4422,4146
Trpm7,4496,4226,4415,4506,3223,3711
Cnot11,5877,3407,4895,4706,2701,3994
Xab2,3506,3986,5085,3264,4237,3536
Dpysl5,6751,3852,4970,2633,3018,3412
Idi1,4498,4742,3723,4252,4945,5739
Elp2,3838,4415,3902,4681,4124,5011
Sf3a2,6041,4091,8700,2514,3280,3044
Nudt21,3413,4931,4164,4893,3315,3710
Dync1li2,2729,2739,4102,4798,4974,3955
Fip1l1,3180,4129,3088,5857,3549,4686
Erf,4535,5325,4979,3513,4807,2917
Slk,4550,4888,3924,3821,3342,4251
Rnf126,4316,3872,4322,4155,3405,4148
Ddx46,5381,5186,6113,2798,2530,3483
Plxnc1,2170,3086,4400,4159,4329,7465
Clasp1,4442,4110,4235,4004,4436,6086
Slc7a6,3592,6064,5233,2756,4732,4568
Gpt2,2486,3801,2922,4338,5618,5570
Nrd1,3984,5707,4003,3920,3854,3425
Tmem2,3321,3652,4196,4481,3638,4766
Atxn7l3b,2740,3067,4229,5579,4535,4518
Npepps,2874,3460,3611,6153,6697,4381
Ubl3,4001,4339,3782,3755,3675,3831
Nhp2,6148,3820,5128,2125,2787,2947
Crk,4615,3736,4597,5267,3987,5435
Crip2,4047,6685,4609,3487,3729,3156
Naa15,4046,3733,5575,3648,3217,3991
Wasf1,3067,3172,2836,3570,3433,5463
Sgta,4543,3691,4861,3328,3621,5593
Ogt,2465,3887,3102,5308,4078,3485
Rragd,4319,3418,3446,4211,4362,4917
Mapre2,4212,4338,6817,4531,2647,3262
Gnl3l,3360,2946,4723,3634,4547,4606
BC005537,4070,4276,3526,5571,3313,3815
Cacnb3,4385,3644,3434,3631,6050,3800
Suco,4351,3630,4865,3134,4952,6030
Tbc1d9b,3340,2777,3314,5165,6213,5714
Ilf2,4688,5276,4604,3217,3888,3399
Myt1,4378,2691,4064,4095,4539,6201
Trps1,3642,2202,2729,5820,6943,5496
Slit3,6954,5892,4348,1275,1165,810
Adam10,5558,3666,5289,3133,4098,4725
Rif1,5061,2839,4546,3787,3107,3097
Rad23a,4269,3771,4736,5085,3434,5012
Gm15800,2880,4155,3332,5973,4760,5151
Mdc1,4945,4909,5003,2892,2191,3686
Kremen1,4418,4614,3305,3991,2994,5973
Spen,3435,2592,5053,3790,3600,3903
Nek9,4272,3724,4475,4615,3475,3132
Cbfa2t2,3954,4768,4722,3809,4202,3613
Ssr2,4244,5360,4640,3143,3478,4182
Faf1,2820,3834,4590,4097,5248,3995
Irak1,4262,3743,3997,4011,3105,4399
Ralgps2,3446,3287,3128,5155,5280,6161
Prr12,3570,3290,4480,3223,4742,4807
Tsc22d4,3692,3402,2339,3329,3001,4191
Sart3,3056,3470,3842,3214,4177,3267
Eif3j2,5183,4662,4496,3776,3443,2928
Cdt1,4609,5198,6091,3464,3298,2040
Lrrn3,3709,4252,4136,4491,5905,3800
Rabgap1,2656,3947,5104,3361,3705,4298
Ncoa2,4646,3642,3614,3249,3513,3837
Acbd3,4091,4199,4372,3441,4786,5791
Chp1,4791,3284,3814,4398,4011,3315
Slc10a4,2185,2598,2252,3998,4808,5702
Itgav,3428,3687,3632,3791,5362,3743
Sod2,6573,4736,4531,3192,3329,3344
Rbx1,3785,5200,5149,3589,4632,3568
Ppfibp2,4562,3612,3999,2696,3716,2520
Auts2,3720,4147,3857,3453,4494,3629
Tmem106b,2484,3411,2518,5862,6657,5578
Otud5,4829,3140,5081,5125,4320,5605
Tbl2,5223,5394,5276,4926,3873,3810
Tesc,2580,2572,2715,5555,4763,5622
Desi1,2942,6259,3564,4592,3973,3496
Cmtm4,4625,4314,4231,4637,4427,3252
Trp53bp2,5551,5414,5463,3542,3458,3371
Setd2,4837,4380,3517,2844,5443,2282
Ppig,5386,5247,4083,3746,3298,2720
Tial1,3920,3802,4858,3741,3220,4066
Bend4,4313,3844,3704,3233,4150,4652
Dhx36,3095,2787,5259,4728,3696,4037
Scamp1,2424,3451,3181,4895,5784,4288
Colgalt1,5116,3772,4375,3027,4550,4171
Dctn4,3100,4007,2856,5409,3823,5092
Palm,6033,4457,5042,3414,3460,4309
Strn4,4346,3367,3386,3957,3627,3690
Washc5,3214,4093,3187,3591,4592,4002
Hcn2,3551,3223,2781,3916,4423,5643
Myl12b,5558,4168,3954,4305,3389,4432
Zfp91,4565,4545,3247,3371,2755,3544
Dazap2,3285,4071,3577,3582,3703,4832
Tmem65,3262,3058,3422,4600,5605,4939
Degs1,5202,4912,4060,4077,4167,4075
Ubp1,3788,3460,4262,5039,3571,2765
Mapk6,3601,3332,4978,3594,5126,3755
Dcaf8,4247,3084,3866,4579,3947,3843
Cited2,2704,3178,3189,5009,5995,5083
Nudcd3,3883,4468,4790,4322,3435,3068
Stard4,3154,4770,2892,4727,4346,4779
Tmx3,2946,1936,4594,3948,5886,3906
Impdh2,4895,4080,3432,2978,3503,2866
Aacs,2721,2461,2093,7047,5429,5763
Rcor2,4332,3698,2878,4490,4438,3678
Slc25a12,4134,4631,5626,6071,5155,4225
Appbp2,2920,3741,3953,3447,4732,5023
Rbm17,4679,3620,5328,4081,4049,3137
Ralgapb,4164,4121,2688,4201,4594,2984
Mmgt1,5126,6245,3894,3212,4350,2691
Vamp3,5377,2817,4765,3577,3922,2666
Herc2,4142,5076,4234,3904,2927,2764
Mast2,3803,4761,4641,3292,3149,3877
Rhobtb3,4451,3240,4232,4464,4911,3042
Mafg,2881,3202,3574,3945,4292,3731
Abr,2851,4430,4303,3386,4250,3518
Ppat,5937,4962,5168,3273,3316,2938
Cntfr,3623,3946,4005,4372,3015,3993
Apbb1,3856,3301,4343,3887,4672,3890
Rabl6,3072,4160,4747,5383,4674,3467
Acat1,3304,3721,3572,3224,3681,3312
Sar1a,3390,4240,4424,2958,4229,2858
Rbpj,3747,3596,4733,4737,3779,4500
Tgoln1,3695,3583,3365,4806,5535,4135
Cbl,2690,4655,4034,3412,3107,5185
Tspan3,4334,3949,5334,5416,4203,4042
Golga4,3075,4283,4700,3996,3719,2874
Luc7l,3404,3211,6299,5882,3501,4302
Tbc1d31,3754,3612,4701,3415,6176,4199
Vcpip1,3255,3475,3133,4075,5697,4545
Rmnd5a,2201,2592,2582,5701,4935,5104
Tmem181a,4872,3392,3347,5563,3999,3517
Psmb2,3747,2640,5167,4661,4065,3800
Dhx30,4609,4470,2395,3187,2911,3197
Megf8,3285,2942,3226,4761,4091,5710
Mrpl30,5320,2740,5184,4117,3172,2997
Gmfb,3607,4288,3987,4668,4120,3140
Farsb,4561,3389,4075,3795,4091,4461
Dr1,3326,3994,3681,4017,3244,3477
Rer1,4956,3877,3021,2873,3387,3644
Ralgapa1,3355,4197,4615,4910,4066,4533
Sec24c,3692,4000,3780,3346,3982,3528
Pdcd11,6670,4499,5218,3445,3557,2497
Ltbp4,4170,4302,3994,4122,3856,3821
Anapc2,3797,4323,5354,4413,4238,3987
Sephs1,6824,3027,5015,3130,3018,3160
Clns1a,4331,4074,4434,4304,3648,3426
Cep104,3536,3675,4067,4225,4767,3154
Hook3,4196,3008,3204,3523,4501,3970
Ddx50,3151,4928,4238,3914,4421,3854
Pcmt1,5091,4936,5109,3843,3313,3647
Bzw2,4865,3247,3961,3322,2853,5664
Abi2,3420,3098,2591,4301,3441,3846
Fignl1,4758,6168,4676,3056,2355,2429
Dip2c,3347,2893,4653,5774,5527,4969
Atp5j2,4423,4155,4028,3258,3526,3090
2510039O18Rik,3098,2587,3859,2406,3859,3227
Atp2c1,4052,3566,2619,4801,4235,3356
Pck2,2250,3983,2958,5274,4889,3696
Mbnl2,3202,3182,2992,4323,4629,4421
Nuf2,4754,5000,5967,2756,3179,2887
Hmgb1,4723,6787,5616,2576,2974,3151
Impact,4129,4571,4360,3345,3350,4542
Wipi2,3103,4997,4699,4497,3045,4151
Tmtc2,3962,3988,3299,5358,3544,5126
Csnk1g2,3665,4694,5202,4153,4663,4499
Gart,4379,3644,4761,2396,3689,3183
Bcor,3537,3897,5399,2455,2919,3354
Pmp22,4286,3932,7855,2770,3307,3119
Tmem59,3354,4685,2892,5237,4851,7010
Sox12,2845,3493,3661,5557,4369,3179
Mkln1,3887,3752,3800,3737,4035,4003
Eif1a,5107,3678,4364,3217,3842,3843
Chtop,4721,3261,4185,3456,3469,3424
Limk2,5538,2520,4171,4302,3573,3412
Bag3,4624,7296,4942,3993,2774,2497
Agap3,3285,3929,4587,3231,2374,3513
Ncln,4900,4118,3244,3393,3431,3277
Scarb1,2992,2194,2503,4671,6355,5874
Gata2,5800,4680,4376,3392,3362,2706
Fbxo42,3512,3747,2762,3708,3794,3437
Epb41l1,5976,4742,5181,3412,2931,3188
Pak2,4903,4699,3916,3866,3875,3020
Eaf1,4343,3277,3303,4077,3559,4112
Zfp622,4594,4442,3314,4182,3886,4800
Ankrd50,2541,2775,2036,4590,5107,4388
Agpat5,4402,4664,4616,3050,2755,4106
Golga3,3974,4081,3064,5091,3771,4733
Brd3,5009,4107,4992,3472,2452,2741
Kntc1,4618,4233,5727,2330,2424,3477
Efna5,3296,2660,2566,5068,4202,8222
Aebp1,3125,2965,2373,3797,5405,4971
Gfpt1,4631,3267,3410,4471,2751,3901
Mapk8ip2,2526,2943,3129,4502,5194,6168
Ube2z,3633,2839,3581,4562,4380,4148
Atp1b3,5762,3609,3515,4258,4036,4136
Krr1,4101,4979,3842,3290,2629,3554
Tpd52l2,3081,4591,4191,5399,2838,3748
Rps27,3492,3707,2877,3770,4328,3036
Ppm1a,3305,3534,4247,4525,3851,5439
Nrxn2,5138,3838,3666,4939,3801,3793
Kmt5a,4109,3904,3314,3277,3784,4061
Tacc3,5804,4263,5524,2218,2557,3237
Fermt2,3104,4014,2299,4232,3762,3284
Tm9sf4,3711,3582,2812,3648,3774,4425
Slc7a14,3193,2880,3016,3921,4506,5203
Nck2,4424,3904,4224,3763,2857,4630
Ftsj3,4247,5080,3915,3306,2483,3594
Rtel1,5385,4442,3771,3932,2888,2897
Rps19-ps3,4277,4164,4033,3622,3067,3262
Tnrc6a,3349,5702,4126,3579,3282,4020
Timm50,4111,3620,3622,3743,3992,4568
Selenoi,3754,3749,3438,4260,3136,3386
Clasp2,2243,2947,4546,4272,4720,3503
Foxk1,3623,3462,2769,4004,4985,5087
Plaa,4628,3341,3156,3932,3851,3780
Dnajb12,3287,3849,3324,3752,4467,3241
Cask,2576,3753,4174,3817,3634,3306
Usp12,6153,4095,5375,2519,2329,2340
Rai1,4299,3512,4094,3140,4075,3309
Arl1,4951,3150,3284,3343,3512,3839
Spats2,4793,3742,3680,3830,5535,5051
Stau1,3440,3084,6375,4233,4651,5336
Cnot2,4347,3351,4215,3519,4208,4881
Gmps,3987,3855,5062,3395,3498,3426
Reep5,3361,2998,2567,3902,4066,5589
Imp4,4210,4961,3991,3333,3351,3868
Golph3,3771,5020,3429,4708,3580,3139
Pno1,5976,3329,6727,2477,2607,3558
Otud4,4356,3675,4065,2471,3607,2948
Usp4,3754,4032,3836,4366,3930,3217
Mcl1,3942,3424,3816,3712,3540,2839
Zfp598,4245,3620,2400,3883,2752,2962
Ube2d2a,3168,3859,4597,2545,2953,3907
Sf3a3,4052,5691,3166,2552,2611,3435
Pnrc2,3214,4004,2938,4589,3043,3670
Tmem57,3047,3196,2550,4051,3368,3963
Plk1,4910,5129,4522,2379,2180,3142
Cul7,3252,3396,3355,4722,2980,3153
Htt,5716,3857,3649,2913,3152,3800
Ermp1,4605,2931,4730,3556,3408,3172
Atp5l,4611,3088,3439,3405,2427,3948
Bub1,4687,4424,4493,2373,2673,2862
Rapgef1,5500,4416,4106,3339,3009,4004
Dda1,3948,4269,3472,3637,3757,3020
Dnajc13,3738,2711,3469,3281,2883,4764
Rnaset2a,2573,2351,3476,4867,4487,5582
Sardh,3815,3221,4172,4709,4295,6399
Ndufb11,5235,4272,3505,2728,2835,3242
Mrto4,4779,3931,5046,2386,2911,2411
Vkorc1l1,5459,4405,3192,3333,4960,3863
Abhd8,3042,3432,3887,3696,4596,4097
Trappc8,4594,4493,3144,3700,2679,3735
Myo18a,2737,3834,3807,5624,5130,3704
Mdm2,5432,2759,4210,4528,4699,2847
Spin1,3245,3309,3678,6418,4214,3955
Tnrc6c,3232,4284,3277,3176,5568,4344
Lsm4,5063,4298,4482,2793,4145,3515
Plcl2,2047,1968,1401,9169,4358,6505
Bpnt1,3518,4632,4362,3275,3452,5706
Mtch2,3741,3637,4452,3675,3739,4125
Dhcr24,2997,4049,4184,3517,3401,3822
Trio,3712,4372,3070,3580,3601,4400
Cdc42se2,3659,4695,4144,4864,4108,4316
Sec23a,3791,5234,3260,3519,5349,3507
H13,3171,2936,3153,3513,3711,2798
Pum3,4163,5176,3835,3053,3579,2735
Cstf2t,3009,2684,3093,4043,3469,3849
Adss,4855,4308,4328,3400,3355,2935
Nop14,5388,3947,4650,3720,3819,2921
Kcnh2,2735,4330,4706,3824,2838,2589
Bap1,3806,4110,4227,3494,2846,3573
Lypla2,3434,4631,3247,3989,4439,4922
Nop2,5079,4161,5337,2753,3077,2720
Lig1,4321,5963,6144,1891,2616,2841
Ctr9,3832,4218,3437,3583,4684,2961
Sec13,3604,4344,3512,2376,2983,2834
Tmem33,4385,3115,3770,3608,4395,3088
Nxn,5128,5577,7169,2074,2428,2029
Txlna,3866,4210,3776,4624,3075,3759
Pcnp,3843,4140,3491,4283,3607,3521
Qsox2,3369,3495,4009,3710,4377,3863
Nek7,2991,3776,3203,3264,3061,2582
Epn1,3924,3778,2903,4644,3644,3714
Ndufc2,3790,3908,3529,3262,5183,3285
Afg3l1,3778,4392,4532,4641,3348,3326
Arfgef3,3216,3783,2551,6139,5320,5944
Trabd,3841,2759,2748,4939,5100,4163
Gpat4,3219,5615,2900,3267,3349,3524
Nasp,4305,2908,6611,2754,2359,2483
Nptn,4901,4405,2958,3549,3255,2962
Pum1,4851,3241,4772,2662,2987,3125
Psmd4,3366,5509,3382,3028,4027,4095
Evi5,2679,2822,4082,5063,4844,4502
Kat2a,3660,4965,5600,3206,2960,3370
Camsap1,3480,3184,3252,3287,4554,3318
Ociad1,2487,2698,3680,5240,4167,3808
Pygb,2955,3392,3361,4961,3480,3727
Fnbp1,2581,3797,4083,4758,3539,5614
Sel1l3,1473,1614,1734,6021,6270,5292
Usp48,4736,6182,5029,2686,2322,4254
Fam199x,3223,3439,3719,3703,4082,3680
Ccz1,3879,5200,3279,2621,3726,2527
Rrm2,6111,4546,6552,2262,2272,2144
Tmem248,4565,3315,4965,2946,2605,2108
Xpo6,3676,3968,3902,5107,4111,2678
Ncoa3,3679,3042,3572,2938,4462,2811
Nsf,3278,4125,4380,2899,2989,2465
Cops7a,5237,2599,5196,4214,3832,3408
Cdc42bpb,4110,3773,2926,2632,3735,3489
Scaf1,2933,3233,4342,3639,2932,4738
Pomp,4048,3402,5846,3382,3552,2976
Atf2,3935,3592,2955,6210,3769,3638
Ap2a1,4036,3556,4114,3831,2789,3381
Pola1,6531,4332,4758,2785,2735,2073
Zc3hav1,4298,3881,3585,3891,3865,3341
Vps4b,3162,3672,4374,3691,4227,2630
Atp5h,3990,4338,3040,2831,3466,3745
Heatr3,3253,5199,3741,3452,2914,2446
Pfdn2,4142,3907,3088,3108,2733,3182
Rbbp6,3854,4358,3546,3363,4302,2944
Atp6v1e1,5646,3219,4873,2775,4793,4095
Rbms3,3735,4091,3039,4024,3105,4276
Rps6ka1,2636,4222,3533,3452,3890,2898
Kdm7a,1820,1862,1842,4991,5520,6788
Timm13,4240,3165,4473,3169,3105,3324
Rmdn3,2877,2865,3408,4681,4145,3346
Kmt2a,3090,3049,3138,2273,3575,3515
Mtus1,3313,3908,3081,4369,5816,3960
Soga1,3551,3258,3246,3627,3521,5385
Zfp740,3352,3272,2767,3529,4014,3294
Atad3a,3707,4737,2814,3171,2108,2006
Rasa3,4534,4483,4863,3812,3519,2754
Tnrc6b,3047,4309,3439,3058,3336,3874
Zwint,3557,3496,3493,4191,2069,2941
Polr1d,3104,4389,3866,2882,3102,2573
Pip4k2b,3179,4156,4183,4657,3924,2702
Bcr,3609,2705,2748,3941,3566,4659
Blm,3604,4929,4850,4129,2429,2378
Dtl,4960,4261,4562,1763,2032,2262
Fam8a1,3760,3173,4128,4097,3967,3536
R3hdm1,3285,3790,2264,4894,2507,3676
Emc10,3531,2493,2624,3389,4113,1967
Nadk,2877,3007,4538,3984,3001,4029
0610009O20Rik,4499,3074,2864,2435,3620,3756
Oser1,3971,3310,2822,2891,3896,5862
Tcerg1,4555,3824,3499,2191,2690,2739
Hmga1-rs1,3011,4413,2707,2884,3473,4668
Sox4,3055,3161,3621,2650,2948,3866
Fbxl20,3114,2380,2953,4856,4243,3924
Gpr107,4710,3854,3657,3482,5568,3102
Ndufb8,4196,4209,3177,1892,4096,2665
Kras,4871,3997,3531,3642,3640,4070
Sall3,3680,4076,5525,3764,3294,3464
Mmp15,2607,3227,2605,5105,5417,4335
Smad4,3857,4930,3254,3795,3065,3910
Rbm25,4369,3787,4751,2858,2536,2963
Ppfibp1,3366,3891,4196,2536,2649,2603
Prom1,2364,1656,1420,5220,4480,4844
Capza1,4476,4809,3017,3742,3934,2710
Phrf1,3246,3399,4706,3658,2544,3011
Gtpbp1,3268,3290,4041,4212,2962,2879
Itm2b,3171,3121,2921,5186,4145,4435
Grk2,3301,4480,4164,3257,4165,3030
Rnaset2b,1525,1873,2027,3042,5205,4228
D10Wsu102e,4716,3986,3101,2243,2998,3858
Brox,3355,2522,3246,4047,3367,3544
Tbpl1,2711,2607,2630,3354,5844,3929
Rufy3,4292,3924,2923,5907,4266,3747
Rfwd2,3680,3697,3139,3251,3774,3943
Slc30a9,2785,3043,2778,3717,3947,4390
Coro2b,2915,2898,2210,4541,4416,4098
Kif22,3919,4969,4967,2113,2193,1963
Rab1b,3550,3996,5777,2914,3847,2964
Ppip5k2,3966,2990,2954,4303,4479,4753
Rnf145,3169,2833,4309,4452,3586,3239
Tfg,3318,5153,4064,4882,4281,3277
Adcyap1r1,3501,2260,2303,5939,4532,5363
Otub1,4457,4729,3173,4192,2909,3794
Sh3rf1,4007,3049,3819,2644,3857,3403
Abca2,2235,2564,1904,4962,6882,4563
Phc2,3803,3947,3307,3137,4115,4537
Eif3j1,5202,3853,3680,3023,2544,3195
Ints10,3143,4517,4454,4188,4850,3681
Dohh,5833,3533,3117,3239,3355,3000
Calm2,3105,3533,3985,3800,3629,2837
Syn2,3087,2771,4554,4751,4597,3209
Atp6ap2,2408,2685,3179,4607,3583,5177
Fbxo21,3336,3324,5232,4550,3772,3496
Anapc4,4055,3112,3697,2687,3853,2793
Ube4a,4148,3013,3295,3251,3627,4796
Mettl9,2928,4376,3805,3930,3314,3878
Gorasp2,3925,2872,3444,3572,3561,3738
Srp14,3535,3012,3797,2490,4924,3169
Gstp2,3223,3103,4091,2372,2502,3831
Grip1,2623,2988,2883,4501,3670,4262
Senp6,3611,4278,3892,3317,2622,2939
Tnks1bp1,2274,3532,3792,4461,3825,4256
Rheb,3719,3970,2956,4010,2716,4126
Ube2k,3742,3865,3653,3630,3314,2965
Trmt6,3823,6604,4636,2382,2282,2487
Zdhhc5,3049,2989,3218,3997,3107,2696
Txn1,3336,3482,5155,2588,2291,2740
Emc7,4692,3334,4199,4297,4730,3548
Sgpl1,2353,3108,2713,3108,3995,3927
Hadha,4644,3362,3680,3844,3628,3147
Map2k2,4290,3312,3446,3162,2997,4893
Mthfd1,4400,3717,4611,2197,2368,2564
Gm5424,4063,4762,5467,2287,1829,1700
Isyna1,4321,3155,3496,3674,3492,3989
Gabpa,5110,3433,3877,3357,2612,2519
Aurka,3946,3847,4324,2515,2860,2746
Arl8b,3211,4305,4222,3112,3526,4688
Cers2,4340,3893,4271,3642,3209,2313
Arhgap19,4328,5674,3658,2432,3252,3292
Fmr1,5678,3612,4402,2490,3251,2627
Senp2,3378,3782,6066,3317,3972,3113
Arl14ep,3174,2753,2661,4348,3548,4815
Sde2,2890,3633,4676,2927,3041,2781
Tjp1,6141,4022,6872,2314,2311,4118
Capn5,2139,2369,2365,3695,3112,4042
Mapk9,2139,2237,3706,3474,3498,4944
Eif6,4040,3935,2797,2535,2227,3632
Vasp,3229,3746,4279,4958,3823,4010
Cox7b,5313,2656,4263,2563,2168,3285
Golga7,3235,3230,4032,3407,3791,3831
Tcf20,3576,3970,3741,4102,3820,3730
Ptdss1,3861,4350,4167,3664,2761,3994
Pdia4,5254,3889,4873,3032,3443,2079
Btbd1,3106,3408,3602,4988,3643,4029
Bcar1,4210,4776,3349,4315,3682,3658
Tanc1,3217,3695,2869,5031,3743,5964
Ncoa6,3323,3232,3558,3199,2062,3418
Eml4,3400,3009,3252,4134,2926,3977
Hdac1,4003,4778,3456,3376,3868,2171
Npdc1,2501,3069,2363,3586,4292,3354
Far1,4743,3460,3775,3716,2876,2808
Pdzd8,2818,3469,3087,3516,3263,3441
Cxxc5,4659,3992,3561,2910,3184,2445
Nek1,3293,2675,2219,4325,4518,4752
Nfix,2620,2546,2098,4541,4474,4207
Csnk1e,3098,3408,3323,3462,3183,2345
Mbtps2,3285,2620,3306,3457,4238,4441
Prkaa1,4180,5235,5732,2241,3518,3373
Hmgb3,4674,5084,4060,2740,2527,3586
Arfgef2,3935,4897,4554,3170,3108,2663
Msl1,4123,3366,3804,2453,2954,3306
Wdfy3,3009,3402,3543,4037,3644,4645
Fdft1,2362,2509,2162,4571,3534,4220
Espl1,3584,5503,5384,2466,2332,1450
Gtf2e2,4356,2738,4211,3325,5042,3293
Ankrd28,4041,4187,3076,2854,3298,2785
Csnk2b,3546,3196,4348,2221,2985,2514
Utp20,5954,4768,4693,1970,1744,1969
Got1,3112,2440,2076,3320,2979,5248
Map7d1,2177,4901,3167,2869,2349,3164
Syt6,2338,2555,2659,4129,3856,6136
Med25,2854,3690,4430,2926,2746,3336
Wdr5,4976,5268,4052,3045,3143,3215
Fam65a,5352,3375,4297,3857,2821,3261
Kmt2c,2885,2782,3685,3800,3295,3451
Ptch1,3468,3310,2607,2868,3054,2547
Lyst,3018,2957,2610,3362,4215,4028
Morc2a,3830,3626,3859,3568,3181,3632
Nup85,5339,5524,4072,2934,2255,2106
Rb1cc1,4280,3324,3054,3091,3897,4035
Kpna6,3134,3700,3981,2771,4004,3425
Gbf1,4908,4432,3535,2819,3256,3493
Ankfy1,2791,3475,2932,3476,3336,3487
Atp6v1g1,2680,3021,1991,4862,4448,4113
Cbx1,4514,3753,5353,2808,3782,2678
Arhgap21,3725,2596,2563,3242,3498,2971
Chchd3,3096,3000,3415,2899,4250,2858
Cdipt,3160,2666,4400,4324,3844,4000
Ubn1,3399,4526,3652,3154,2920,4092
Dut,4349,4726,3719,3016,2593,2867
Mcrs1,4472,3342,2976,3923,2946,2090
Gas5,2465,2606,3859,3699,3941,3322
U2surp,4103,4023,4370,3256,3511,2532
1700025G04Rik,2798,2448,1769,4150,4208,3789
Mrpl12,4716,4516,3337,2449,3034,2997
Sfswap,4167,3295,4327,2363,1893,3118
Eya3,4616,2881,4744,2883,3261,2938
Glce,2441,2959,2037,4131,4568,4538
Cfdp1,4416,3193,4528,3452,2144,2458
Tspyl1,2735,2461,1858,4023,4103,4931
Plod1,3734,3433,2005,3455,3375,4205
Erlin2,2018,2047,2274,4232,3565,4988
Rhox2a,4104,3692,3587,3179,3360,3428
Lmnb2,3926,4165,4293,2517,3621,2612
Wwc1,3555,3644,4286,2593,2636,3457
Tox2,2177,2719,1888,4860,3379,4080
Napa,2283,2586,4352,3339,4249,3079
Zcchc2,3222,2321,3220,3524,4023,3422
Nxf3,2684,4254,4958,3096,4399,2474
Ubl4a,3965,3447,3821,2863,2356,3047
Pwp2,3292,5030,3102,1431,2575,1790
Trappc13,4939,4650,3809,3302,3033,2892
Vps13b,3197,3205,2621,5490,4591,4676
Vps28,3383,3837,4712,2291,2945,3216
Chd8,3246,4188,3858,4170,3355,3399
Ehd1,2484,3791,3613,4907,2231,3764
Lmo1,2154,2882,2291,4880,3480,5132
Srpr,3335,4606,3211,2934,2973,4287
Ehmt1,3734,3541,3848,2811,2589,3101
Stk11,3482,3334,3661,3988,3521,3575
Coro1b,2121,2778,2317,3696,3461,3992
Gnl2,3582,4036,4152,2383,2850,3366
E2f4,3188,4120,4657,2668,3289,2732
Acap3,3252,4471,2974,3747,3510,5294
Slbp,5708,4740,3740,2603,1696,4107
Pak1ip1,4257,3849,3489,2835,2786,3581
Ddx54,3596,5422,4213,2977,2901,3350
Psmb3,2987,4245,3926,3916,2729,2567
Ist1,2624,3609,3681,3608,5389,2758
Bcap31,2493,3688,4154,3639,3254,3569
Glud1,3952,3270,3291,2718,3825,2521
Nob1,2997,2833,3280,3012,3362,3195
Fam78b,3087,3127,2899,4433,3573,3344
Zcchc11,3378,3576,4970,3212,4246,2743
Sec23b,3664,3091,3537,3450,2819,2456
Tmsb10,4047,3214,3190,3418,4169,3927
Atp5e,3175,3468,3406,2402,2762,2747
Ppp4r2,3357,3214,4215,2987,3242,2593
Polr1a,3473,2927,4336,2516,2566,2812
Serf2,4112,3411,2850,4364,3709,2813
Tollip,2765,4550,3964,2788,3372,3325
Hars,3100,4454,4103,2585,3727,3279
Me2,3108,4839,4984,3786,2764,3270
Phf6,2842,3649,4042,2888,2810,3815
Nup214,4222,4683,3844,2546,2821,3965
Usp1,7250,4052,3804,2475,2694,2526
Syp,2100,2317,3017,3702,4815,4133
Plxna1,4259,3937,4515,3055,2501,3162
Arrb1,3189,2366,2600,3429,4459,4345
Golgb1,2578,3178,3111,3939,2244,3614
Cetn3,3566,3956,4089,2751,3188,3818
Lima1,3252,4582,3316,3414,3657,2690
Ndufv2,3191,3192,3886,2499,3092,2435
Dapk1,4660,3550,3075,3097,3538,3315
Frmpd1,1763,2214,2212,4205,4135,3720
Med14,4376,3710,5115,2257,2341,2632
Pfdn5,3399,1982,2346,3824,2702,4912
Twf1,3192,2999,3987,3058,2712,3630
Kif3b,3309,3956,2790,2323,3153,3525
Luzp1,3905,3659,3357,4531,3144,3701
Ythdf2,3681,3685,3169,2824,2177,2571
Anapc16,3517,5063,3358,3920,4311,4328
Bms1,4645,4518,3663,2814,3129,2743
Xpo7,2480,2870,3759,3081,4376,3176
Snrpc,4890,3617,2888,3125,2988,3107
Jarid2,4805,3158,2621,3729,4304,3817
Txndc9,3930,4387,3212,2836,3058,3388
Herpud1,3149,2237,2943,4612,4306,3349
Map3k7,2850,3963,3149,2433,3019,3242
Strn3,3401,4137,4962,3875,2593,2599
Banf1,3402,3411,3670,2384,2560,2188
Cdc123,3358,3794,4306,3066,2853,3294
Mtx2,3990,2346,2402,3163,2715,3698
Fnta,2922,3440,2813,3619,3495,3751
Srgap3,2958,2047,2517,3355,3729,3820
Gabarapl2,2355,3102,2678,3066,2861,3413
Aimp1,3347,4681,2576,2988,2535,2285
Ccdc6,3324,3520,3017,3493,4022,4611
Tppp3,2029,2326,1969,5312,4939,3784
4930550L24Rik,2879,3370,4407,2735,3157,3641
Nras,4538,4747,3186,2002,3728,3334
Thoc2,2922,4012,3819,2845,3153,2753
Wapl,2824,4109,2323,2888,2633,2382
Psma2,3061,3279,4653,3156,3121,3484
Camsap2,4191,3129,4477,3212,3066,3184
Pfas,6012,3423,3358,2251,2672,2811
Rsrp1,3123,2854,2416,3466,3175,3453
Cdr2l,2934,2951,2896,3139,2572,2215
Ppp3cb,3097,3990,4333,2739,2711,3337
AU040320,2987,2767,1929,3352,3320,4801
Snx1,2842,3282,2770,2643,3368,3468
Timm23,5229,3658,3003,1940,1930,2730
Mief1,4207,1950,3426,3199,3719,4333
Gigyf2,3239,2882,3729,3906,3343,2470
Zfp217,3520,3311,2618,4226,4301,3497
Sos1,3793,3731,4081,2861,3905,3969
Hat1,5640,2465,4381,2428,2030,2081
Ttc13,3038,2397,3143,2365,3357,2377
Grb2,4093,3407,3661,3169,4041,3062
Dkc1,3998,3563,5397,2122,2580,2215
Bex2,2831,3130,4106,4396,3629,3476
Cul4b,3784,3418,4088,2572,2680,3140
Ube2l3,3219,3717,4263,2833,3265,3466
Ssbp3,2702,2321,3230,2735,4692,3448
Jmjd6,2451,2955,3463,2669,2791,4049
Phf14,2856,4006,4701,3593,3654,3498
Utp15,5068,4052,3823,3386,2570,2716
Mbnl1,5348,3244,3240,2419,2187,2673
Emc8,4255,4107,3028,2161,3133,2316
Ankrd13a,3539,3011,2600,3190,5178,4612
Dnajb6,2840,2664,2212,2558,4283,2996
Nt5dc2,4381,5028,3743,1950,3150,1982
Gpaa1,3354,3597,2583,4236,4190,3019
Dlg4,2316,2751,2723,3055,4934,3937
Pcid2,2664,3768,2477,3248,3390,4933
Qrich1,3537,2824,3403,3177,2981,3058
Cops4,3354,4076,3551,2224,3011,3210
Actr10,2686,3147,3765,3071,3332,3576
Ndufs4,3739,2954,4222,2330,2956,2858
Tmem164,2809,2652,3932,3787,3499,3666
Ddx18,4934,5057,3924,2423,2462,2303
Wtap,3412,3097,2653,2938,3015,2170
Pnn,3764,3738,4585,1604,2035,3436
Ankrd40,3256,2835,3434,2846,2605,3494
Samd4b,3219,2887,3070,3174,3066,3703
Ldb1,2991,4006,3929,2709,4524,2409
Ppp3ca,2458,3922,3799,4216,4839,5716
Gclc,4530,5028,4251,2604,2543,2998
Jph3,2841,2770,2349,4257,4022,3315
Tle3,4964,4510,4103,2505,3044,1763
Acaca,2537,3239,2918,3390,2159,2837
Osbpl8,2578,2536,3996,3341,5066,3822
Kpna1,3139,2748,2717,2826,2121,3217
Ect2,4417,5539,3562,2419,2343,2398
Sin3a,3243,3316,4257,2363,2406,2599
Ldlrad3,3270,3160,3473,2096,4051,2896
Ahdc1,2810,2182,1955,4436,4452,4299
Dennd2a,3461,3471,3996,3670,3911,4129
Ugp2,2669,2989,4084,3479,2261,2954
Gclm,4940,3902,2892,3732,2447,2437
Nudt5,4180,3603,3950,2964,3705,2524
Klc1,2622,3692,3502,2549,2727,3337
Chmp5,3452,2386,4191,3117,4620,3851
Ncaph,3841,4627,4806,1389,2184,2692
Pcx,3311,2392,3118,3511,3712,3090
Ndufa8,3239,3125,3451,3122,4551,2529
Gga1,2877,4440,3806,4024,2718,3386
Med13,2990,3578,4409,4399,3400,3066
Ddx27,3240,3476,4263,2762,2599,3144
Mfsd6,3101,3273,2690,4348,2922,3320
Araf,2945,2847,2830,4070,5127,3666
Sprtn,3179,3853,4551,2931,2284,3412
Ints4,3035,3081,2682,2720,3132,3118
Nmnat2,1246,2630,2168,2935,4691,4846
Ubxn1,3301,3133,2889,2975,2368,3224
Crebbp,2322,3278,4179,2957,3172,4130
Dbn1,3074,2867,2516,2947,3342,3869
Rbm28,4541,3323,3448,2646,2534,2580
Ndufv3,2868,2786,2713,3250,3136,3163
Samd1,3427,4382,4093,3804,4203,3493
Champ1,3274,3041,3806,2286,3131,2868
Mark3,3040,2911,2537,3905,3570,3315
Ubxn7,2799,3303,2517,2926,1942,3066
Ncbp1,3290,3201,2824,2541,2255,3761
Ncoa5,3011,4157,4408,2997,2288,3131
Hcn4,3340,3062,2587,2510,3275,2882
Tmx1,3317,2215,3453,2740,2888,2863
Gch1,3947,2963,3338,3400,4046,2545
Ttc3,2829,2446,2264,2607,3205,3365
Atp5g1,3568,4086,2616,2173,2976,2822
Tra2a,3716,4535,3131,1583,2844,2819
Pdxdc1,3453,2572,4558,2860,6259,2903
Atxn7l3,3817,2916,3075,2298,2827,2706
C330027C09Rik,4653,4401,4904,1761,1827,1767
Ppa1,3474,3679,3271,2139,3672,2534
2810004N23Rik,3054,4000,5680,2977,3281,2078
Psmd11,4679,4138,3543,3602,2624,3624
Tfip11,3138,3672,2484,2250,3283,3257
Polr3k,3117,3994,3015,2639,2810,2303
Tubgcp3,4851,4409,3970,2241,3098,2276
Phip,4391,3571,4353,3601,2176,3495
Zfand5,3488,2939,2981,2933,2868,4610
Mga,3008,2840,3660,2581,2218,3011
Bri3bp,3941,2989,2730,2731,4735,3894
Phf21b,3489,3815,3393,3226,4091,3441
Marf1,3470,3774,2925,2490,4367,2872
Rock1,3291,3209,3653,2501,2667,3102
Mia2,2574,3104,4078,3374,2602,2966
Thumpd1,2840,3793,3619,2735,2831,2421
Cenpb,3668,4267,3216,2969,2835,3692
Edem3,3111,3096,4838,3665,4434,3366
Hdgfrp2,3299,3592,3920,2463,3717,4080
Fam168a,2076,2219,2900,3001,2453,3194
Mtmr2,2552,3586,2543,2736,3151,2321
Acap2,3011,3521,3911,2587,3017,2571
Rpf2,2897,3188,2820,2955,2142,3637
Yy1,3800,4424,4032,3339,2892,2665
Dido1,4267,2952,3697,2809,2939,4067
Llgl1,5179,3679,2858,3331,3301,2454
Srpk1,3992,3295,3015,2670,2546,4022
Stk4,3019,3464,3475,2791,1827,2879
Rnf6,2689,2742,2936,3673,2793,2919
Elob,1774,2995,2421,2251,2374,4428
Ncdn,2797,3533,3792,3309,4067,3313
Ddi2,3046,3045,2387,3834,4359,2631
Plcb4,4400,3487,3591,2204,2485,2075
Dlgap4,3188,3351,2623,3348,3056,3122
Dnm1,2378,2433,2845,4134,4310,4172
Cers5,3657,3633,2668,2623,3629,2224
Trmt1,3901,3618,4162,3234,2792,2655
Mrps5,4450,4665,3740,3002,2315,2831
Kdm5a,2339,2757,1674,3459,4010,2735
Polr1b,3696,4311,3107,2131,1583,3723
Ppp2r5d,2749,3816,3113,2227,2029,2722
Lsamp,1605,938,991,5630,4986,2742
Csnk1g3,4200,2367,3463,2804,2791,3522
Ano6,3960,3547,3837,2470,2674,3098
Copg2,2241,3251,3369,3281,4004,4066
Ass1,4574,4607,3885,2519,2665,2156
Scaf8,3230,3073,3710,2526,3549,2604
Parg,3672,3230,3471,3088,3000,2585
Ppp1r10,3311,3966,3764,2313,3496,2951
G3bp2,3534,3061,3184,2501,3376,3312
Dgkd,2936,2376,3143,4087,4353,2811
Jun,3127,3033,2526,2896,3630,3714
Syt7,2893,2897,3044,3496,4183,2294
Map2k1,2414,2730,2601,4866,4795,3808
Med23,3235,3980,2768,2109,3186,3532
Rrp7a,3217,4415,2384,2639,3247,3128
Utp3,4033,3857,4185,2827,2722,3684
Rad50,3395,3465,4102,2378,2846,2363
Uqcr10,3840,2509,3592,2895,1946,2791
Ppp1r16b,1667,1890,2219,4636,4434,5704
Ctsz,2221,2834,2879,3180,3327,3201
Neurl4,3788,4076,3152,3252,2888,3000
Ppp1r15a,1613,2452,1809,4030,3182,4328
Dck,4556,4398,5096,1580,1716,2982
Prdx3,3635,4307,4696,3043,2487,2858
Afg3l2,2443,3256,3177,3965,2988,2555
Fbxl19,2378,2804,2521,3906,2794,4827
Tsc22d1,2676,2533,3574,3403,2857,2631
Cyth2,2599,2858,3556,2475,3722,2007
Rnf44,2580,3321,3596,2631,3631,2703
Gm13498,3834,4058,2593,3218,2940,3006
Phf5a,3538,3251,3912,2604,1881,2169
Prpf31,4102,4421,3976,2934,1962,2281
Brd8,3084,5057,3171,2668,2628,3294
Specc1l,3071,2296,3168,2411,2799,3652
Zc3h4,2805,3074,3133,2271,3133,2508
Twsg1,2863,2894,3105,3496,3882,5460
Zyg11b,2454,2647,2214,4493,4101,4422
Pcolce,2736,3869,2590,3357,4178,3425
Slc29a4,1888,2558,2809,4372,4299,4984
Ufc1,2514,3045,3049,3236,2954,2048
Chd9,3420,2861,3729,3273,2533,2259
Lmtk2,3382,3154,3789,2555,3598,2706
Lap3,3315,3457,2938,2276,2753,3291
Vac14,3138,3772,3504,2200,2890,2308
Csk,3328,2582,2590,3169,3332,2544
Hipk3,4989,4192,3111,3027,2587,2892
Zmynd19,3817,3554,3274,1646,3885,1880
Rab11b,3087,3286,3421,3308,3934,1769
Nol6,3683,3582,3459,2978,3070,2639
Sms,2153,2820,2747,2386,2505,3235
Ubr2,3277,3250,3508,3086,2164,3356
Tcf12,2753,3144,2622,2490,3398,2467
Kif26a,5836,4409,3523,1657,2103,2083
B4galt6,2913,3526,3307,2507,3336,2750
S100pbp,2785,2951,3249,2995,3298,2710
Ddx24,3170,5190,2904,2176,2967,2520
Mid1ip1,2983,3545,3313,2413,2584,3364
Tmem184b,2590,2441,3128,3783,4027,3061
Kmt2b,3087,2007,3233,3007,3074,2926
Klhl9,1943,3104,2997,3184,4282,4405
Pea15a,2554,2786,2823,4110,4838,4868
Cdk5r2,3061,2706,3357,2354,4668,3031
Riok3,4230,2500,3178,3591,3072,3024
Fkbp5,3830,2617,3606,2915,3193,3195
Psmd6,3601,2467,2068,2465,2374,2475
Trp53,4520,5772,3452,2523,2104,1874
Cul1,3960,4391,4687,3453,2191,3673
Tle4,3089,2079,2077,4232,3892,3880
Rictor,3844,4424,3107,2969,3777,3831
Ppme1,2907,2140,2758,3338,3680,2598
Smarcad1,3522,3813,2439,3422,2255,2989
Rhox2d,2817,3097,3057,2923,4059,2851
Unc45a,3139,2555,4210,3523,3390,3029
Zfp451,3254,2899,4270,2315,3145,2648
Cerk,2428,2326,2698,4322,5065,4505
Wbp2,1666,2455,2083,4070,4157,3901
Klhdc4,3276,4678,3368,2155,2730,1996
Rab3gap2,2040,3511,3240,3471,3774,2779
Abi1,3006,3203,2781,2876,3459,2948
Ckap4,3130,3821,3625,3106,2701,3245
N4bp2l2,2131,2099,3050,2644,2337,4199
Prmt5,4102,5201,2917,2788,2361,2768
Psma3,3878,3292,2712,2920,2745,2589
Abl1,2999,2334,3454,3205,2206,3997
Sf3b4,4999,3462,4342,2576,2039,2379
Mapk8ip3,3490,2222,2513,3322,3914,3173
Wdr11,2485,3143,4052,3119,2732,3339
Asz1,3775,3315,3117,3226,2554,2743
Bysl,4063,2477,3582,2051,2286,2042
Chst11,2501,2908,2316,3389,3377,3718
Dlg1,3412,3929,3205,4389,3134,3435
Adsl,3334,3157,2524,2059,2609,2619
Map2,2186,3167,2508,3719,3980,4478
2310022B05Rik,2124,3089,2547,3020,3844,4575
Gdap1l1,2304,3166,2280,2674,3968,3771
Sdad1,3632,4952,3188,2929,2800,3167
Trim25,2119,2149,3460,4005,3068,2663
Ndufs7,2788,3834,3110,2203,3042,3311
Dctn3,3309,2491,2842,2075,3601,3952
Plcg1,2745,4250,3306,2802,3701,3869
Kdm2a,3139,2465,2359,4667,4298,3991
Rcor1,1897,2143,4188,3716,3849,3104
Plekha6,2415,3401,2445,3300,3196,3913
Cpsf3,3019,3732,2990,2575,3236,2680
Dmxl2,2774,2773,2135,3311,3951,2479
Letm1,3147,3586,3145,2490,2455,2294
Brwd1,3462,3268,2474,3745,2377,3549
Mdm1,4039,5564,3771,2069,1876,2256
Kdm4a,2494,2190,2044,4386,4027,4168
Zfp292,2601,2348,1690,3244,3059,4098
Cdk7,3533,2806,3863,3892,2770,2749
Mpp6,2766,2973,3464,3146,3289,2615
Ahcyl2,3145,2577,2906,3212,2836,3494
Slc44a1,3167,2316,3227,2599,4068,2891
Aaas,3638,3738,3958,2191,2442,2345
5031439G07Rik,2732,2163,2397,3588,4027,3056
Tnk2,3394,2924,5224,3437,3521,2492
Heatr1,4803,3828,3606,1815,1944,1618
Papd5,3859,3117,2624,2472,2720,2763
Mef2d,3066,3740,4159,4439,4202,3906
Rtfdc1,3401,3898,2712,3175,3663,2990
Pde5a,3059,3636,3035,3487,2716,3139
9030624J02Rik,3611,3831,2410,3102,3009,4479
Atxn2,3127,2986,3008,2378,2913,3162
Kcmf1,2136,3997,3394,2678,2596,3321
Ppid,4477,3487,3745,1879,3335,3404
Brd7,3114,3183,2457,2640,3512,2420
Sf3b5,2867,3719,4071,2117,3306,3376
Suclg1,3204,2612,2893,2386,3168,2983
Golt1b,2852,2997,2528,2228,2926,2465
Scamp5,3384,2254,2739,2754,4559,5512
Tbl3,3985,3892,3880,2371,4105,2284
Timm44,2280,2956,2910,3163,3321,2925
Gle1,3871,3011,3057,2532,2434,2542
Cebpz,3288,2870,4070,3101,2202,2734
Fbxo18,3942,2797,2667,3899,2729,2466
Vprbp,2785,2722,2978,2529,2450,2499
Snrpa,2177,2641,3620,2900,2740,2924
Adgrb2,2247,2180,2344,4018,3050,3742
Bace2,3503,3852,3007,2657,1741,2499
Aggf1,3098,2877,4197,2414,2366,2889
Trak1,1693,1808,1846,4853,3142,4128
Wdr45b,3462,3376,2778,2810,3001,2590
Tcf3,4087,3503,3237,3712,3393,3308
Slc38a7,1614,2115,2244,3186,4387,4255
Prkacb,3384,2562,3174,3058,2540,2732
Dusp11,2160,1576,2664,2898,3514,5099
Fam208b,4884,3764,2090,2759,3077,3770
Tet3,3029,2300,3568,2919,2581,2899
Sez6l,1753,2064,1661,3725,4271,3260
Tug1,3137,2312,2578,3912,2798,3348
Pogk,2951,2616,2346,3017,3129,3337
Ints3,2869,3086,2633,2911,4537,2733
Hspa4l,3447,2195,3416,2411,3141,2796
Seh1l,2660,4783,3187,2325,2306,3481
Manf,2490,2593,3607,3633,2291,4282
Mpzl1,4263,3017,2637,3342,3146,3588
AI506816,3729,3431,5295,2134,2169,2468
Myo9b,2795,2989,3351,2385,2498,2299
Zfp423,2891,3485,3037,3482,3459,4106
Rab18,2149,2035,2902,3120,3529,4331
Bbx,1981,2464,2679,3422,3475,3201
Syvn1,2268,2711,3072,4240,2561,2790
Dab2ip,2656,2980,3539,3987,2293,3285
Lmna,3424,3631,4151,2901,2367,2873
Rnf19b,3730,2663,3127,2492,3132,2356
Polr3f,2987,2422,3350,2343,2520,2646
Dhdds,3030,2190,2261,3237,4050,3718
Grn,2309,1925,2011,3098,5573,3929
Atp6v0e2,1940,2695,2142,3210,3154,3563
Necap1,2970,2892,2466,2599,2886,3106
Exoc5,2634,4166,3139,3065,2356,2312
Car12,2235,1879,1880,4950,4159,5673
Rsf1,2914,2780,2374,3341,3052,4191
R3hdm4,2701,2792,1993,3830,3603,4043
Aebp2,2358,2198,2877,2799,3082,2614
Sipa1l1,2944,3198,2899,3088,2786,3912
Uhrf1bp1,2201,2069,2686,3626,4047,2908
Rfc2,4037,3321,3042,2155,2347,2551
2017-03-07 00:00:00,2746,4278,2225,3437,2686,2819
Nelfcd,2933,2717,2444,2253,1756,2317
Kpna3,3804,3290,3223,2187,2335,2807
Smc6,3839,3553,3040,2694,3019,3136
Ing1,2945,3354,3654,3038,2486,2575
D630045J12Rik,2970,2411,1868,4566,4212,3303
Naa25,3194,3048,4289,1854,2058,2622
Gps1,3098,4689,3172,2889,2337,2004
Cyb561,1825,1243,1720,5378,3072,4188
Piezo1,2729,2598,3214,3128,2693,2749
Rab5b,2262,3198,2784,3233,2403,3458
Epb41,2459,2794,2929,2383,2945,4443
Map7d2,3790,2507,2067,3404,3514,4064
Edc4,4350,2825,3001,1885,3352,2289
Ubxn6,2682,2687,3048,3629,4184,3125
2410006H16Rik,2953,3554,2457,2970,3079,3012
Cfap20,3215,3542,3377,2569,2902,2105
Mllt6,3270,2536,2607,2100,2702,2258
Rae1,3696,3291,3406,2729,2617,3667
Prpf4b,3534,2996,3249,3245,2919,2034
Rpa2,6301,5342,4087,1855,1553,2015
Sema6d,2406,2428,2874,3536,2299,2995
Etfa,2524,3928,3077,2636,3438,2825
Wdtc1,3610,2938,3103,2623,3865,2079
Pdhb,2755,4282,3864,3398,2248,3981
Usp31,3160,3594,4004,1887,2554,3261
Dpp8,1582,2851,2167,2648,3507,3048
Ptcd3,4024,2797,2778,2421,3141,2424
Babam1,3611,2888,2178,2093,2854,2404
Spg7,3181,2955,3338,2247,2995,2839
Hmga1,4059,3112,3304,2350,2656,3006
Cox5a,4607,5318,3087,1793,2793,2204
Snap91,2553,2569,2538,4359,3421,2707
Mrpl20,4161,3065,2851,2711,2663,2380
Dnttip2,2842,3881,3602,3363,3167,2979
Bnip3l,1719,1665,1563,5156,4657,3238
Kif1a,2466,2194,2402,4518,5567,3745
Itsn1,3166,2901,3097,2465,3416,2133
Plekhg1,1703,1901,2143,4155,2584,4329
Psmd5,3390,4078,3516,2987,2750,2798
Ppp2r5b,2100,2206,2079,3843,4059,2849
Knl1,3299,4649,3808,1780,2076,2467
Chd7,2861,2489,3291,2013,3089,2663
Mapk14,2930,2438,4269,2954,2483,2754
Sap30,2546,2701,3739,2365,2174,2312
Txndc5,2566,2855,4040,3099,2785,2472
Mpdz,4802,3379,2637,1773,2235,1612
Ric8a,1943,2578,2623,2701,3160,3619
Cd63,2803,2954,2693,2426,2786,3622
Rab22a,2993,2144,2472,3065,3039,3450
Nxf1,3435,3191,3380,3027,2773,3014
Trim27,2648,2651,4677,2450,2714,2690
Cpsf2,3137,2939,3661,3256,2302,2986
Utp18,3434,5313,4113,3011,1899,2463
Ssbp4,3587,3906,3998,3010,2808,2349
Incenp,3409,3587,4884,2405,1882,2251
Patz1,2427,4132,3050,2510,2887,3404
Dpysl2,2874,3098,2165,3543,2702,3103
Srsf11,3781,3637,3829,3468,2052,3637
Fzr1,3163,3854,3484,2499,2045,1866
Bnip3,894,954,927,5674,4056,4795
Lgalsl,2904,2639,3633,4214,2842,2924
Rhot1,3100,2604,2642,3246,1831,3207
Kif3c,2618,2501,1824,5513,2854,3618
Smdt1,2538,2536,3170,2430,2496,3011
Pttg1ip,2643,2364,2062,3205,2749,2789
Npnt,822,918,829,4267,4077,4023
Rab11a,2173,2423,2646,3916,4168,3329
Axin1,3363,3443,2941,2675,2848,3598
M6pr,2966,4094,3008,2869,2600,2790
Sar1b,2541,2292,2203,3936,3094,3955
Atl3,2850,3416,1786,2749,3455,3518
Nifk,2669,3047,4017,2494,2011,2080
Snrk,2338,1996,2806,4179,2366,4458
Zc3h14,3059,2948,3323,2129,3660,3323
Med12,3122,3569,2780,3084,2690,3138
Prkar2a,3959,2868,3565,2899,2297,2434
Cdk5rap2,2768,3013,3263,1800,3277,2414
Cd2bp2,2395,2903,3912,3458,2888,2508
Ralgds,3267,2749,2557,2838,2399,1524
Ppp6c,3134,2987,3064,2643,3076,2897
Gatad1,4404,2645,2791,2779,2650,3054
Eps15,3001,2565,3071,2871,2395,2640
Zbtb18,2229,2780,2664,3639,5194,2934
Sertad2,2754,2210,1751,4272,2729,3707
Ryk,2566,3678,2846,2898,2492,3065
Noa1,2585,2990,2861,2153,2348,1612
Mau2,4312,2346,2948,2816,4364,3122
Naf1,3449,4694,3820,2513,3365,3073
Ikbkap,3474,4005,2488,2730,2780,2783
Camk2d,3188,2918,3133,2579,3057,2875
Tcof1,5182,4342,3150,2602,3263,1734
Rhox2b,2857,2886,2503,2084,4314,2518
Fam49b,3727,2731,3105,3000,2505,4247
Dcaf13,2788,3789,4197,3173,2416,2430
Hn1,2558,3472,3601,2184,2236,2454
Bod1,4005,3902,3505,3714,2391,2579
Cdc40,3617,1990,2566,2764,3087,3999
Ptpn23,3050,3217,2735,3370,3947,2821
Slu7,2920,2889,3156,3162,2531,2353
Hells,4136,3547,4168,1434,1096,2600
Fndc3b,2565,2687,3012,3021,2035,2551
Ptpn9,3684,2597,3024,3030,2055,3974
Arpc4,3516,2462,4228,3177,2344,2324
Tlk2,3156,2599,3707,3114,2834,3611
Atp5j,3434,3694,4169,2403,1712,2862
Timm17a,3969,2501,3555,2815,1520,2482
Pold1,4052,3458,3259,2998,2093,1877
Eif4e2,3653,2087,2620,2885,2563,2465
Itm2a,687,764,879,4795,4055,4425
Dnajb1,3642,3565,2816,2481,2251,2235
Elmo2,4362,2916,2106,2844,2577,2598
Zmat2,2743,3035,2883,2475,3011,2125
Itga1,2988,2500,4588,2006,3124,2493
Spcs3,3173,2994,2738,2646,1862,2378
Fam129a,912,652,797,6672,4002,5812
2700060E02Rik,3260,3432,2913,3498,3202,2726
Phldb1,2552,3548,3554,2506,2453,3062
Nol9,3649,3111,2664,2576,2056,2044
Plekhb2,2142,3463,2811,4213,2864,3095
Sort1,2333,2521,3154,3847,2745,4013
Scpep1,2503,2727,2404,3341,2907,3154
Sltm,3074,3304,3458,2495,2062,2042
Zfp330,3563,3080,3136,2973,2049,2250
Tmeff1,5459,3709,3565,2331,1948,3655
Slc29a1,3160,2973,2274,3183,2707,3716
Smcr8,2770,2429,1733,3533,2857,4251
Zmym4,2397,2757,2614,3038,3155,2470
Emc4,2444,2851,2766,3129,2516,3370
Rptor,2384,2932,3256,3010,1834,3506
Wiz,2632,2732,2569,2908,2861,2439
Atp6v0e,2229,2252,2831,3058,2410,2611
Zfp462,2178,1539,2463,3310,3201,2664
Nudcd2,3108,3163,3713,2364,2315,2674
Rnf216,2483,2847,2770,2848,2109,2133
Gnl1,2178,3498,3178,2660,2161,2687
Synj1,2356,3265,3475,2648,2946,3378
Rad54l2,3488,3948,3097,2374,1856,1714
Gtf2ird1,3082,4168,3003,2746,2692,2223
Yeats2,3491,2847,2707,2821,3070,2591
Pou4f2,3394,2418,2509,2456,2412,2783
Nufip2,2723,3355,2618,3456,2340,2229
Nbea,2911,2318,2156,2405,2831,2402
Asah1,1878,2326,2795,3107,2956,3487
Anapc7,4492,3860,3235,2767,2569,2120
Igsf8,3555,3168,2834,2728,2140,3185
Hpf1,3068,3886,3285,2849,2196,2458
U2af1,2744,2654,3442,2420,2009,2371
Aftph,2914,2739,3584,3786,3055,3593
Ifrd1,2233,3825,3691,1874,2555,2557
Ndufa12,2819,2576,3091,2555,1810,1729
Nusap1,3929,3560,3919,2521,2207,1476
Arpc1a,2813,2985,2097,2976,2228,3029
Josd1,2544,1836,2573,2103,2239,2816
Dtx3,3140,3528,2333,3534,2972,3040
Akap8,2915,3092,3756,2401,1235,2054
Edf1,3085,2860,2685,2155,2387,2398
Pip4k2c,2518,3728,2420,3196,2809,2635
Rybp,2671,2255,2761,1843,2506,2299
Mef2a,2390,2392,1723,3832,3895,2680
Rnf20,2364,2609,2259,2815,2884,2557
Prdm2,3830,2743,2307,2841,2741,3395
Agpat1,2523,2420,3015,2778,2857,2499
Rwdd4a,4397,3930,3244,2261,2368,2229
H1fx,2921,2908,4089,1835,1836,3029
Gon4l,3403,3259,4129,2847,2513,3786
Raph1,2047,2803,3005,2209,3298,2754
Lmbrd1,1754,2197,1633,3746,4521,3770
2017-09-10 00:00:00,2836,2624,2486,2909,3121,4244
1700020I14Rik,2353,1987,2740,4458,3795,3367
Ermard,1975,2989,2574,3424,2902,2815
Eloc,3801,3334,3306,3684,2198,2740
Stk25,1923,2189,2322,4700,2725,3843
Ppp1r12a,3124,2509,2410,2426,2344,2501
Dhx8,3074,2956,3108,3110,3104,2094
Cdca8,4024,3982,3544,1732,2280,2187
Nlrp4c,2064,2837,2411,3009,2676,2918
Plpp1,3549,3437,2849,3141,2344,3284
Peli1,3274,2099,4025,2495,2709,3447
Clcn5,2241,3792,2356,3877,3269,2591
Spry4,1822,2121,1759,3128,3275,2985
Obsl1,2408,2662,3213,2469,2690,2951
Uqcrb,2407,2248,2640,2955,3081,1770
Nrbp1,3205,3399,1907,2541,3370,2306
Carhsp1,1904,2245,1866,3149,3907,3657
D5Ertd579e,2020,2383,2660,3067,4495,3570
Nav3,1941,2116,1812,3019,3395,3763
Kcnab2,2830,2203,2108,4441,3357,3698
Grpel1,2754,2710,2863,2875,2615,2466
Jup,2074,2838,2133,3803,2629,3805
Kif4,4780,4198,3504,1718,1889,2046
Papd7,3369,3037,2939,2078,2736,2728
Rbm5,2627,1942,2489,3234,2712,2729
Echs1,2331,3331,2545,2619,2677,3847
Scap,2196,2667,3184,2751,1728,2631
Plcb3,2610,2677,2962,1988,3148,2332
Lpcat3,1837,2528,1734,2910,3099,3330
Esyt1,2208,2515,2509,3734,3332,3077
Uhrf2,3249,2122,2713,2404,2982,2221
Kif20a,4066,2731,5364,1731,1754,1672
Phox2b,2452,2195,2258,3813,3622,2659
Akirin2,2996,2298,4085,1791,2967,2259
Shoc2,2273,2653,2855,3376,2596,2492
Emsy,1981,4680,3087,2587,3045,1981
Dvl1,2267,4263,2922,2379,3799,2844
Lasp1,2001,2361,2566,2463,3237,2374
C1d,2494,3244,2747,2396,3118,2582
Snrpd2,3185,3933,3157,2280,2340,2230
Mcmbp,2659,3259,2836,1648,2626,2096
Ppp2r2a,2349,2201,2431,3021,2687,3376
Esyt2,2294,2838,2716,3100,2944,3159
Rexo1,2902,2757,1863,2742,2215,2687
Ddx19a,2722,3328,4143,2193,2312,2262
Ndufb10,3323,3456,3583,2317,3042,2784
Nipsnap1,2488,2241,2454,3231,3453,2502
Ampd2,2237,3647,3647,3120,2537,3277
Bnip2,2885,2907,3984,2204,2678,3209
Slc26a4,2925,2174,2537,2894,2797,2731
Ankle2,2546,2663,1883,2380,2332,2202
Sos2,3354,3095,1913,3727,2313,3787
Tsc22d3,2325,2181,2034,3346,2637,4215
Rnf40,3683,2548,2279,3356,2113,2251
Rbm33,2505,3233,3113,2557,2104,2372
Qser1,4396,2833,2839,3315,2048,2144
Grk3,3275,2573,3427,2663,2549,2734
Wipi1,2089,2064,2060,3520,3124,2591
Mtcl1,2822,3288,2934,2530,2174,2735
2700081O15Rik,3055,3034,2028,3209,3041,2883
Nfx1,2818,3398,2759,3385,2655,2436
Acsl5,2830,2592,2489,2340,1888,2057
Pole,4746,3573,4502,1835,1944,2529
Golga2,2248,2599,2262,2302,2760,2969
Vps26a,2367,3200,3073,2133,2562,3312
Fam98b,3564,3031,3401,2167,2260,2672
Fbrs,3126,2325,2664,3514,2423,3020
Pcgf3,3474,2162,2448,2803,2703,2900
Trim66,939,1411,1158,4082,4221,2934
Dchs1,3169,3169,2527,3979,2140,3226
Pik3r1,2415,1968,2517,2751,3684,4039
Snap47,3226,3074,1978,2826,3320,4472
Ndufb7,2577,3196,2604,2108,1667,1941
Mrps2,3052,3192,3286,2425,2510,2863
Adprh,2670,3532,2902,2681,2154,2217
Spopl,1975,2417,3207,2636,3178,4426
Kansl1,2359,2338,3372,3088,2111,1820
Ctps,4078,2439,2378,2078,2576,2377
Aurkaip1,2569,2961,2892,2631,2160,3319
Akap11,2603,3223,3012,2202,2721,2077
Selenon,3014,3020,2584,2557,3374,3222
Znrf1,2906,2719,2836,3335,4241,3938
Anln,4329,3703,5043,1750,1891,1736
Ace,1409,2003,1555,3842,3915,5245
Pcnx,2369,1994,2312,2783,3318,2872
Tbc1d10b,3313,2961,3053,1987,3347,1871
Dap3,2480,3070,3148,2444,2767,2733
Bag1,2530,2841,2799,1571,2836,1764
Egln3,2145,2531,2126,3646,5702,3304
Cul5,3737,3062,3543,3105,3217,2036
Ppp1r2,2475,3895,2740,1979,2421,1695
Xlr3c,1461,2751,2876,2417,3935,2707
Junb,2864,3610,3201,1433,1867,1422
Mbd3,2497,4262,3708,2511,2590,2182
Nelfb,2557,3212,2210,2717,2981,2297
Ubxn4,2940,2648,2236,2702,2142,2681
Kdm3b,2578,2598,2051,1984,2858,2718
Cdc23,2367,2234,2505,2766,2781,3029
Cyfip1,3148,2988,2991,2214,2940,2229
Ranbp3,2359,2695,2691,2615,3332,3436
Rbm26,2899,3046,2695,2726,1895,2523
Cabin1,2679,2794,2832,2720,2197,3646
Pbx2,4332,2973,2409,2735,2487,2820
Rc3h2,3108,2651,2463,2215,2846,2628
Dlg2,1814,1589,2123,3665,3117,3011
Plin2,1718,1881,1828,3605,3870,3305
Fam111a,3282,3028,3582,1868,1277,2345
Arl5a,2135,2287,2330,3055,2769,2179
Fbxo3,2389,2611,2114,2154,2877,2204
Nptxr,2181,2947,2796,2903,3099,3065
Atf7ip,2861,2000,2081,3392,3650,2495
Pole3,2858,2155,3077,2065,1835,2629
Zfp148,2216,2489,2099,2876,2313,2331
Coq9,1931,4231,1850,2862,2771,2266
Ccar2,2320,2585,2209,2695,2812,2959
Map1lc3b,2056,2193,1745,2846,3760,2475
Vav2,2460,2381,3144,3914,2463,2232
Vps52,3364,3214,2369,2053,2623,2761
Zfp62,2215,3229,2528,2936,2815,2887
Polr1c,3327,2680,2511,2332,2009,2849
Wdr61,2555,3031,2432,3491,3717,2690
Trim41,2558,2112,2023,2158,3306,3805
Msi1,1533,2294,2607,2588,3738,2778
Cyb5r1,1049,1055,1341,4320,3230,2922
Ubqln4,3488,3168,2754,1849,2257,2218
Ndufs3,3636,2540,3185,2211,2344,2139
Kdm5b,1893,1911,1361,3196,3955,3527
Cenpe,4043,2888,3036,1938,1355,1587
Zfp609,2324,2617,2600,3141,3177,2551
Bccip,3004,3290,4144,1540,2149,1668
Zmym2,2011,2052,2028,3138,3791,2806
Lrp6,3101,2259,3504,3674,2498,4363
Ibtk,2873,2188,3256,3342,2784,1597
Chac1,1853,1806,1618,3750,3122,3167
Tacc1,2886,3305,3284,1801,1638,3240
Nin,3010,2669,3257,3095,2366,2117
Dbi,2909,2834,2267,2283,2921,2030
Zfp131,2301,3374,3405,2761,3159,2815
Plbd2,3044,2117,1667,3369,2872,3699
Usp6nl,2901,2933,3466,2504,2382,2701
Pitpnm1,2094,2438,2510,3765,3107,2565
Med24,3580,3025,3613,2642,2625,3588
Dnajc21,3654,3272,3464,2183,2236,2404
Tsen34,2846,2945,2981,2176,2229,2956
Xlr3a,2298,2969,1549,3044,3413,3168
Ythdf3,2209,2654,3596,2315,4049,4133
Ggnbp2,2332,2451,2887,2200,2829,2742
Abcc1,1772,2975,3039,3175,3241,2197
Senp1,4091,4433,2918,2620,1446,2336
Mark2,2017,3683,1883,2516,2633,2376
Celf4,3026,2704,2870,2117,2294,2244
Ythdc1,2526,3425,2467,2147,3213,2022
Hgs,2081,2728,2428,2790,3257,3152
Sap18b,2892,3050,3255,1916,2867,2316
Tpbgl,2129,2293,1587,3211,3234,2370
Sh3glb2,2791,2809,2665,2962,3027,2234
Dok4,5253,3935,3283,1179,1073,1560
Eln,1745,2244,1454,2735,3653,3445
Hn1l,4009,3210,3848,2144,1503,2277
Efr3a,2212,3184,1869,2994,3222,2939
Psph,2667,3444,2085,3366,2806,2499
Ccdc117,3037,4349,2783,2127,1570,2980
Rnf114,2082,2389,2663,2785,1873,3757
Selenof,2552,2523,2514,3716,2170,2831
Rbm10,3023,2301,3380,2558,2410,1989
Btaf1,3132,3009,2448,2745,2426,2499
Cherp,3365,4888,2358,2545,1593,2132
Ptk7,2530,2099,2648,2220,2162,3548
Ube2r2,2194,1905,3246,2874,3453,1524
Ap3b2,2686,2744,2527,1986,2996,2585
Snx25,2027,3090,2502,3159,2735,2658
Ubac1,2500,2020,2456,1694,2708,2435
Med1,3585,2695,3377,2777,3085,2107
Mat2b,1796,3123,3211,2180,2775,2815
Atl2,2517,2179,2173,2899,3898,2460
Tnfaip1,3136,3311,1921,2804,2149,2255
Nmt2,1991,2119,3705,2632,2457,3758
Ndufa13,4085,3155,2585,2679,2761,3341
Cbx7,1382,2295,2169,3174,2745,2903
Abca7,2634,1802,2130,3448,3434,3359
Nip7,4192,2380,3064,2184,1890,1672
Suds3,3348,2682,2717,2808,3511,1755
Zranb2,2582,2653,2610,3220,2771,2344
Ncoa4,2778,2557,1797,2303,2591,2847
Tns1,2467,2617,2685,3046,2621,3422
Phf12,3194,2670,2495,2036,1935,2068
Sel1l,1763,2536,2560,3549,3394,2472
Pygl,1287,1153,1580,3362,4437,4397
Ptprj,2536,2050,1946,4433,3068,3620
Rhox2c,2013,2685,2362,2976,1896,2798
Nup62,3007,3212,3198,2383,2082,1470
BC003331,2266,2583,3062,4421,2880,3247
Gcc2,2152,3643,3251,3111,2448,2764
Zfand3,3079,2352,2177,3717,3240,2187
Kifap3,2635,2587,3144,2211,2679,2695
Nat8l,1877,1457,2053,2505,4541,3133
Igbp1,2216,2108,2682,3152,3376,3539
Xrcc1,2505,3264,2881,2230,2696,2864
Ube2j2,2596,2397,2332,2146,2550,3289
Mex3c,2719,3423,2438,2371,3697,2054
Xlr3b,1912,1553,2065,2567,2885,3383
Traf7,3225,3473,3221,3321,2080,2867
Usp32,2189,2273,3079,3407,2950,3279
Tmem56,2981,2086,1800,2787,2905,3149
Kmt2e,2325,2155,2111,3629,2276,2750
Gak,2810,2304,2864,2366,3769,2983
Pcsk1n,2422,2231,2869,4588,3867,3143
Rpl7l1,2859,2449,3372,1964,2272,2288
Rims2,2019,2268,2740,3485,3196,2250
Arhgef12,3053,3276,3094,2254,2073,2536
Usp20,2588,2361,2705,3328,2381,3809
Phf20l1,3931,3433,2462,3075,2359,2512
Trmt2a,3468,2471,1818,3127,2859,2185
Phc1,2504,2253,2563,2537,2293,2424
Tnfrsf1a,2215,2173,2018,2859,2645,3794
Alad,2781,2670,1898,2523,3146,2278
Smndc1,2847,3120,2836,3210,2214,2156
Sesn3,2145,2271,1417,3458,3760,3659
Spire1,3152,3029,2581,2210,2092,2484
Ppp4r1,2448,2941,1941,1738,2865,2155
Nabp2,2423,3514,2954,1608,2793,2742
Coro2a,3350,2281,2544,1913,2412,2974
Tma7,3056,2287,2932,2549,1876,2055
Ap3s2,2310,2725,2075,2257,2898,3052
Ncapg2,4376,3653,3003,1506,1593,1133
Zswim8,2336,2567,2908,2351,2689,2545
Pnpt1,2877,3590,3320,1751,2490,2966
Wbscr22,2849,2923,2898,1786,2240,3800
Wsb2,1814,2538,2046,2821,2467,2631
Dclk1,2583,2375,2372,2761,2635,2729
Fstl1,1994,2795,2225,3065,3223,3681
Ranbp9,2260,2999,2850,2724,3564,3656
Fam114a2,1944,2276,1925,2258,2518,4210
Pgp,3154,2911,2799,2240,2888,3028
Cebpg,1998,1310,2112,3702,4255,2991
Tspyl2,1913,2385,1697,4386,2832,3743
Ppp2r5e,1838,1878,2680,2104,2210,2817
Man1c1,2278,2301,1781,3116,2655,2503
Ccny,1898,3921,3057,3311,3283,2585
Cnot9,3062,2737,2637,3449,1792,2003
Vps36,3163,2230,2692,2107,2372,2466
Gpx1,2482,3338,2362,3183,2410,3039
B230219D22Rik,2874,1804,1830,2663,3828,2779
Sfmbt2,2826,2501,2224,3168,2103,2304
Shf,2076,1814,1889,3794,4556,2694
Mvb12b,2067,2306,1769,2396,3376,2910
Madd,2304,2751,2217,2477,2922,2605
Traf4,2857,2353,2422,2626,2838,2975
Reep3,3290,3304,2549,2606,3567,3086
Cul2,2074,2232,2230,2591,1942,2230
Mxd4,1759,1647,1639,3945,4469,4351
Pclaf,3989,3256,5023,1631,1946,1486
Cbx4,2231,2133,1655,2696,2687,3018
Cep44,2823,2306,2964,2017,2395,3359
Arntl,1392,1612,1506,3630,3164,3995
Vps16,2262,3653,2610,1914,2184,2228
Mast3,3057,1801,1782,2677,3012,2439
Farp1,2696,2088,2279,2499,3987,2915
Pam,2109,3024,2335,3252,2232,2237
Arhgap5,2581,2313,2332,2787,2282,3097
Glipr2,2310,2285,2279,3479,3779,2790
Spast,1934,2631,3867,2815,2418,1936
Sumo1,1843,4087,2341,1985,1922,2367
Slc30a4,1921,2130,2801,3494,3175,2662
Rab6b,1843,1674,1989,3136,3814,2655
Mbd6,2645,2752,1920,3048,2421,2411
Selenow,1533,1355,1165,3771,3407,4861
Mff,2559,2419,2777,2458,2801,3020
Amz2,2237,2193,1603,2299,3296,2635
Mrps9,1865,2314,2528,2631,2345,2455
Pcnx3,2100,2714,1368,2847,4051,3540
Dcaf15,2611,2469,2463,3185,1735,1980
Triobp,1372,1671,1610,3092,3159,3083
Ergic3,1874,2200,2476,3064,2689,3046
Ppp2r5c,2328,4228,3344,2481,2798,2016
Nsdhl,1689,1294,1563,2956,2934,2744
Ndufa6,1809,2475,2985,3481,3845,3956
Dcaf12,2346,4034,2518,3193,3104,2407
Pkp4,4392,2746,2889,1660,2531,2027
Amph,1554,2289,1782,2927,2927,3419
Cdk12,2084,2938,2669,2133,2457,2091
Dgcr2,2345,1726,1684,2460,2700,2760
Tspyl4,1689,1630,1475,4237,4506,4654
Hdac5,2372,1860,1764,2936,2665,2652
Nol11,2491,3097,3191,1897,1686,2595
Gucy1b3,3211,2049,4259,2492,1933,2054
Polr2c,2304,3029,2082,2605,2461,2884
Rabep1,2027,1610,3278,2490,2840,2657
Patl1,2181,2362,1972,2579,2437,2720
Ccnh,2571,3308,2439,2733,2096,2434
Ipo13,2572,2483,2673,3163,4151,2885
Zfp655,2620,2200,2527,2426,2632,2961
Tom1l2,2159,2080,2638,3272,3475,2722
Nsmce4a,3579,2804,3785,1490,1779,1857
L3mbtl2,3179,5113,2944,1870,1592,2028
Armcx2,2690,2268,2060,3388,3343,2745
Uxs1,2023,2600,2873,3649,2384,2930
Safb2,2198,2558,3152,2447,1941,3063
4932438A13Rik,2759,2203,3198,2901,2278,2983
Zdhhc21,1992,2857,1736,3929,2417,2154
Ctsa,2118,2005,2645,3761,2602,2503
Sfxn1,2222,1957,2440,2938,3534,2915
Arf5,1988,1966,2037,2874,3007,3548
Rnmt,2329,2372,2165,1741,2817,2836
Scaf4,3551,2852,2377,2677,2200,2281
Atp8a1,1495,2161,2031,2366,1785,2807
Scd4,1736,1431,1943,3823,3847,4554
Cplx2,3602,2082,2367,2100,3120,1612
Crkl,2630,3272,2470,2123,2149,2777
Prpf18,2697,2751,2702,2795,2566,1899
Rrp12,3790,3143,3631,1935,1421,1218
Pprc1,4523,3430,3674,3034,2352,1652
Mtss1l,1611,1980,1970,3608,3264,2829
Sox11,2149,1595,2020,4102,4797,2612
Sez6,1231,1232,1099,4120,4549,4298
Cops8,3037,3698,2697,2255,2016,1667
Eea1,2863,3047,2688,2172,1934,2208
Fam134a,2445,2684,1927,2916,2416,2106
Ssr4,2511,2401,2539,2649,2896,1672
Sesn2,1801,1366,2201,4946,2602,3589
Dnajc2,2606,2594,3346,2142,2092,2970
Kif3a,1964,2822,2302,2367,2645,2453
Bhlhb9,2363,2025,2961,2657,2235,2836
Cacfd1,2292,2038,2379,1966,2681,2558
Abcb7,2396,3610,3592,2229,1959,2173
Stc2,2425,1747,1806,2022,4076,2958
Heatr5b,2445,2417,3200,1684,2705,2782
Casc3,2148,2951,3002,2443,3103,2705
Lsm12,3280,2733,2525,2590,2744,2312
Rbm8a,2521,2732,2320,1852,1928,1806
Stk39,2746,2623,2543,2463,2416,1824
Stat2,1755,1548,1789,3512,2494,3192
Gtpbp2,1315,1247,1028,4134,3540,3309
Ebna1bp2,3180,3470,2942,1574,1361,2225
Zfp516,1762,1614,1743,2998,2621,3111
Tbrg1,2230,2130,2302,1974,2816,3780
Tpp1,2866,1618,1572,2435,3107,2503
Tex2,1386,2371,2048,2553,3141,3509
Cramp1l,2883,3183,3952,2116,2006,2268
Tpm1,3001,3288,3262,2534,2066,1867
Sec62,1979,2880,2360,2491,2789,1906
Tfe3,1817,2796,3016,2486,3152,2320
Dnajc8,3855,2974,2425,2405,2458,1329
Tox4,2296,2134,2816,2419,3463,2608
Htatsf1,3857,3139,2775,2140,2097,1873
Smn1,3261,2513,2722,2466,2491,2496
Sfr1,2821,4235,3011,2278,2354,2379
Dnm2,2396,2317,3307,3218,3228,3055
Ifitm2,2669,2649,2030,1967,3574,2781
Gfm1,3820,2474,2623,1581,1920,1864
Mrpl51,2884,3234,3565,2108,2168,2769
Hid1,1699,2045,1466,2881,3330,3989
Oxsr1,2464,1799,2320,2561,2356,2311
Kdm3a,2480,1759,1780,2917,2139,2541
Itch,2921,2318,2193,2683,1870,2015
Atrx,2051,2185,2652,3341,2547,2134
Erp29,2140,3077,1993,2311,2110,2596
Snrpn,2083,2898,1623,3086,3360,2496
Rgl1,2542,2347,2698,2317,2083,2340
Clptm1,2346,3032,2740,3128,2464,2559
Rnf181,1792,2030,2718,2316,4057,2492
Rwdd1,2598,3485,2687,2291,2081,1850
Gopc,2835,1690,3064,2239,2821,1971
Ensa,2608,2016,2753,3097,3143,3012
Zfp385a,1754,2179,1886,4069,3664,3081
Ccnf,4754,2853,3766,1461,1368,1901
H2-K1,1728,2170,1677,3003,2796,3756
Iars2,4343,2229,1827,2689,2283,2697
Sem1,3179,3257,3022,2530,1867,2150
Bcap29,2352,2388,1747,2016,2260,2497
Rims4,1263,1280,1513,6036,3571,3553
Helz,1463,2120,2087,2346,2776,2694
Etv4,2571,2564,2132,2124,2549,1745
Flnb,2707,3229,2546,2339,3212,2603
Mcm3ap,3786,2674,2124,2498,2006,2428
Dzip3,1880,2137,2424,2516,2464,2694
Eif4e,3856,4974,2623,2688,1759,2732
Zdhhc17,2107,1658,2103,2757,2991,2337
Ezh2,3599,3031,4098,1740,1841,1748
Ube2e3,1598,2781,2890,2200,2540,2407
Pus10,2878,2324,2668,2253,2538,1803
Kctd20,2302,2442,2805,3273,2115,2451
Zfp646,2859,2343,2691,2465,1735,3262
Nrp1,2627,1978,2418,2864,3538,2568
AI597479,1774,2363,1705,2757,2258,2162
Lemd2,2485,1706,1829,3728,2533,2448
Deptor,4028,3101,4979,1299,1063,1048
Las1l,3273,3669,2942,1328,1751,2313
Fam50a,2909,1982,2657,2208,1826,2712
Clip1,3407,3113,3748,2037,2117,3090
Sbk1,2094,2599,1835,2760,2660,2931
Dtx4,1483,2262,2274,3346,2492,2649
Lman2l,1559,2175,1265,2725,2478,2547
Spag7,3337,2507,2165,1881,2629,1767
Scoc,3242,2213,1926,2251,2005,2569
Tbc1d16,1543,1554,1499,3220,4284,4302
Fam162a,1871,2190,2013,3757,3716,3633
Rab21,2337,2117,2023,2676,2940,3550
Ndufa7,2369,1973,2086,2779,3269,2484
Srp9,2302,2857,4072,2371,2068,2422
Vps13c,2152,2016,2602,2220,2032,2557
Pigm,3159,2314,2331,3258,2736,2720
Capn2,2580,2267,2098,2354,2462,2815
Bcl2l13,2194,1803,2111,2004,1716,2605
Sema4d,1597,2696,2074,3162,2420,3505
Rapgef6,2383,3027,2545,2119,2005,1917
Lta4h,2699,2610,2281,2385,2316,2857
Jmy,2566,1731,2108,3037,3793,2079
Ubr7,2590,2627,1965,1722,2791,2144
Slc25a11,2236,2325,2347,2930,2330,2041
Tmem63b,2013,1855,2192,2832,2479,3040
Hsd17b7,1611,2642,2152,2930,2829,3277
Man1a2,3122,1711,2773,2411,2382,2549
Cd2ap,2724,2884,3488,2061,1589,2105
Il6st,3030,1376,1794,2588,2509,2230
Samd8,1621,1396,1911,3113,2619,3266
Serp1,2302,1866,2979,2535,1713,2658
4930402H24Rik,2247,2116,1781,3526,3810,2994
Pwp1,2757,2523,3507,1739,2078,1417
Dcp2,1992,2255,2327,2715,2372,1890
Acsl3,1833,1837,1993,3704,3776,2752
Gnl3,3151,2358,2536,1368,2638,1956
Map3k3,2940,2337,2677,2672,1745,2298
Ip6k2,1968,1666,2870,3078,3389,3402
Srsf9,3320,2599,3809,2041,2013,2553
Atp6v1d,2690,2087,2271,2604,2500,2256
Trappc9,2266,1377,2327,3244,2053,2661
Limch1,2371,2083,2874,1860,1895,2445
Aspm,2991,3865,2575,2045,2376,1215
Rbm18,2540,2094,2123,2746,2287,2041
Map1s,3201,2652,2606,2551,1965,2190
Arhgef7,2373,2041,1672,1709,2786,2802
Wdr46,3410,2750,2715,1070,1817,1624
Kcnq2,1801,1864,1697,3219,3194,2124
Trim33,1851,1850,2233,1914,2480,2011
Dnajc14,1789,2054,2045,2908,3274,2247
Usp39,3192,2034,1841,1971,2057,2568
Ccnl2,2464,2384,2436,2043,3004,3519
Tmem183a,3560,1987,2424,1597,1920,2499
Wdr33,2642,2902,2813,2629,2836,1623
Ttc39b,2603,2637,2450,2589,2791,2443
Srgap2,2890,1676,2184,2010,2285,2906
Nktr,2765,2573,3139,2746,2291,2634
Fsd1l,1885,1925,1537,2170,2777,2354
Gnpat,2131,2675,2159,2849,3439,2464
Snrpd1,2911,2544,2849,1585,1587,1274
Clpb,2017,2253,3069,2401,2637,2706
Arhgef28,2191,1878,1953,3226,2430,3231
Xiap,3022,3101,2734,1943,2332,1775
Abca3,1809,1369,2015,3057,3370,1894
Rapgef2,3201,2533,3190,2099,1735,3758
Akap1,2642,2783,2592,2346,1540,1642
Guk1,2338,2182,2043,2060,2620,2609
Fam169a,1884,1852,1779,2832,2406,2605
Gsk3a,2270,2998,2744,1839,2147,2750
Fat1,3193,3376,3770,2179,1904,1893
Maf1,2004,2663,1297,4997,4789,2701
Orc2,3969,2575,2311,1700,1707,1740
Dbf4,3520,2204,4010,1546,1506,1567
Cyhr1,2548,2056,2119,2316,2180,2670
Stat3,2158,2130,1946,2137,3047,1963
Npc2,1517,1775,1780,2227,2549,3130
Anapc5,2505,3115,2147,2640,2095,1973
Aldh2,1958,3377,1863,1872,2448,2310
Zmat3,2665,2360,2251,3316,2428,2657
Letmd1,2322,1662,2011,2108,2525,2063
Poc5,3728,3269,3704,1762,2359,1610
Brca1,3823,2927,2119,1287,1746,1221
Arpc3,2825,2404,2642,1967,1942,2316
Cmip,2268,2484,1895,2551,2600,2613
Ncs1,2763,2791,3546,1959,2079,1584
Pgm2,1624,1400,1195,2558,2982,3049
Vps50,3024,2647,2766,2214,1631,1747
Gm1140,2199,2811,3301,2077,1795,1625
Gm14692,2730,2745,2727,2839,3341,3028
Aatf,4097,3641,2255,2724,2436,2394
Ift122,1885,1096,1831,2181,2744,3929
Syngr1,1556,1388,1666,3178,2948,4034
Tmem167,2167,2167,3150,2453,1559,1773
Emc3,1923,2840,2529,2047,2254,2026
Fam60a,3312,2730,2951,1856,2044,2383
Rcn1,2330,2635,1868,2497,2313,2805
Nyap2,2312,1662,2188,2535,2123,2605
Pex13,2936,1986,2601,2096,2942,2248
Maged2,2183,1531,1305,3330,2521,4355
Wwp2,2020,2304,2146,2318,1894,2652
Uba3,2806,2119,2142,2667,2611,2912
Tmem94,1706,1571,1852,3007,2892,3015
Pdcl3,2563,3148,2582,1799,3008,2250
Poldip2,2641,1626,2570,2234,2457,2516
Pbk,3005,3938,2616,1830,1649,2159
Ube2v2,3250,2517,1759,1840,3206,2973
Tmco1,2618,1970,2795,2390,2822,2270
Blcap,2232,2315,1915,2815,3378,2998
Nr3c1,3246,2561,2979,1901,2089,2071
Rnf7,3039,3152,2800,1672,1810,2499
Gtf2h2,2806,2191,2296,2352,1758,2040
Nol4l,2731,3005,2088,3108,2001,2060
Camk1d,3213,1951,2728,3322,2799,1978
Golim4,2777,2631,1711,1985,2634,2336
Cdc42ep1,1888,2132,1248,2459,2502,3412
Rab5a,1887,2127,2872,2015,3120,2592
Fnip1,2159,2527,1954,2491,2328,2278
Pigs,1612,1715,1984,2604,3482,3087
Nab1,2214,2577,2590,2356,2290,2751
Tk1,3138,2682,4292,2022,1712,1808
1700017B05Rik,1232,1539,1466,2828,2328,2060
Fbxo31,2238,2142,2129,3482,3932,2494
Rsrc2,2791,2412,2879,2152,1932,2369
Rbm27,3004,2458,2867,1739,1875,1595
D8Ertd738e,2249,3022,2282,1804,1866,2323
Ckap2l,3685,2812,3422,2312,1801,1363
Ppp4r3a,2310,2863,1902,2171,2058,1964
Arih2,1900,1776,2784,2860,2643,2528
Tbca,2074,1950,2461,1921,1978,2158
Ddx19b,2465,2310,2433,2239,2674,2659
Dhx29,3414,2346,2488,2099,2284,2194
Sap18,3284,2549,2507,1512,1792,2052
Rad17,2453,2562,2805,2513,2736,3404
Adam12,2215,3292,2828,2165,2085,1656
Exoc3,2128,3060,2882,1866,1690,2408
Pdcd6,1994,2648,2561,2585,2721,2007
Hace1,2302,2053,2185,1993,2194,2219
Parl,2016,3003,2600,1742,2127,2214
Jund,1930,1689,1878,2552,2708,2677
Zbed4,2753,2651,2226,2625,2316,1931
Pelp1,2674,2229,3472,1699,2231,2233
Fam134c,2365,2720,1742,2337,2863,2169
Nudt4,2337,2924,3702,2007,1745,2197
Setd3,1851,2241,2089,2034,1728,2084
Slc24a2,739,637,696,4451,3709,4855
Ado,2648,2219,2105,2230,2652,2451
Rorb,1838,1363,1193,2990,3126,2446
Appl1,2205,2458,3172,2288,1954,2366
Fastk,2972,2066,3157,2362,2437,2137
Slc4a8,2261,2133,3047,2357,3284,2972
Sun1,2842,2376,2921,3355,1693,2119
Ube2w,2096,2461,2366,2353,2300,2739
Tsg101,2258,1914,1737,2617,2185,1650
Prr14l,2580,2119,2481,3762,2825,2921
Celf3,2226,2695,2216,2297,2449,2164
2017-09-05 00:00:00,1498,1692,2035,2995,3419,2804
Ptpn1,1900,2237,2310,2138,2810,2325
Atp2b3,1307,1808,1134,3526,4524,3224
Zc3h13,2394,2040,2018,2542,2275,1950
Ano10,1924,2043,2129,3053,2577,2352
Rhox2g,1947,1885,2511,2266,1839,2878
2900026A02Rik,2849,2122,1783,2898,2833,2971
Akr1b3,2629,1846,2987,1825,2264,1814
Eef1e1,2384,3128,2899,1512,1926,1956
Tmed9,3025,2285,2332,1614,2657,2018
Rab28,2909,1858,2140,2716,2264,2248
Ext1,2329,2902,2667,2415,2558,2161
Syt4,1062,1357,1811,3547,2753,3981
Higd1a,1566,1533,1959,2274,4182,2989
Gpcpd1,2554,1929,2555,2901,3173,2714
Dock4,2651,3144,2981,1848,1531,2012
Foxm1,3961,2956,2658,1242,1735,1289
Lypla1,1863,2212,2318,1917,2281,2001
Gpr22,1872,1282,1643,3604,3066,2404
Slc2a1,1285,1200,1201,4302,3839,3317
Akt2,2974,2449,2661,2363,2203,2389
Plp2,2490,2469,3482,1907,2368,1695
Fryl,2915,1655,3433,2860,2091,1584
Vps11,1893,1784,2013,3131,3837,2724
Ikbkg,1647,2172,1922,1612,2298,2439
Cnih1,1853,3602,1931,2395,1950,3027
Itm2c,1572,1504,1952,3168,3103,3541
Shtn1,2087,1652,2439,2058,1733,1843
Gtf2a1,2973,2700,2904,3152,1980,2043
Rrp15,3485,2467,2219,1697,1787,2776
Usp37,2770,2041,2672,2326,1973,1989
Pde4d,1867,2444,1989,2269,2459,3289
Wdr48,2297,2210,2421,2344,2335,1712
Vegfd,1848,1726,1982,2739,2506,2357
Pdk1,1588,948,866,3966,4018,3858
Uqcrh,2730,2477,2944,1762,2023,2323
Dmxl1,2559,2337,2331,2831,2622,2702
Mrpl49,2399,1838,2617,2238,2201,1821
Bcl9l,1523,2565,2123,3293,2664,3159
Atrn,1799,1615,1719,1995,2005,2611
Hnrnph2,1982,3063,2402,1935,1986,1934
2017-09-03 00:00:00,2202,2148,2334,2780,2923,2365
Get4,2566,2395,3347,2034,2079,2112
Slc30a1,1514,1824,1791,1987,2358,2901
Tmem151b,1501,1421,1443,2304,3476,2554
4833439L19Rik,3124,2287,2864,1557,2527,3103
Timeless,2370,3721,2677,1728,1888,1803
Gm4997,1966,2055,2192,2421,2123,1411
Tsr1,2802,3321,2874,916,1928,1804
Aak1,2032,1926,2535,2305,2238,2511
Fam192a,2193,2319,1883,2592,2085,2494
Pik3r3,1193,1267,1091,3119,3851,4646
Tbk1,3454,2000,2470,1831,1858,2058
D930015E06Rik,1670,2399,2100,2777,2595,2589
Pnpla8,1839,1230,2453,1790,2660,2270
Hexa,1804,1431,1335,2952,3083,3247
Vps54,2371,2192,2360,2529,1706,1131
Pnkd,1851,2203,1956,2671,2453,2080
Nt5c2,2063,2451,2245,2705,2060,2269
Ankib1,2869,1995,3074,2816,1707,2908
Pla2g6,2032,2119,1501,2242,3001,2323
Dmwd,2230,2317,2119,2572,2121,2065
Llph,2631,1950,2222,2010,2122,2008
Atxn1l,2176,2262,1638,2495,1989,2095
Eif1ad,2577,3328,2355,2257,1748,1961
Bivm,2474,2539,2191,3563,3489,2795
Naa10,2695,2383,2530,1667,2601,1681
Emc1,2349,2078,3168,2833,2384,2167
2410089E03Rik,2196,1839,1668,1878,2598,2037
Exoc4,1852,1993,2323,2696,1769,2415
Becn1,1950,2126,2358,2861,2630,2141
Tubb6,2539,3405,3094,1332,1721,1960
Acsl1,2131,2052,2278,1772,2937,3988
Pgls,1954,1846,2102,2409,2463,1811
Lrp5,1975,2720,2586,1872,1967,2536
Prdx4,2616,2884,2375,2549,1704,2366
Cthrc1,2362,1891,1952,3269,2064,2942
Zfp24,1763,2273,2036,2508,1831,1859
Lnpk,3274,2329,2221,2417,2482,2094
Rhox2h,2187,1589,2448,2021,3064,2070
Taf2,2404,2466,2228,1934,1611,1827
Trim24,2559,2341,2380,2646,2204,1930
Ankrd13c,2296,3162,2176,1920,2097,2334
Fxr2,2102,2382,2325,2662,1970,1807
Fndc3a,3388,2130,2850,1864,2537,2731
Vps39,1602,1859,1571,2732,3072,2829
C77080,1335,1489,1330,3060,3370,3705
Fbxo30,2672,2601,2675,2398,1990,2089
Hmbs,2039,2081,2719,1405,2118,2208
Ubald2,2429,2516,2634,2148,1710,2119
Asxl1,2701,2784,3210,1769,1631,2010
Hax1,3097,1376,1852,1991,2563,3512
Fam193a,1971,2910,2358,2040,2404,2044
Atp6v0b,2000,1907,2748,2044,2270,2149
Cxxc4,2022,2065,1461,3062,2821,2753
Idh1,1771,1701,1921,1857,3078,3183
Zdhhc3,1990,2323,2744,2300,2507,2007
Tspan31,2034,1832,2001,3461,2513,2331
Zfp652,2096,2127,2218,2335,2226,2172
Kdelr1,2165,2296,1726,2456,2491,2518
Fads6,2827,2162,2373,2106,2377,2345
Cdca3,3346,2240,2737,1858,1496,1798
Arpc1b,2341,1885,2328,2404,2295,1926
Gys1,1422,1108,1386,2698,3233,3423
St6galnac6,1944,2671,3288,2347,1711,1705
Lyar,2971,2518,3642,1477,1568,1356
Map9,2304,2862,3227,1957,1875,2227
Ppp1r12c,2132,2307,2749,2332,2429,2276
Atf6b,2485,2363,2648,2231,1644,2313
Glrx5,2184,3152,2905,1815,1599,2281
Senp5,3046,2127,2933,2768,2717,2677
Eef2k,3581,2268,2125,1736,1769,2372
Slc31a1,2042,2479,1696,1818,1919,2951
Bud31,2617,2736,1906,3012,2342,1768
Yipf4,2086,1789,2503,1590,1887,3071
Wdr35,3238,3951,2445,1263,1968,2089
Lrp12,2495,2515,2207,2367,2584,1983
Sec24b,2332,1806,2361,2076,1985,1829
Ints2,2264,2248,2727,2111,2039,2228
Oaz2,2005,2279,1841,1876,2567,2511
Mrpl17,2061,2527,2154,1580,2468,1782
Gigyf1,2501,2543,2043,1721,2058,1985
Tmem135,1654,2835,2161,2318,2199,2655
Cbarp,1868,1975,1652,2445,2731,3546
2810025M15Rik,2825,3901,3083,1974,1774,1445
Tmed8,2621,2396,2586,2286,2793,1998
Cnot10,2519,2208,2425,2239,1719,1651
Sbds,2895,3115,2097,2050,2054,1748
Vps29,1989,2040,1903,1525,1737,2293
Adipor2,2191,2299,1797,2683,2780,2211
Usp36,2321,2680,2023,1451,1821,1827
Gid4,2210,1807,2217,2602,2685,2504
Ssfa2,2264,1942,1784,2646,2539,2210
Gphn,2491,2012,2173,2038,2309,2626
Nmd3,1791,2732,2399,2445,1417,1901
Lnpep,2361,2796,2560,2535,2372,2436
Lrrfip2,1860,2438,2012,2001,2373,1845
Smad2,2881,3225,2359,2170,1667,1838
Cacna1h,1762,2907,2847,1864,1835,1677
Psma5,2075,2190,1880,2493,1701,2623
Abcb10,1496,1789,2147,2453,1776,2243
Kctd5,3171,2373,2141,2592,1639,1695
Bicd2,1582,1798,1695,2917,2709,3382
Max,2527,2413,1898,1777,1302,1762
Azi2,2136,2680,2371,2248,2200,2106
Sh2b3,1416,2033,1757,2457,1984,2334
Dnajc10,2131,2675,2113,2997,2120,2459
Sec24a,2869,2230,2886,1737,2003,1404
Ube2q1,2245,1971,1359,2068,1936,1857
Fam135a,2468,1606,2423,2359,1823,2428
Sh2b1,2236,1718,3535,1589,1367,2432
Zkscan1,1927,1762,1891,2325,3074,2182
Arl4a,1556,1675,1547,2829,2265,3881
Man2a1,2970,2673,2723,1183,1399,1675
Ext2,2877,2032,2377,2841,1971,2197
Fkbp9,2315,3111,3314,1860,3049,2163
Pak4,2598,2047,2160,2631,2201,2010
Med13l,1993,2108,1298,2550,1861,2202
Pmm2,2255,2350,2706,1854,1515,1589
Brwd3,2676,1735,2014,2478,2347,2228
Dvl3,1804,2794,2128,1651,2106,2542
Acp1,1923,2240,2165,1591,2435,1327
Unc50,2157,2734,1486,2889,1968,2317
Phactr2,1549,1357,1754,2982,2988,2538
Jmjd1c,3242,3177,1993,1954,2096,1649
Tmem176b,1207,2762,1929,2433,1983,2544
Nadk2,2096,1669,1790,3084,2494,2912
Tbx2,3686,3219,2746,1373,1442,1366
Cmpk1,1906,2266,1679,1924,2126,2120
Blzf1,2114,2612,3007,1758,1849,2139
Arpp19,2650,1930,2399,2214,2943,2288
Slc48a1,3014,2433,2373,2181,1906,2054
Leo1,2050,2744,3149,2103,1580,1988
Dennd4a,1321,1568,1903,2632,2692,2772
Mtmr6,2559,1422,2225,2140,2048,2691
Nme1,3634,2433,1827,2249,1730,1421
Wdr7,1844,1816,2376,2815,2161,2592
Lonp2,1290,2196,2228,2296,3252,2774
Ctdspl2,2998,2056,1882,2418,2064,2121
Phf8,2085,1750,1640,2475,2460,2505
Clip3,2539,2307,2200,1647,1970,2401
Abhd17b,2194,2354,2128,2110,2137,1866
Desi2,2102,2556,2875,2333,1910,2032
Dus1l,2328,2536,1985,2191,1723,1721
Acox1,2391,2210,1797,2512,3028,1865
Emg1,3301,2785,2830,2100,2219,1636
Hccs,1822,1934,2873,1372,1328,2240
Gabarap,1544,1887,1457,3145,2225,2350
Arhgef10l,2333,1940,1306,3692,3278,2417
Stoml2,2281,2445,2226,1757,1682,2239
Hsf1,1951,3231,3595,1875,1965,1822
Atp8b2,2180,1999,1873,3364,2135,2464
Mrpl38,2109,2430,1966,2032,2352,1587
Mob4,2222,1806,2610,2005,1800,1416
Faf2,1907,2072,2233,2805,2498,2704
Ddhd2,2083,1989,2780,1495,2308,2122
Minpp1,2103,1900,2006,1361,1982,3082
Tbc1d9,2149,1595,1784,1868,2328,3513
Yaf2,2146,2578,2845,2969,2244,1847
Braf,1952,2214,1958,1709,2568,1943
Tnik,1748,1595,1774,2301,3229,2514
Pcdhac2,2338,1475,1531,2694,3993,2945
Pi4k2a,2013,1603,1628,1838,2276,3536
Plxna3,1776,2070,1564,2172,2314,3508
Sart1,2756,2009,2220,1795,1614,2093
Trim8,2211,2514,1797,3000,2406,2495
Snx17,2643,1604,2036,1949,2273,2544
Pigu,2086,1997,1775,3066,1793,2061
Chd6,2648,2155,2294,2233,2956,2864
Dynlrb1,2715,2647,2881,2376,2248,2270
Foxd1,2260,2101,2127,2397,1804,1925
Kifc1,2617,2450,3675,1265,1568,1404
Papss1,2435,1604,2243,2482,1588,1760
Ccnd3,2443,2615,1489,2472,1917,1939
Slc35a4,2422,2400,2560,2550,1904,1922
Dpp3,1838,2202,1846,2030,2188,1794
Jade1,1685,2168,2814,2568,2065,1664
Tsfm,2671,2619,2268,2208,1594,1729
Csrp1,3198,2793,3636,1485,1368,1405
Ddx49,2800,2988,3080,2213,2027,1851
Rsl24d1,1904,1625,2182,1943,2532,1282
H2afx,3147,3032,2181,2320,1670,2009
Agfg2,1991,1987,2623,1723,1795,2138
Aen,2984,2737,2366,1990,1281,1440
Eif2a,2423,2119,2196,2017,2096,1814
Flywch1,1997,2267,2721,2306,1375,2054
Otud6b,2400,3052,2591,1868,1383,2014
Knstrn,1826,2754,2983,1245,1499,1692
Snx27,1993,1810,3275,1729,2286,1529
2017-03-08 00:00:00,1434,1956,2092,2112,2340,1829
Hsf2,2531,2294,2627,2723,2286,2306
Zfp512b,2161,2280,1917,1924,2640,2293
Rraga,2274,1940,1197,2740,1978,2881
Smg5,2867,2645,2746,2083,1779,1642
Shmt1,2472,3327,2763,1715,1311,1818
Hdac6,2685,2070,2756,1355,2754,1499
Slc25a46,1805,2862,1938,2011,2824,1532
Clip2,1940,1568,1553,2704,2529,2494
Zfp512,2126,1664,1797,2289,2395,3964
Nfya,1880,2583,2262,1821,2488,2148
1810013L24Rik,1760,2132,1495,2831,2258,2756
Prkci,2304,2854,1782,2044,1798,2197
Urm1,2526,3467,2775,1781,1406,1835
Atg4b,2435,2256,2050,2950,2352,2028
Smurf2,3050,2264,2459,1904,2311,2154
Lrp8,2086,2383,2014,2164,2030,1845
Fam126a,2026,2154,2092,1664,2567,1996
Nat10,1797,2441,2276,1503,1297,1334
Ap2s1,2174,2968,2063,2237,2559,1962
Fis1,1953,2928,2432,3444,2673,3035
Tbc1d20,1340,1979,2654,2361,2991,2261
Dicer1,2528,2302,2270,2091,1418,2043
Fam98a,2872,2362,2775,1545,1600,1820
2017-03-11 00:00:00,2393,2016,2386,1473,2003,1754
Dhx37,2291,2167,1885,1829,1842,2309
Fbxo8,1761,1909,1886,2243,1615,1604
Pqbp1,2572,2233,2137,1959,2096,2323
Rcn2,1638,1797,2027,2631,2079,2415
Polb,2048,1538,1872,2124,1783,2257
Fn1,2988,2365,2157,1937,2194,2417
Mrps17,2428,3280,2915,2673,1589,2145
Tbc1d13,2318,1452,1928,1679,2772,1710
Mrps14,1999,2002,2190,2669,1691,2050
Taf10,1972,2842,2678,2032,2111,2038
Mrpl18,2593,2115,3088,1671,2115,1334
Arpc5l,2326,1670,2411,1991,1709,2159
Myo9a,1690,2045,2403,2003,2440,1454
Csrnp3,1599,1442,1515,2174,1920,3184
Mllt10,2738,1952,1743,2438,2647,1920
Rnh1,2538,2815,1724,3053,2365,2562
Stam,1327,2312,1624,1987,3261,2619
Thra,1360,1825,1361,2264,2492,2683
Pja1,1573,2080,1833,2139,2601,2658
Micu1,2842,2212,2253,1962,2438,1348
Hspa14,2839,2986,2518,2020,1882,1858
Rfx7,2366,2002,1930,1945,2454,2110
Fuca1,1236,1896,1531,2074,3422,2215
Rbm22,1826,2826,3140,2048,1507,2025
Akt1s1,2130,1889,1762,1977,2948,2088
Scfd1,2200,2485,1955,2107,2028,2208
Skp2,2235,3466,2119,1357,1514,1725
Prpsap1,2463,2710,2908,1885,2151,1856
Ipo8,2889,2177,2983,2111,2036,1370
Slmap,2318,2128,1759,2044,1905,3005
Ano8,1431,1630,1868,3048,2240,2399
Tomm34,1471,2209,1682,1655,1622,1771
Rbm6,2218,2349,2477,2332,2268,1973
Mapk3,1766,1618,1714,2308,3027,2392
Exosc2,2601,3198,2746,1600,1357,1321
Tmem50a,1679,2327,1329,1852,2476,2140
Pcyt1a,2132,2195,2488,2146,1728,1604
Mfap3,2141,1452,1939,2264,2536,2396
Pmpcb,2065,2244,2615,2529,2212,2192
Ambra1,2061,2032,2056,2330,2037,2400
Syn1,1551,2008,1829,2016,2323,1706
Mad2l1,2602,2592,2570,1642,1114,985
Sobp,1773,1828,1887,3192,2567,2801
Usp38,1921,1970,2650,2002,1819,2440
Mtap,1932,2974,2758,1716,1944,1926
Cep85,2176,3153,2699,2171,1661,2354
Slain2,2947,2026,2306,1980,1641,1637
Arglu1,2408,1471,1820,1658,1680,1561
Fbxo28,2710,1927,2111,1723,1933,2748
Bex3,2157,2029,2844,2339,3189,2239
Cpox,2191,2425,2876,1681,1929,1943
Gpatch8,1668,2174,1904,1781,1932,1650
Zfhx3,1639,2009,2604,2468,1689,2935
Cnst,2739,3487,2691,2140,2447,1753
Exoc7,1973,1701,2154,1999,1947,2039
Sema4c,2050,1699,1515,2172,2746,2025
Cbx2,2317,2232,2301,2210,2531,1423
Akap9,2064,1499,2441,1266,1881,1891
Chn1,1798,2175,2742,2097,2569,2730
Prex1,1935,1714,1760,1843,3183,2729
Stk40,2157,1494,1827,2632,1893,1567
Prpf38b,2516,2015,2860,1817,1430,2248
Chn2,2315,2349,2596,2309,2040,2339
Fam188a,2491,2856,2838,1986,1611,1719
Phf13,1832,2668,1933,1780,2186,1973
Nbas,1963,2256,1848,2619,2002,2078
Parn,1667,1758,2074,2200,2111,1626
Cog4,2376,2221,2161,2296,2538,2639
Arhgef40,1593,2325,2736,1396,1412,2218
Ruvbl1,2373,3814,2184,1664,1803,2101
Ccnk,3332,1518,1653,2246,1851,1709
Ndufb5,2111,3044,2728,1808,1827,2437
Cfl2,1676,2396,2030,2622,1907,2138
Sik3,2083,2282,2047,1798,1597,2164
Asf1b,3650,2890,3433,1142,1454,1219
Atp5k,2497,2359,2009,1339,1598,1416
Med22,2734,2090,2449,1419,2151,1699
Tex261,2333,1758,2164,1208,1811,1779
Pou2f1,2111,3311,2455,1589,1546,1716
Parp8,2783,1899,1573,3511,2260,2764
Rbm34,2412,2733,2688,1986,1759,2332
Ccdc127,1868,2233,1651,1977,1786,1806
Aff1,1523,1198,1549,3252,1975,2505
Uhrf1bp1l,2406,2173,1936,1755,3154,1848
Senp3,2588,2500,2912,1565,1964,1958
Hadh,2304,2513,2512,1886,2227,1983
Aldh7a1,2061,1707,2048,2589,1744,2173
Slc45a4,1236,1709,1814,2821,1780,3235
Creb1,2221,1968,1953,2057,2157,2489
Atp10d,2650,2867,2520,1321,1127,1366
Rsph3b,1697,1581,2279,2195,2056,3013
Hif1an,1655,2349,2136,2214,2614,2166
Rfc5,2346,2687,3313,1795,1149,2393
Suv39h1,2389,1981,4159,1659,1950,1536
AW549877,1786,2279,1475,2679,3308,2151
Dnpep,1461,2872,2114,2480,2227,2558
Ube2g2,2380,2052,2243,1629,1810,1539
Tfam,2417,2963,2550,1505,2039,2045
Cep120,1808,1890,1487,1686,2223,2100
Phtf2,2034,2109,2545,1686,1774,1386
Stub1,1982,3237,2004,2699,1539,1510
Cdc5l,2777,2493,2499,1949,1916,1769
Spns1,1331,2812,2280,2520,2064,2192
Ss18,2388,2732,2958,1496,1199,1566
Tdrkh,1662,2743,2262,2287,1781,2164
Arhgap1,1677,1796,1929,2392,2654,2044
Cep192,3068,3481,2522,1890,1722,1591
Chuk,1999,3155,1732,1501,1896,1745
Nubp2,2484,2796,2193,2291,1801,1691
Upf3a,1964,2110,2112,2028,1856,1327
Prr13,2501,1687,1677,2115,2544,1773
Cnot8,2520,1843,2212,2202,2294,1666
Cnih4,2619,2437,2242,1724,1484,1668
Men1,1599,2280,2462,2502,2575,2200
Kifc5b,2205,2424,3825,1807,1293,1310
Ehbp1,2592,2575,1794,1886,1929,1687
Abhd16a,1322,1262,1416,2591,3391,3040
Brap,2213,3290,2520,1895,1702,2025
Ube2j1,2285,2554,2076,1983,1209,2023
Zfp326,2019,3447,2871,2024,1926,1799
Tmtc1,2715,2127,1607,1588,1408,1820
G2e3,2336,1992,2636,1686,1862,1750
Socs7,2200,1487,1960,2029,2014,2046
Tlk1,1862,2416,1523,2539,2185,2082
Rnf220,2519,1921,2210,2373,1558,1576
Cacul1,1761,2607,2820,2783,2488,2154
Pcif1,2503,2216,2084,1578,2284,1636
Spon1,2092,2007,2465,3571,2249,2162
Klhl2,2662,1838,3354,1148,2026,1930
Vps13a,2298,1929,2224,2113,2100,2318
Tgfbrap1,2446,2311,2087,1987,2469,1274
Wdr59,1177,2242,2183,2270,2581,2532
Mvd,1389,972,1556,4508,3497,3177
Srrm3,1742,1995,2531,2884,2074,2218
Ppil2,1984,1723,2094,2719,1739,2503
Tbc1d14,2441,3048,2229,1395,1685,1434
Fam163a,1810,2288,3070,2759,1785,1940
Cdk8,2100,2249,1700,1539,1491,2412
Ric3,2095,2064,1809,2600,2633,1946
Ltbp3,2860,2797,2267,2559,2047,1947
Mum1,2047,2249,2531,2133,1839,2237
Fcho2,1729,2599,1852,2277,2185,2222
Pex6,2370,1564,1895,2668,2625,1991
Atf7,1681,2127,2338,1836,2502,1780
Ubn2,3090,1784,2169,2321,1741,1997
Samhd1,2871,3031,2484,1309,1109,1333
Napg,1705,1741,2322,2585,2089,1876
Use1,2309,1996,2015,2133,1469,2766
Cog1,2748,2323,1726,2527,2611,2792
Sntb2,1533,1712,1771,1806,1705,2583
Mfsd14b,2721,1538,2892,2491,1935,1873
Pcf11,2147,2244,2217,2329,1872,2135
Ppp1r18,2652,2285,2258,1740,2327,1705
Psmb5,2121,2427,2112,1621,1828,1447
Soga3,1448,1674,1894,1759,1919,1823
St3gal2,2038,2218,1870,2194,2245,2787
Luc7l3,2803,2309,2198,1211,2882,1585
Kif18b,3959,3192,3143,1364,1786,1050
Rhob,2671,1713,2390,1897,1819,2574
Synm,2603,2547,2685,1922,1880,1906
Nkap,1985,2621,1954,2010,1974,2620
Sft2d2,1454,1453,1446,3712,2469,2642
Umps,2722,2790,2043,1402,1183,1359
Pgrmc2,1694,2253,2407,2251,3253,2789
Arhgef1,2154,2547,2169,2027,1693,2157
Mepce,1391,2401,1798,2300,1837,1657
Rpl36a,2312,2242,1851,1996,2107,1852
Mrpl37,2128,1655,2491,1803,2379,1827
Pip5k1c,3606,2324,2187,2237,1711,1330
Crocc,2091,1481,2108,2605,3026,1304
Sh3pxd2b,1511,1712,1723,1679,2695,2859
Vmp1,2280,1386,2459,1785,1789,1575
Trim59,2003,3306,2645,1700,1235,2125
Dnajc9,2411,3864,1643,1881,1491,1431
Rtf1,1624,2518,2921,2227,2141,2084
Sh3bgrl3,1837,1247,1144,2778,2079,2303
Stra6,1955,1702,2319,2474,2532,2713
Setdb1,1876,2780,2406,2055,1885,2139
Tmem108,1926,2240,1717,2154,2102,2267
Pin1,2906,2211,2262,1989,1789,1512
Cdc73,2434,2822,1948,1589,1679,1901
Psmf1,2203,2394,2221,2307,1368,2711
Ndufa5,2022,2655,2614,1441,2456,1771
Cdc20,2516,2709,2257,1157,1364,1932
Abhd13,2068,2078,1485,2077,2019,1630
Iws1,2629,2006,2825,2309,1818,2311
Ap1s2,2168,2661,2723,1023,1437,2083
Rnf111,1633,1815,1599,2560,2396,2461
Celsr3,2018,2070,1986,2086,2220,2975
Yipf3,1398,1701,2062,2461,2513,2452
Mrps30,2492,2179,2259,2789,2876,2068
Slc39a9,1962,2036,2081,1976,1996,1923
Gcsh,2984,2756,2343,1003,1375,1252
Ppp2r2d,3132,1813,1377,2402,1956,1660
Rbmx,2616,2968,2656,1728,1501,2387
Fjx1,2767,2502,2113,1620,1641,2047
Atg2b,1732,1893,2942,2279,1413,2078
Pitpnm2,2155,2099,2296,1354,2412,1603
Gna12,1910,1539,1902,1979,2381,2237
Pofut2,2596,1804,1739,1625,2256,2374
Lrpap1,2294,1828,1395,2278,2265,2289
Cdc25b,3459,1997,2099,1570,2228,2611
Gtf2f1,2465,2428,3426,1705,2550,1957
Crtap,2123,2146,2077,2209,1848,2024
Slc35c2,2134,1607,1267,1980,2243,2210
Galk1,1907,2878,2309,2006,2346,2347
Fbxo45,2152,2176,2715,1990,1389,1864
Synrg,1654,2166,1745,1523,1743,2479
Lmf2,2718,2367,2341,2418,1907,2304
Jag2,1783,2145,2183,2625,1856,1554
Pfdn6,2651,2782,2127,1624,2021,1254
Pfkfb3,1361,2293,1802,2624,2255,2098
Mcm10,3697,3057,2309,1147,931,950
Gpsm1,1537,1619,1991,1704,2127,2599
Slc35a2,1990,1922,2062,2100,3050,2689
Dact3,1398,1293,1612,2257,1694,1649
Creb3l2,1825,2072,2246,1891,1873,1771
Atr,2762,2202,2586,2426,2053,2234
Sf3b6,1830,2285,2361,2058,1574,2009
Col4a3bp,2432,1871,3140,1744,952,1643
Mmadhc,1996,2051,2195,1480,1647,1397
Srpk2,1121,1441,1495,1832,2750,2820
Tbcb,2286,2000,2512,1700,2293,1698
Zmym3,2171,2270,2224,2561,2771,2569
Atp2b4,1719,2061,1438,1536,2760,2242
Baz1a,3035,2503,2793,1264,1151,1018
Nnt,1516,2197,1539,2478,1913,2502
Ogdhl,1679,2050,1894,1800,2913,1747
Pex3,2036,1440,2083,1725,2168,2147
Arfgap1,1969,1878,2949,1657,2186,1684
Ciao1,3087,2232,2217,1620,1732,1612
Slc20a1,1847,2681,2180,1009,1760,1510
Naa20,2628,2428,2093,1304,2013,1413
Nkiras2,1838,1634,1608,3030,2702,1717
Foxj3,1413,1743,2184,1522,2188,2240
Eif2ak1,1592,2166,3565,2189,2558,1533
Bin1,2114,1567,1622,1450,2903,2318
Nln,1983,1887,1967,1747,2172,1914
Ralbp1,2248,1806,2513,1512,1710,2355
Snrpb2,2805,1990,2160,1441,1316,1829
Syf2,1891,1924,2103,2209,1801,2084
Armc1,1851,2176,1688,1562,2470,1497
Glul,1472,2107,1806,1628,1374,1255
Zpr1,2402,2832,2634,1044,2153,1571
Gnptg,1589,1748,1576,1602,3245,2131
Tprgl,2072,2596,2260,2545,1707,2172
Spop,2223,2570,1969,2105,2020,1433
Stbd1,900,938,1229,2588,4437,2586
B4galt5,3074,2659,2807,1717,1788,1773
Yipf6,2378,1538,1706,2105,1907,2129
Rprd1b,2598,2904,1949,1774,1540,1763
Pdrg1,1509,1993,2308,2114,2408,2913
Tmem87a,1826,1657,1983,2059,1688,1926
Ints13,2100,1580,2271,1765,1602,2237
Chmp2a,1613,1628,2053,2948,1835,3258
Id1,2782,2692,2874,557,674,520
Gid8,2082,2349,1925,1366,1740,2222
Nelfa,2317,1789,1784,1953,1740,2241
Pik3ca,2036,1836,1511,2867,3156,1406
Uph,1492,1788,1848,3337,3238,2553
Plxna4,3029,2412,3000,1653,1726,1339
Rhox2f,1978,2007,1989,2276,1670,1892
Tmem129,1187,1863,1503,3298,2386,1933
Map3k5,1889,2414,2083,1414,2038,2406
Eps15l1,1998,1714,2151,2137,2351,2134
Zeb2,2816,2622,2366,1739,1586,1685
Surf6,2196,1874,2869,1424,2900,1452
Sh3bp5l,1950,2107,1769,2127,1839,1999
Lsm6,2298,2117,2752,1424,1742,1438
Ndrg3,2063,1767,1727,1820,2327,2103
Galnt7,2216,2667,2377,1544,1676,1939
Lama5,1569,2178,1652,3358,3028,2115
Vps4a,1726,1434,2164,2026,1439,2389
Dcaf5,1957,1545,1432,2084,2724,2433
Lsg1,2069,1915,2167,2176,1709,1637
Nol10,1736,2909,2507,1725,1300,1005
Acadl,1933,1481,2025,2538,3845,2395
Gtse1,2410,3097,3329,1398,1234,1348
Exosc4,2030,1736,1976,2018,1877,1814
Stk3,2117,1531,2438,2287,1665,2192
Denr,2905,2384,2951,1403,2082,1674
Bsdc1,1905,1288,1551,2617,2265,2253
2017-03-05 00:00:00,1810,2282,2867,1767,2051,2063
BC031181,1764,2103,2401,3037,2474,2351
H2afv,1639,2615,1972,2323,1757,1991
Ift172,2033,1254,1478,3298,3971,2494
Cep68,2174,2651,1854,2249,2349,2509
Nt5dc3,2590,2388,1982,2464,1954,2378
Rbbp5,1779,1369,2016,1869,1834,2516
Mgat2,1438,3076,2193,1381,1608,1873
Fam32a,2442,2496,1734,2818,1850,2387
Wipf3,2274,1856,2450,1815,2403,1076
Ppan,2414,2494,2937,1652,1701,2113
Elovl4,2035,1585,2378,1249,1867,1729
Mybl2,3380,2933,3402,1520,922,946
Mrpl48,2231,2091,1919,1988,2862,1950
Rpl13a,1369,2031,1735,2250,1847,1980
Srek1,2602,1844,2892,1676,1668,1906
Gm2a,1165,1273,1298,3137,2379,2656
Chordc1,2059,1894,1966,1787,1424,1746
Pias2,2917,2283,2523,1022,1446,1826
Scg2,1626,1547,1857,2185,2999,3009
Slc12a9,1879,2018,1535,2173,2462,1984
Rab8a,1431,2446,2694,2120,2193,1338
Ndc1,2631,2916,2156,1066,1673,1781
Rprd2,2251,2178,2392,2057,1764,2225
Zeb1,1599,1990,1653,2214,2200,2700
Tspan18,1527,1529,1722,1222,2433,2418
Mak16,2139,2445,2092,1687,2365,1307
Ncapg,2013,1837,2113,1201,1793,1149
Trib1,1318,1261,1020,2241,2470,2502
Cxx1a,1876,1486,1522,2417,2752,1974
Rnf168,2705,2599,2703,1149,1128,2524
N4bp2,1750,1842,1916,2163,2177,1845
Utp11,2205,1882,2995,2196,2249,2317
Stk16,2278,2023,1981,1702,1702,1826
Mrps18a,1908,2039,1856,2293,1642,2003
Lamtor1,2113,2373,2176,2224,2366,1605
Snhg1,2456,1431,2257,1674,1859,2394
Ostm1,1905,1403,1616,1801,1901,2420
Xrn1,2234,1433,1911,2024,1811,1960
0610010F05Rik,1766,2339,2293,2117,2181,1815
Zadh2,1487,1177,1356,1963,2457,2665
N4bp1,1334,1669,1997,1795,2399,1556
Cep83,2221,1829,2172,1672,1841,1712
Bloc1s6,2352,2215,1837,2253,2309,1921
Nans,3461,2141,2324,1601,974,1393
Fbxl5,2210,2212,1710,2633,1890,2044
Snx9,2414,1878,2447,2053,1582,2614
Trnt1,2228,2321,1674,1893,1963,1842
Eno2,841,1070,748,2871,3910,2932
Zfp365,2399,2927,2274,1188,1367,1128
Susd6,1749,1264,1195,3452,1972,2573
Itgb5,1366,1471,1331,1973,1799,2428
Exoc2,2188,1820,1493,1891,1597,2037
Mfsd1,1697,1461,1982,2018,1749,1348
Serinc5,1058,1652,1078,2080,2787,2268
Slc25a20,1294,1662,1472,2559,1934,1943
Fbxo38,1346,1985,1614,1898,1863,3056
Emc2,1561,1557,2392,1958,1841,1565
Miga2,2529,2128,1548,2609,1723,1670
Zfp704,1370,1532,1056,2555,2183,2745
Ptprg,1789,2063,1295,2242,2109,2199
Arl8a,2204,1629,1458,2637,1737,2132
Cxx1b,2014,1809,1358,2511,2131,2236
Yes1,1741,2701,2105,2275,2409,2175
Myadm,1907,1388,1289,1913,3467,1843
Mrpl10,2090,1810,1863,1747,2113,1877
Clcn4,1821,1716,1760,2543,2334,2148
Rap1gap2,1834,1297,1848,2068,2910,2268
Pgs1,1597,1932,1593,1736,2162,1685
Tpd52,1386,2131,1366,3311,2673,2304
Ndufab1,2123,1833,2131,1651,1495,2273
Rnf41,2171,1877,2445,2429,1968,1909
Rnf19a,1588,2099,1489,2316,1604,2907
Cisd1,2022,2286,1792,1838,1759,1298
Ttc1,2317,2025,2187,2077,1693,2528
B4galt1,2359,1722,1835,2016,2579,1434
Btbd10,2413,2058,2077,1487,1730,1903
Actl6a,2994,2386,3247,1819,1521,1060
Rap1gds1,1707,2073,1593,2050,1957,2138
Polg,2177,2331,2598,2090,1758,1856
E2f1,2376,2651,3106,1737,1960,1845
Abcf3,1865,1412,1799,1805,1781,2206
Sacm1l,1782,2258,2893,1281,2476,1394
Mul1,2812,1900,2355,1761,2808,1627
Fgfr1op2,1755,1823,1914,2388,1897,1819
Zfp629,1495,1649,2286,2002,1792,2076
Zfp644,2110,2166,1997,2018,2197,1449
Ndfip2,2574,1810,1181,1419,2363,1955
Tmem109,2145,2363,2203,1942,1784,1520
Ints11,2644,1835,2047,1698,1348,1981
Elmsan1,1623,1816,1351,1659,1804,3183
Mapk10,1479,2010,1824,2921,2246,2511
Pan2,1628,2247,1665,2245,2346,2896
Ddx10,2086,2009,1824,1738,2273,1271
Cdc25a,3839,2829,4048,1084,1210,1381
Vamp2,1328,1531,1997,2098,2420,1887
Add3,2753,2007,2683,1759,1817,1646
Mettl16,1832,2204,3002,1839,2027,1625
Spryd3,1988,2572,1646,1739,1600,1745
Crls1,2313,2208,2763,2006,1639,1861
Uap1,2340,2709,1738,2342,2122,1576
Cdk5rap3,1977,2470,1562,2108,1364,1974
Rev1,1644,1767,2349,1870,1935,2029
Nol12,2230,2208,1963,2176,2080,1396
Ap3m1,1497,1663,2434,2067,1715,2122
Arrdc3,2036,963,1203,2861,2176,2547
Ercc6l,2599,2231,3028,1234,1086,1170
Polr2g,1928,1705,1857,1836,2241,2564
Noc4l,1868,3092,2011,1403,2016,1921
Cpsf7,1831,2028,1903,3177,1696,1748
Wdr13,1117,1365,1306,2399,3319,2082
Polr3e,2665,2224,2300,1863,1740,1975
Crnkl1,2004,1840,2048,1632,1793,2230
Nlk,1843,1718,1936,1906,1939,1966
Inafm2,1394,1553,1501,1594,2868,2766
Gosr1,1608,1318,1851,2084,2328,1469
Pogz,2346,1694,2486,2795,1823,1849
Ncbp2,1920,4150,2494,1639,1503,1447
Cldn12,1159,1794,2625,1903,2554,1632
Zfyve16,1861,1701,1769,2432,1723,2180
Rbm14,1846,2553,2402,1732,1902,2125
Tmcc3,1535,1400,1854,2262,2153,1679
Kif20b,3062,2643,3199,985,1162,1328
Nub1,1391,1884,1853,2190,2786,2744
Aco1,2314,1488,1970,2334,1702,1514
Tbl1xr1,1595,1584,1746,2029,1835,2321
Crat,2332,1663,1667,2833,2811,2168
Sec61g,2700,2026,2134,1851,2233,1531
Slc25a33,1699,1691,1417,1915,1449,1799
Nup54,2056,2244,1725,1735,1857,1143
Impdh1,1609,2240,1528,2574,2499,1997
Aldoc,552,567,686,2453,2576,2817
Ptcd2,2503,2442,2135,1609,1821,1326
Mrpl13,1733,2707,2702,1288,1634,1591
Fam171b,1573,1202,1283,2595,2727,2731
Rdh11,1390,1853,1873,2345,1593,2656
Stk24,1730,1893,1749,1856,1743,1775
Clec16a,1245,1932,1221,1825,1882,2080
Znrf2,2671,1722,1751,2148,2546,2624
Rrp1b,2423,2323,2196,1046,1350,1312
Camk2n1,2201,2845,1889,2079,1836,1963
Pabpc4,2185,2395,1932,1245,1428,1305
Mrps6,2708,1700,2481,2139,1683,1596
Washc4,1243,1856,2084,1824,1801,1929
Pikfyve,1837,1929,2012,2667,2419,2510
Tmem55a,3277,2018,2666,2011,1324,1674
Nfyb,2013,2187,1865,1774,1815,2004
Als2,1808,2161,2002,1346,2143,1963
Tmem201,2314,1875,2028,1714,2057,1496
Sec61b,1886,2115,2005,1829,1275,1503
Yrdc,2269,1998,2267,1355,1569,1593
Msl2,2163,1932,1539,2448,1923,1894
Uqcr11,2205,2087,2009,1468,2043,1686
Diras2,1237,985,1153,2397,3377,3778
Creld1,1233,1280,961,3886,2610,2338
Lztr1,1736,2268,2138,2165,2572,1876
Tmcc1,2120,1558,2493,1488,2306,2120
Cenpa,3198,1933,2833,1297,1036,1142
Spry2,2323,2168,2762,2140,1541,1868
2310035C23Rik,1867,1531,2196,1501,2084,1707
Strn,1250,2744,2160,1822,2099,2453
Ube2o,2082,1411,2447,2108,2150,1975
Cyp2s1,779,542,625,3070,3389,2884
Mtmr9,1601,1729,1494,2100,2281,2080
Gata4,1578,2739,2670,1253,1500,1290
Mtfr1l,1550,2197,1826,2429,1658,1885
Taok3,1988,1864,2019,2437,2691,2254
Lemd3,1609,2058,2190,2435,1946,2843
Drap1,1885,2579,1813,2147,1658,1473
Vta1,2075,1452,1975,2221,2074,1988
Rbsn,2281,1925,1509,1863,2880,1963
Leng8,1907,2466,1931,2119,1939,2376
Dad1,2124,1796,2102,1414,1487,1680
Aph1a,1765,2066,2249,2033,1986,1639
Plekhh3,2164,2006,2252,1815,1876,2299
Fkbp3,2561,2640,2221,2040,1456,1647
Rc3h1,1875,1867,1820,2350,1996,1328
Cactin,1607,2874,2114,1500,1749,1302
Taf5l,1714,2165,1949,1705,1956,1817
Bves,2104,2294,1753,1724,1961,2177
Taf4,1957,1851,2330,1138,1923,2068
Terf2ip,1994,1491,1396,2046,2271,1879
Micu2,1796,1477,1456,1550,1878,2388
Stag1,2350,3048,2332,1286,2047,1680
Tmem165,2064,1221,2171,1615,1655,1688
Tiprl,2268,1506,2276,1785,2052,2223
Uchl5,2016,2712,2245,1642,1955,1175
Nudcd1,2005,2188,2595,1840,1813,1659
Itsn2,3067,1200,2134,1560,1674,1707
Gramd1b,1098,1276,1854,2725,1505,2640
Cdk13,1711,1770,2042,2532,1876,1807
Asb1,2310,2364,1908,1440,2050,2175
Fem1a,1622,1196,1354,2967,2187,2258
Sord,1578,1669,2291,2244,1790,1973
Zc3hc1,1507,2312,2281,1820,2410,1485
As3mt,1990,2071,2306,1949,2336,1750
Ip6k1,1970,1399,1493,1923,2226,2071
Mrpl3,2654,1967,1710,1793,2247,1774
Edrf1,1975,1514,2496,3031,1585,1633
Hspa13,2233,2357,1854,1389,2431,2301
Scyl2,1400,1568,1099,2101,2051,2825
Galnt3,608,739,662,3076,3934,3554
Rbm15,1743,2272,1577,1376,1709,1906
Magi3,1607,1338,2000,2216,2167,1710
Pcnt,2860,2443,3034,1216,1521,1426
Esrra,2366,2194,1382,2476,2106,1820
Tmem120a,1801,2334,2289,1577,1544,1547
Ddah2,1803,1881,1435,2780,2190,2609
Ttc37,1934,2571,2352,1578,1322,1549
Cpeb1,1375,1757,1339,1900,1799,1810
Trim67,1823,2128,1464,2140,2326,2789
Bend3,1786,2059,2728,1247,1700,1492
Hagh,1401,1266,990,2358,2640,2926
Fosl2,1271,1345,1187,2607,2352,2336
Prrc1,1690,1866,1895,1851,1819,2158
Ash1l,2182,1639,2260,1799,2330,1550
Itpa,2132,2234,2401,2237,1876,1253
Tiam1,2144,1871,3216,1415,1902,1316
Tubgcp2,1683,1988,2701,1297,1111,2221
Evl,1835,2292,1774,2494,2144,2594
Prim1,2158,2142,2458,1015,1076,1490
Emilin1,1497,1454,1429,1630,2500,1753
Fuca2,1777,2004,1874,1659,1735,2012
Abcc5,1800,1770,2532,2160,1706,2181
Vps8,1339,1863,2044,2242,2086,2144
Hmbox1,1285,1330,1678,1872,1731,1744
Gpd1l,1992,2104,1707,1750,1833,1886
Zhx1,1810,1565,1071,1640,2158,2898
Xkr7,2140,1750,1981,2039,1696,2124
Dnaaf5,2261,1755,1684,1953,1770,2061
Pik3c2a,2372,1792,2007,1789,2162,1948
Uba6,2144,2282,1612,1725,1932,1602
Ccdc124,2253,3156,2583,1858,1636,1469
Ppp1r14c,1453,1794,1682,1998,1870,2709
Snw1,1695,2617,1804,1559,2123,1623
Pcyox1,1347,1503,1549,2744,2339,2433
Ccp110,2524,1868,2214,1058,1357,1578
Hmgxb3,1958,1912,1869,1555,2199,2045
Ntmt1,1814,2280,1591,2244,1984,2440
Map3k4,1737,2293,1941,1682,2049,1622
Vma21,2251,1734,1492,1309,1674,1772
Rpap3,2250,3219,2130,1182,1593,1437
Washc2,1962,1645,2055,1858,1897,1735
Snx6,1841,1542,2031,1916,2508,1916
Dhx16,1882,1908,2288,1354,1878,1661
Pdcd4,973,1517,1475,2668,2351,2874
Usp3,1831,1809,1752,1588,1979,1824
Akirin1,2009,2198,2942,1305,1957,1978
Pycr1,1263,898,1200,2403,1820,2543
Crebzf,1813,1949,1366,1169,1533,2129
Nup43,3416,2238,1540,1331,1417,1458
Fam76a,1605,2092,1316,2054,2291,2190
Ank2,1249,1205,1292,1809,1683,2625
Stx7,1656,1957,1165,1412,2135,1505
Taf9,1671,1837,1582,1733,1700,2023
Gpkow,1910,1477,2111,1994,1619,1767
Actr3b,1981,1085,1041,3227,1785,1959
Romo1,2297,2437,1960,1653,1708,1664
Suz12,2434,2496,2528,1485,1327,1538
Timm29,2066,1633,2282,1501,1875,1680
Spg11,1915,2292,1952,2168,2353,1840
Arel1,1829,1505,1199,2733,2529,1299
Tmem234,1743,1768,1499,1778,1606,1577
Mtf2,1982,1670,2751,1635,1616,1584
Slc23a2,1973,1774,2561,2241,2122,2315
Orc4,2160,1885,1697,1862,1495,2547
Magt1,1793,1764,1968,2679,1961,1906
Spag5,2596,2101,2622,1782,1183,1446
Mgat3,948,1636,1281,2271,2577,1877
Ppil4,2381,2488,2308,1616,1950,1784
Nlgn2,2001,1150,1118,2117,2235,2598
Ech1,1835,1560,1598,1864,2476,1634
Zrsr2,1992,1631,2343,2216,1520,1758
Rsph3a,1337,1688,1514,1993,2143,2276
Mfhas1,1341,1088,1152,2093,2355,1839
Polr2l,1933,2266,3034,1107,1345,1469
Rpap1,2342,2136,1781,1451,1544,1169
Kctd3,1601,1701,1499,2193,2365,1299
Kif1bp,2001,2036,1310,2132,1806,2159
Tmem222,2195,1513,1647,1259,2016,2225
Lrwd1,1425,1910,1983,1702,1667,1287
Tmem263,1763,1785,1444,2213,2286,2012
Syap1,1488,1692,2057,2251,1927,2115
Klhdc3,1424,1934,1874,2324,2050,1952
Spata2,1197,1301,1483,2545,2483,2381
Surf1,1603,1462,1301,3125,2060,2609
Fbxl14,2395,2252,1877,1484,2158,1826
Lrrc42,1347,1811,2340,2351,2081,1870
Zc3h7a,2311,2257,2310,1526,1895,1753
Inpp5a,1862,1647,1408,2162,2643,3720
Kcnab1,1346,1147,1485,3385,2351,2899
Elovl6,1779,1431,1842,2451,2295,2051
Nsmce1,1846,1726,1961,1612,1622,1581
Eif4ebp2,1607,1790,2142,1851,1348,1662
Vps13d,1669,1083,1658,1574,2260,2445
Ckap2,2644,3312,2308,1048,980,1124
Adgrl2,2305,2191,2779,1434,1895,1410
Nop9,3502,3338,3414,1081,1392,1705
Myg1,2403,1931,2186,1728,2339,1862
Hk2,1785,1850,1657,1580,2050,1916
Fbxw2,2350,1878,2722,1840,1806,1585
Vps37a,1332,1693,1857,2512,1987,1591
Mob1b,1677,2466,2309,1782,1159,1440
Ube2q2,1591,1720,1870,1712,2593,2182
Dctn6,1626,1822,1880,1688,1102,1703
Lrch3,1910,1751,1605,2114,1814,1742
Rai14,1872,1358,2311,1306,1352,1910
2017-03-09 00:00:00,1873,1221,1067,2507,2389,2555
Ppp1r7,2471,1671,2298,1942,1549,2076
Ttc9c,1992,2332,2298,2475,1494,2488
Afap1l1,1779,2133,1856,1787,1563,1790
Pus7,2426,2513,2056,1518,1472,1279
Elp5,2116,2060,2634,1327,2151,2257
Erp44,1460,1728,1740,1973,1585,1839
Dtymk,2389,3018,2060,1685,1721,1345
Cpne3,2105,1807,2223,1841,1783,1381
Spire2,1906,1450,1528,1771,2269,1640
Caskin1,1701,1445,897,2169,2458,1877
Ostc,2214,2206,1806,1657,1876,1650
Wsb1,1533,1829,1644,1902,2426,2417
Eny2,2139,2251,1844,1201,1389,1356
Rfc3,1943,2695,2007,1566,1320,1310
Mllt1,2231,2649,1825,1547,1911,2212
Lancl1,1545,2019,1735,2005,1720,2321
Dip2b,2077,2379,1186,1793,1907,2582
Nae1,2003,1985,2177,1755,1383,1299
Prps1,2647,3231,2121,1135,1786,1877
Ino80,1831,1497,1780,2535,2082,1333
Thoc3,1647,2549,2050,1817,1416,1545
Grk6,3001,2320,2560,1506,2132,1419
Znhit1,1876,1997,2068,1409,2158,1820
Sun2,2277,1439,2676,2643,1326,1564
Slc20a2,2479,2795,1577,1466,1446,1182
Tmem168,2057,1781,2138,1749,2214,1892
Nfe2l2,2226,1363,1929,1795,2084,1588
Asph,1801,1535,1019,1898,2567,1234
Mvb12a,2221,1676,1931,2415,2523,1941
Thoc1,1526,2052,1973,1398,1138,1615
Diexf,2323,1716,1959,1606,1411,1612
Oat,2335,2102,2459,1173,1395,1131
Tmem97,2042,2273,2268,1703,1981,1672
Chmp7,1730,1725,1628,2320,1839,1181
Mink1,2114,2823,1761,1663,1280,2083
Trim56,1969,1373,1754,2313,1836,2459
Fam179b,1358,2180,1913,1842,2384,1241
Dctn5,1829,2482,2129,1578,1828,2221
Egln2,1647,1830,3051,1730,1693,1757
Hdac3,2441,2374,1565,1313,1265,2166
Ppp2r1b,1922,2210,1780,1601,1178,1732
Elf2,1976,1858,1615,1792,2148,1629
Atp6v1f,1440,2064,1530,2124,1787,1584
Ssu72,1946,1469,2349,1671,2442,1989
Prkab1,2276,1727,2071,2627,1814,1766
Fig4,1621,1296,2137,2276,1902,1760
Maml1,1854,1820,2604,1684,2072,2123
D10Jhu81e,1220,1889,1110,1731,1918,1990
Pkd1,1842,1687,1648,1852,2008,2132
Erlec1,1800,1799,1375,1969,2969,1991
Sigmar1,1894,1856,2274,1510,1773,1074
Lsm7,2541,2559,1737,1631,1189,1493
Wdr3,1518,2185,2973,1140,1387,923
Mrpl2,1394,1810,1789,1443,997,1981
Mical1,1255,2163,1412,2011,1802,1531
Frs2,1729,1904,1572,1206,2170,1876
Slc4a1ap,1936,2153,1533,2547,2238,1877
Mgat5,1522,1594,1541,2409,2080,2092
Sgsm2,1241,1434,1135,2468,2106,1881
Eml3,2235,2026,2088,1942,2145,1755
Brpf1,1844,1649,1851,1643,1533,2175
Abhd12,1459,1945,1999,1747,1680,1994
Map2k4,1435,1971,1874,1944,1806,1330
Arrb2,2797,2067,2338,1716,1831,1614
Cstb,1131,1678,1979,2269,1592,1815
Shcbp1,2376,3392,2238,1139,1132,1393
Coasy,2079,1425,2008,2458,1947,2010
Angel2,2135,2021,1776,2239,2128,1572
Ncoa7,1723,2097,1708,1796,1736,1688
Adpgk,1730,1449,2035,1905,1681,1950
Nr1d2,2394,1686,1642,1232,1397,1674
Ndufa1,2348,2142,1678,1529,1791,1552
Tmem245,1581,2112,1419,1416,1672,1482
Rnaseh2a,2557,2309,1710,1326,1602,1421
Vwa5b1,1258,921,1271,2839,1615,1791
Zfp395,1702,1341,1184,1616,1916,1522
Nelfe,2462,2020,2596,1779,2157,1781
Rala,1593,1907,2204,1374,1500,1481
Snx12,1508,2430,2090,1491,1712,1134
Ddx47,2099,2137,1738,1840,1074,1908
Tma16,2941,2550,2132,1298,1332,1360
Trim23,1996,2375,1687,2290,2060,1553
Sh3gl1,1812,1173,2131,1892,2418,1343
Pdpr,2758,2148,1274,1707,2135,1426
Tmem189,1488,1682,1743,1769,1237,1839
Smurf1,2012,1879,1737,1815,1648,1483
Phf2,1664,1933,1985,1823,1503,1818
Mier3,1807,1517,2031,1402,1437,2934
Orc3,1815,1544,1666,1733,1616,1487
Unc80,2025,1680,1723,1763,2116,2171
Fam3c,1692,1961,1621,1589,1255,1462
Chsy1,1682,2123,2266,1484,1488,1523
Mdm4,1209,1522,1724,1977,1492,2018
Bcl2l1,1639,2197,1469,2889,1516,2540
Mettl13,2079,2183,2760,1870,1497,1442
Zranb1,1936,2594,1579,1653,1670,1927
Med6,1596,1715,1429,1647,1952,1941
Fzd4,1391,1651,1624,2363,2058,2104
Plod2,1620,1649,1366,2021,2058,2112
Stau2,1339,1113,1300,2192,3205,3352
Sucla2,2100,1604,1660,1501,1808,1961
Mxi1,1363,1343,1346,2648,1604,2388
Inpp5b,1570,2060,1959,1583,1543,2629
Mex3a,1253,2121,1408,2768,1678,2027
Kiz,1626,1513,1059,1830,2502,2507
Sulf2,2079,2440,2278,1533,1581,1899
Nova2,1911,1323,1318,2552,2107,1467
Cdk2,1647,2221,2971,1278,1003,1271
Klhl24,862,1504,1497,1565,2337,2310
Mzt1,1266,1710,1680,1931,2169,1758
Fbxw5,1362,1544,2416,1971,2149,2334
Peg13,1748,1084,1384,2310,1599,1924
Tipin,2568,2266,2284,889,1301,851
Zdhhc6,1837,1418,1815,2594,2155,1913
Gipc1,1865,1957,1974,1278,2488,1487
Dhx40,1942,2204,1968,2340,1276,1836
Tbc1d4,1596,1796,1795,1487,1725,1571
Morn4,1559,1508,1282,1671,2171,1891
Usp24,2024,1859,1864,1824,1393,1027
Tmem127,967,1590,1087,1860,1910,1974
Tacc2,1418,1267,1267,2947,1512,2188
Gab2,1492,1089,1205,3099,2200,2707
Tmem41b,1494,2349,1606,2105,2085,1794
Arl5b,1910,1579,1772,1436,1520,1425
Mcph1,1892,1932,2199,1314,1803,1729
Tulp3,1695,1467,1619,1820,1554,1431
Ecd,2495,2542,2025,1592,1741,1662
Rspry1,1631,1658,1730,1674,1881,1369
Ap1ar,1680,1636,2412,1523,1323,1610
Ocrl,1002,1426,2108,1844,1955,2149
Ccdc86,1923,2602,1780,1678,1479,1730
Zyx,1120,1807,1488,1696,1808,2035
Wdhd1,1812,2911,1836,994,687,891
Wee1,2691,2325,3333,1395,1754,1182
Zfp146,2025,2098,1218,1925,2123,1881
Arfip2,1255,2240,1747,1066,1884,1852
Sap130,2249,2181,1458,1801,1972,1825
Tef,1624,1143,1506,1840,1461,2012
Rnf139,1456,1203,1740,2240,2016,2221
Tcaf1,1826,1252,1782,1781,2190,1469
Stxbp5,1227,1734,1469,1540,2089,2523
Cdkn2aipnl,1361,1314,1914,3157,2086,1796
Ctdnep1,1388,1502,1585,1431,1338,2303
Spc25,1865,2306,1920,949,1339,1484
Abcd3,2060,1520,1520,1773,1888,1761
Tanc2,1143,1172,1262,2401,2706,1486
Pcmtd2,1114,1627,1848,2352,2099,1759
Tyw1,1612,2094,2239,1649,1728,1541
Edem1,1636,1819,1765,1584,2124,1609
Nol7,1864,2335,1378,2237,1823,1307
Gprin1,1956,2159,1644,1340,1894,1796
Rxrb,1469,1665,1867,1934,1933,1794
Kdm4b,960,1178,881,1735,2392,1911
Polr3h,1886,1530,2452,1506,1510,1950
Rec8,910,870,743,2604,2883,2837
Ttk,2047,2191,2408,1180,864,1315
Ascc1,1509,1726,1498,1708,2001,2387
Elovl7,2153,1751,1519,1664,1919,2369
Ankrd46,1476,2123,1631,1252,1964,1894
Thada,2046,2460,2205,1256,1482,1512
Cldnd1,2240,2164,2163,1415,1304,1765
Ier2,1733,2143,2560,1436,1739,1486
Katnb1,1580,1893,2351,1360,1475,1559
Tmem147,1354,1551,1691,1938,1578,1815
Stx6,1651,1538,1073,1963,2085,2138
Pkn2,1982,1539,1481,1946,1958,1230
Prkca,1640,1810,1546,2142,1913,2278
Lrrc75b,2102,2065,2340,1286,1536,1123
Cers6,2257,1269,2222,2007,1823,1248
Tbc1d23,1990,1072,1593,2002,1987,2241
Pip5k1a,1373,1565,1570,1285,1723,1654
Pnpla2,1620,1504,1654,2396,1528,1430
Daam1,1333,1247,1360,1822,2198,2190
Pias1,1908,2105,1902,1769,1595,1432
Scyl1,1647,1545,1973,2270,1879,1962
Kctd17,1490,1350,1616,1647,1818,1843
Hmox1,1603,1868,1120,2082,1617,1593
Abcb8,1188,1955,1523,1638,1337,1606
Sgpp1,1863,2499,1102,1441,2214,2033
Snx4,1465,1376,1588,2273,1013,1778
Nupl1,2122,1877,3175,1436,1259,1890
Trappc5,1475,1657,2223,2061,1911,1680
Insr,1465,2067,1699,2484,1812,2037
Pbdc1,1770,2394,3165,1530,1356,1240
Nfxl1,1284,1570,1295,2132,1940,1655
Diablo,2181,2190,2079,1376,1696,1580
Pepd,2100,2158,2528,1046,881,1173
Trim32,1726,1547,1416,1929,1566,1822
Pde4b,1611,1970,1788,1638,1680,1760
Fbxl18,1591,1442,1783,1469,2454,1741
Ciz1,1309,1709,1869,1551,1800,1382
Atpif1,1389,1618,1376,1960,2727,2063
Kif23,2091,2400,2253,1370,877,1105
Tub,2812,3289,2876,895,951,842
Atox1,2149,2428,2020,1139,1494,1087
Pcmtd1,1395,1429,1271,2056,2517,2221
Wdr92,1935,1147,1798,1537,1339,1654
2810403A07Rik,1776,1337,1690,1542,1579,1890
Hspbp1,2269,1900,2125,1490,1042,1357
Tor3a,1944,1594,1382,2714,1407,1763
Ndufs6,1801,1463,1820,2407,1447,1554
Ndel1,1572,1562,1563,1405,1138,1693
Zdhhc7,1844,1782,1351,2655,1661,1827
Fam210a,1535,1491,2199,1348,1787,1603
Trappc4,1816,1661,1753,1610,2241,1812
Osbpl2,1728,1400,1493,1809,1565,1469
Palld,1830,1397,1850,2387,2561,2725
Klhl21,1769,1641,2456,1418,1450,1128
Trp53i11,358,443,546,3596,3257,3658
Samd14,1468,1560,1324,1800,1953,2131
Acta1,1878,1613,2019,1467,1516,1584
Eml1,1494,866,1111,1969,1824,2118
Zer1,1374,1254,1426,1900,2098,1870
Vps33a,1715,1950,1927,1468,1871,1994
Slc10a7,2178,1452,2387,2279,1906,1579
Pcsk6,1088,1396,988,3017,1671,2364
Tal1,1273,1189,1520,2615,1796,1903
Sertad4,2691,2029,2141,2289,1523,1389
Ctc1,2579,1734,1657,1418,1586,1315
Mcam,1795,1778,2732,1588,1943,1732
Cdh22,1442,1390,1361,1772,1703,2072
Camk2g,1171,1490,1748,1537,3506,2273
Cdip1,1810,1176,1639,1694,2261,1795
Gramd1a,1365,1535,1461,2189,2292,1763
Armc8,1799,1300,2052,1402,1512,1622
Birc5,2052,2134,2301,1215,857,1342
St6galnac4,1672,1837,1699,1793,1593,1809
Klhl7,1529,1533,2004,1633,1573,2132
Wdr4,2133,2202,2490,1125,1204,1227
Gtf2h5,2387,1906,2916,1622,1742,1709
Zfp362,1836,1752,1840,1654,1611,1844
Ptpn4,1416,1665,1402,1288,1587,1603
Uspl1,1610,2283,1498,1115,1468,1699
Rsrc1,1307,2112,1935,2267,1677,2412
Myo1c,1483,1565,1445,1991,1854,1497
Neurl1a,1193,928,843,2161,2354,1869
Fpgs,2119,2047,2456,1250,1391,1616
Atm,2003,1965,1685,1340,973,991
Slc35a3,1817,1778,1306,1516,1480,1473
Mapkapk2,1484,1961,1775,1799,1280,2407
Tbc1d22a,1107,1605,1796,1307,1921,2002
Arl2,1315,2185,1983,1792,1342,1967
Stam2,1390,1760,1335,2096,1695,1368
Homer1,2092,1360,1882,2206,1841,1701
Sec11a,1330,1466,1426,1879,1776,1659
Atp11c,2058,1808,1760,2047,1950,2047
Rab12,2201,2408,1008,1780,1621,1840
Cog2,1613,1572,1340,1771,1987,1592
Mpnd,1406,1217,1532,1883,1627,2493
Lrrc8d,1295,1840,1421,1388,1482,2190
Pygo2,1622,1599,1770,1470,1541,1878
Casd1,1612,1616,717,2095,2065,1954
Ppp2r3a,1612,1940,2092,1243,1902,1647
Snx2,2004,1421,1983,2142,2128,1813
Smarcd2,1934,1475,2307,2146,2211,1323
Gar1,2224,1907,1913,1033,1029,976
Exoc8,1701,1760,1921,2101,1860,1984
Fam63b,1105,1252,1262,2146,2580,3362
Zfp12,1618,1401,1483,2514,1720,1780
Ptdss2,1244,1676,1688,1661,1744,1510
Fam160b1,1819,1251,1742,2110,1793,1556
Zdhhc8,1805,1851,1995,1296,2015,1934
Meis1,1115,1384,1276,1693,2843,2563
Snrpg,3013,2054,2106,890,1600,1148
Tbx20,1891,1765,1990,1171,868,1128
Ulk1,875,1008,961,1897,3035,2635
Mesdc1,1932,1536,1935,2011,2763,1836
Rrp9,1560,2835,2370,874,1057,1211
Sdc1,1583,1742,1984,1767,1471,1478
Syt14,1242,1581,1947,1972,1621,2307
Camta1,1188,1391,1253,1716,1837,2180
Igf2r,591,665,534,2746,3078,2482
Cabp1,1489,1428,1053,2985,1845,2171
Stk38,1997,1799,2100,1599,1378,1770
Fam178a,1899,1408,2368,2097,1577,1749
Foxp4,2043,1996,1792,2033,1616,1409
Cacng7,1656,1375,1696,2009,1860,1676
Gde1,1533,1902,1472,1199,2442,1662
Aip,1942,1659,1652,1614,2323,1740
Ctdsp1,1824,2395,2614,1456,1395,1035
Slc25a23,1292,1429,1552,2339,2169,1518
Fbln2,1530,908,912,1918,1998,2716
Tspan4,2561,1835,2382,798,930,1621
Avl9,1516,1406,1481,1397,1537,2092
Brk1,1847,2046,1922,1751,1606,1328
Zfp219,1806,1440,2115,1547,1104,1464
Syngap1,1083,1401,1420,2234,1564,1378
Tssc4,1871,2360,2120,1590,2066,1424
Trak2,1390,1567,2091,1532,1257,1403
Ptgfrn,1581,1634,1345,1368,1751,1865
Chid1,1315,1561,1452,1875,1723,2444
Traf3,2575,1828,1519,1427,1076,1488
Adgra3,2195,2086,2132,1353,1369,1452
Rpl24,1496,2072,2009,1841,1679,1579
Rnf185,1240,1490,1351,1870,2274,1726
Zfp180,1329,1566,1827,1931,1658,1549
Podxl,1672,2725,1474,1922,1492,1546
Snrpa1,2205,2127,1751,1325,1167,1294
Ube2g1,1595,1457,1958,1799,1638,2446
Ctbp2,1294,1625,2104,1338,2042,1806
Ptpn12,1742,1572,1767,1378,927,1340
Tsc22d2,1636,1720,1697,1590,1990,1596
Cfap97,1568,914,1318,2314,1536,1632
Zcrb1,2193,1740,1517,1602,2145,1196
Xrcc5,1302,1305,1781,1349,1907,1665
Noc3l,2032,1803,1856,1433,1478,1002
Mogs,1549,1737,1874,2044,2266,1466
Bcl7c,1694,1315,2563,2278,1915,1378
Slc35b2,1704,1345,1743,2209,1464,1678
Ncapd3,2375,2610,2209,974,1507,819
Topors,1778,1802,2921,1560,1687,1482
Orc6,2179,2112,1863,958,1296,1775
Skil,1775,2083,2177,1605,1234,1204
Knop1,1680,2500,2025,1687,903,1014
Vamp7,1851,2066,1683,1311,1104,1589
Zfp862-ps,1579,1869,2463,1826,1238,1989
Med28,1329,1959,1276,1213,1753,1380
Nop10,1691,2174,2532,1408,1399,1175
Gas2l1,1492,1221,1192,1630,1950,1647
Ndufs5,2314,2190,1337,1295,1696,1470
Pdp2,1505,1139,1237,2495,2588,2482
Gm14296,2018,1510,1753,1622,1303,1541
Tmem150c,1021,1326,1358,2302,1811,1875
Cstf3,1577,1408,1337,1887,1518,1684
Rhbdd2,1691,1670,1788,1447,1785,1727
Ube3b,1718,1815,1292,1513,1433,1647
Fam136a,1663,1923,1764,2162,1481,1550
Tmtc3,1831,1885,3257,1734,1740,1172
Prepl,2043,1352,1198,1694,1865,2304
Btbd2,1753,1287,1441,2948,2089,1726
Zfx,1714,1435,1821,1769,1492,1479
Ints5,1478,1562,1362,2138,1877,1452
Fam117b,2111,2052,1494,2080,1822,1576
Gxylt1,1624,1580,2191,1970,1390,1201
Sugt1,2065,1546,2020,1499,1402,1718
Apmap,2217,1755,1821,1734,2051,1639
Usf2,1343,1668,1465,1277,1556,2078
Hivep1,1436,1557,1365,2040,1271,2297
Zfhx4,1423,1313,1320,1423,1528,1238
Mbd2,1852,1415,2138,1727,1639,1299
Sec22b,1743,2063,1471,1523,1305,1316
Zfp275,2577,1625,1527,1236,1789,2053
Coq7,2374,2107,1964,1088,1230,1038
Dpy19l4,1458,1519,2037,1668,1764,1741
Chaf1a,2858,1714,1783,781,1448,801
Ssx2ip,1595,1627,2016,2193,1638,1758
Pdcl,1607,1543,2020,1323,1320,1687
Rbl1,3035,2224,1881,1589,1299,1759
Grwd1,1886,2081,2327,1440,1326,1075
Atp11b,1370,1027,1168,2144,2178,2139
Vangl2,1479,1682,1613,1686,1824,1529
P2rx3,355,280,479,2485,2318,4268
Tyro3,1235,1690,1610,1169,1892,1627
Igsf9b,1280,945,1121,1773,2487,2242
Fam57b,1374,1432,1631,1347,1654,1547
Ccdc92,1626,1795,2041,1348,1826,1443
Asxl2,1650,2079,2056,1579,2186,1564
Ndufa2,1446,1494,2154,1848,1543,1478
Ttbk2,1142,1254,1394,1506,2553,1804
Mrps7,1957,2163,2172,1641,1729,1257
Eid1,1843,1308,1445,1755,2046,1665
Srf,2215,2198,2700,2142,1359,1400
Brca2,2196,2038,2010,1749,1384,750
Slc9a6,1119,1413,1383,2669,1547,1640
Zfc3h1,1660,1540,1520,1742,1518,1781
Cdk14,565,648,706,2202,2423,2623
Klf10,1766,1797,1152,1317,1710,1928
Smad1,1641,2210,1445,1621,1266,2563
Plrg1,1889,2633,2181,1052,1268,1347
Magi1,1293,1106,1952,2232,1750,2140
Dhx33,1655,1773,2428,1638,1750,1863
Gtf3c2,1420,1876,1716,1206,1395,1385
Cdkn2a,1744,1534,2019,2112,1300,1686
Erc1,1334,1420,1877,1603,1678,1519
Map3k2,1315,2361,1522,1758,1356,1235
Mpp2,1063,1453,1471,2430,1950,2271
Slc5a3,1406,1559,1942,1440,1805,1288
Gramd4,1644,1458,1903,1687,1876,1633
Tsc1,1805,1509,1723,1459,1535,2035
Lrrc3,1248,976,1470,2288,2708,2128
Commd3,1550,1418,1461,1525,1765,1257
Cdkn1a,1466,1671,1425,2315,1523,1756
Lin54,2444,2784,1938,1420,1367,1005
Prkrip1,1230,2001,2083,1369,1869,1180
Pan3,1862,2180,1961,1496,1265,1576
Cdk17,1359,1350,1982,1627,1420,2485
Mrpl39,1427,1033,1732,1911,1252,1572
Trappc6b,1642,2080,1609,1784,1949,2010
Vwa8,1331,1478,1468,1923,1884,1913
Phf23,2042,1821,1903,2179,1701,1507
Etv1,2489,2722,2020,1252,736,1764
Srrm4,906,1174,1842,1975,1607,2280
Asf1a,1788,1547,1935,1452,1371,1412
Cuedc2,2545,1583,1146,1592,1197,1598
Npat,2162,2444,1707,1148,1392,1577
Sema6a,934,849,778,3334,2001,2466
Mrpl28,1771,1289,1847,1261,1581,1503
Chrnb2,1192,2054,1611,1299,1708,2479
Clcn7,1319,1625,1604,1967,1824,2035
Dpagt1,2008,1907,2407,1888,1823,1424
Fitm2,1826,1352,1371,1754,1561,2095
Slc25a36,1150,1814,1557,1708,2062,1722
Chd2,1242,1410,1598,1300,1585,2332
Acss2,823,986,969,2903,3116,2837
Skiv2l,1178,1367,2490,1385,1168,1396
Nom1,1782,2146,1673,1448,1485,1763
Gtf2e1,2263,1725,1557,1414,1308,2048
Pik3c3,2497,1628,1871,1843,1740,2040
Trmt1l,1503,1340,1750,1510,2268,2199
Ric1,2229,1428,1843,1764,1890,1613
Tpcn1,1384,1252,1395,1590,2199,1940
Epc2,1492,1548,1670,1437,1142,1791
Kif1c,1190,1780,2456,1238,1007,1712
Ptgr2,1660,1550,1639,2314,1851,2047
Arhgap12,1210,995,1517,1377,1844,2124
Acbd5,2263,1249,1797,2013,1533,2201
Lpin1,1035,882,1405,1888,1955,2413
Mapkap1,1569,1151,1533,1600,1900,1303
Adora2a,1136,1502,1729,2016,1694,1994
Arl6ip6,2434,1783,1446,1072,1800,1502
Usp42,1564,1622,1628,1893,1436,1256
Clcn6,1046,1159,1183,1980,2142,2027
Bri3,1049,1840,1819,1972,2074,1454
Nemf,2097,2043,1615,1712,1779,1156
Slc12a2,2285,2013,1550,1610,1485,1824
Mfsd14a,1461,1809,1450,1504,1574,1972
Tor1aip1,1941,1672,1351,1411,1171,1105
Hprt,1729,1376,1374,1440,1741,2016
Yipf5,1972,1859,1673,1617,2043,1749
Syne1,1192,1293,1318,1928,2428,2522
Hsdl1,1966,2106,1945,2088,1857,1850
Map4k3,1373,1385,1528,3065,1956,2018
Morc3,1566,1481,1571,1774,1798,1679
Gale,1152,1321,1344,1635,1992,1832
Igf1r,1119,1641,1705,1454,1803,1187
Igfbp7,2198,2190,3177,663,707,770
Tmem184c,2031,2148,2124,1175,1674,1487
Sh3bgrl2,1240,1650,903,1677,2667,1886
2010107E04Rik,1586,1965,1805,1526,1195,1326
Atg12,1408,1186,1987,1471,1776,2324
Med16,1264,1906,2338,2110,1460,1365
Gan,1599,1673,1673,1118,1653,2066
Map2k7,1740,1252,932,1591,1464,1345
Cnot3,2021,2063,2083,1970,1516,1648
Gtf3c5,1629,1994,2071,1467,1215,1622
Sgip1,1640,1731,1395,2170,1636,1216
Fam219a,2274,1482,1939,1098,1559,1434
Cnnm3,1598,1727,1870,1379,2004,1066
Zcchc8,2149,1850,2151,1013,1339,1355
Prtg,1452,1435,1891,1130,1922,1508
Acvr1b,1055,2317,1498,1768,1968,1782
Dhfr,2475,1554,2445,834,1101,1032
Pfdn4,1790,1465,1721,1696,2003,1045
Cox14,1507,1373,1203,1445,1904,1899
E130309D02Rik,1610,1372,1462,1443,1407,1502
Msh3,1810,2058,2058,1180,1204,1381
Kat2b,1372,1099,1044,1670,1735,2155
Sppl2a,2223,1659,1426,1257,2157,1849
Ugcg,1729,1879,1627,1255,1581,1180
Aifm1,1321,1808,2060,1841,1282,1725
Dkk1,3547,2879,1964,300,465,325
Usf1,1746,1533,1020,1765,2036,1951
Fnbp4,2070,1979,1935,895,1865,2047
Fam122b,1474,1646,1400,1989,2555,1576
Mcm8,2908,1840,2556,1096,1511,1315
Parp6,1423,1306,1354,1653,2115,1886
Mydgf,1839,1572,1308,1629,1625,1542
Mapk8,1198,1772,1790,1491,1673,1511
Tars2,1549,1622,1852,1581,1726,1307
Dcaf10,1549,1650,1899,1395,1230,1675
Wdr76,2071,1615,2259,1146,1127,1363
Mrpl58,1833,2412,2594,1124,2161,1517
Krtcap2,1253,1166,1367,1605,1582,1606
Necap2,2017,1983,1612,1590,1966,1526
Tob1,1023,1430,1248,1458,1463,1562
Ino80d,1465,1906,1180,1694,1711,1501
Zfp334,1596,1608,1246,1721,1453,1233
Fem1c,1218,1671,1311,1336,1582,1148
Terf2,1831,1748,1580,1487,1336,1444
Snta1,1532,1524,1111,1935,1496,1933
Sap30l,1834,2249,2528,1120,1630,1134
Cryzl1,1995,1852,1406,1922,1693,1473
Prkar2b,1180,986,985,2247,2325,2304
Ier5,1813,1888,1525,1159,1874,1374
Prosc,1431,2264,1735,1710,1877,1745
Ddah1,1137,1970,1385,2109,2105,1817
Snrnp40,1660,1571,1546,1128,1360,1187
Samd5,2168,2444,1854,980,1047,907
Tm2d2,1380,1585,1504,1172,1380,1879
Map4k5,2023,1854,2435,901,1575,1388
Mthfr,939,985,881,1699,2588,2053
Zfp654,1168,1679,1346,1399,1732,2480
Arhgap23,890,945,1253,2232,2234,1546
Klf3,1647,1906,1122,2564,1253,1806
Dctpp1,1906,2386,3171,984,972,969
Mea1,1312,1428,1492,1509,1168,2272
Paf1,1530,2103,1378,1436,1010,1629
Extl1,705,621,631,2860,2156,2633
Sesn1,1176,1166,1026,2088,2010,2076
Exoc1,1717,1640,1912,1258,1134,1640
Cdca7,1416,2192,2056,1217,1358,1141
Bmp1,1852,1318,1866,1688,2006,2017
Cpeb2,1480,1576,1163,1339,2188,1533
Ehd2,1336,1483,1300,1736,2106,1950
Ldah,1639,1596,1768,2161,1382,1773
Zbtb33,1532,1967,1520,1396,1158,1812
Yif1b,1676,2188,1441,1019,1100,1723
Ssbp2,1762,1769,1456,1771,1742,1532
Mthfsd,1711,2011,1654,1803,1776,1501
Trip11,1656,1769,1623,1272,954,1303
Med9,1535,1654,1656,1556,1867,1565
Rbm15b,1370,1941,1849,1710,1493,1505
Elac2,2123,2645,1609,1051,1062,1136
Cd276,1373,1105,879,2029,1924,2273
Lig3,1774,1393,1508,1745,1568,1367
Hspa12a,1618,1695,864,2254,2715,2554
Socs6,1086,1774,1247,1712,2266,2437
Cacna1b,948,1374,943,1956,1959,2208
Phf21a,1715,1492,924,2839,1439,2084
Pithd1,1608,1831,1744,996,1524,1603
Rcan3,1057,1278,1391,1661,1867,1398
Tbcel,1817,1209,1053,1484,2183,1459
6030458C11Rik,1769,2090,1472,1277,1860,2020
Slc9a1,1292,1926,1181,1452,1494,1098
Glod4,1484,1381,1421,1719,1739,2945
Rlf,1099,1101,1239,2332,1860,2220
Ankrd54,1263,1486,1726,2052,1059,1644
Zbtb21,1468,1370,1910,2019,1783,1905
Zfp281,1501,1572,1815,1658,1263,1777
Kbtbd11,633,472,758,2144,2155,2068
Hsd17b10,1455,1637,1613,1419,2028,1255
Rcor3,1340,2136,1449,2038,1649,1481
Tvp23b,1491,1357,1438,1831,1434,1817
Tbp,1635,1670,2205,1037,1715,1512
Ndc80,2294,2130,1772,1015,895,1037
Tmf1,1559,1438,1627,1087,1411,1250
Ddrgk1,1205,1672,1566,1614,1185,1357
Camsap3,990,1103,1313,2226,1600,1841
Dym,1390,1362,1625,2114,1501,1312
Fmnl3,2458,1971,1484,1230,1133,1284
Kif5a,1508,1297,1157,1817,1924,1604
Fam120b,1183,1367,1279,1706,1334,1759
Hmg20b,1970,1432,1712,1070,1134,1175
Repin1,1072,1519,1446,1609,1565,1758
Naa30,1877,1309,1647,1496,1462,1708
Dapk3,1284,1614,1362,1816,2208,1618
Tbc1d19,1800,1458,1302,1682,1656,1345
Pwwp2a,1617,1188,1152,1607,1108,1997
Fam195b,1333,1396,1109,1854,1407,1494
Dusp8,684,543,731,1802,2629,1782
Adk,1280,1431,2005,1582,2400,2271
Hlf,1404,1403,1196,1646,1517,1482
Fktn,1978,1889,1241,2065,1915,1359
Suclg2,3296,1831,1440,1354,1846,2082
Glo1,1765,1712,1579,1916,1829,1979
Pgbd5,1115,1057,972,1940,1208,2359
Pde10a,1153,1072,1296,1758,1628,1815
Cog7,1836,1476,1665,1669,1433,1786
Jade2,927,1196,1300,2158,2154,2258
Hgh1,1570,1796,1633,961,968,1236
Fech,1767,1529,1284,990,1654,1477
Dnajc1,1162,1334,1372,2083,1744,1587
Tapbp,1242,1096,1110,2482,2788,1903
Gzf1,1571,1033,932,2253,1808,1789
Zfp280b,1262,1417,1789,1589,1412,2058
Hmox2,1440,2010,1601,1920,1916,1405
Frg1,1296,1454,2097,1008,1407,1430
Tyms,1645,1803,1839,649,790,954
Elf1,2014,1810,1575,783,1219,1156
Eif1b,1852,1577,1272,1786,1259,1428
Atf1,1901,1891,1814,1345,1283,895
Lancl2,1765,2160,1679,1540,1191,1131
Stim1,1274,1396,1326,1520,2085,1966
Klc2,1621,1695,1505,1301,1590,1347
Rps6ka6,1313,1566,1810,1499,1272,1430
Pde4dip,1343,1245,1137,1420,1668,1718
Scarf2,1988,1623,1753,1497,1286,1709
Ssc5d,1505,1066,874,1880,2423,2233
Uvrag,1417,1925,1383,2077,1160,1470
Prdm4,1615,1617,1780,1684,1665,1262
Exo1,2880,2209,2092,898,849,934
Alg11,1896,1157,1379,1795,1693,1914
Zzef1,1209,1485,1169,1058,2300,1458
BC005624,1554,1424,1549,1638,1499,1686
2210416O15Rik,1483,1320,1373,1792,2212,1831
Aagab,1824,1083,1109,1798,1271,1952
Mtrr,1544,1814,1936,1247,1032,1205
Slc6a8,1849,2265,1286,1389,1653,1621
Bnip3l-ps,896,688,795,2418,2968,2798
Ndufa11,2250,2013,1132,1542,1490,2143
Zfp318,1623,1487,1511,1369,1893,2238
Fads3,1033,1251,896,2047,2235,1873
Hspg2,1190,1071,1366,1809,2286,1841
Rab3gap1,1825,2181,1700,1394,1961,1454
Stk35,1990,1473,1608,991,1210,1593
Ddx41,1322,1604,1720,1797,1317,1582
Cks1b,2120,2712,2708,746,754,949
Hmgxb4,1209,1243,1114,1974,1368,1496
Insm1,1228,943,1009,1679,1949,1765
Prim2,1566,1975,2631,1091,744,965
Satb1,882,989,932,1846,2608,1586
Fam102b,1568,1511,2875,1213,1329,1282
Gtf3c6,1385,1422,1877,1202,1162,1646
Mon1b,1563,1109,920,1551,1936,1563
Cdk9,1757,1970,1732,1351,1609,1351
Ern1,1193,1562,1186,2081,1377,2292
Polr2f,1571,1527,1910,830,998,1037
Eml5,2244,1925,2199,977,1415,815
Mycn,1232,1655,1557,1135,1258,1429
Slc25a17,1082,1885,1415,2095,1887,1933
Vps41,1545,1181,1358,1882,1616,1318
Lrrc14,1648,1972,1054,1684,1861,2405
Dctd,2176,1845,1693,1573,1225,1445
Ppp2r2b,1203,1099,1280,1604,1452,1489
Klf7,1020,1275,1260,1475,1819,1518
Tmco3,1338,1337,1471,1822,1777,1358
Ccdc115,1723,2347,1522,1424,1354,1839
Spg21,1203,1433,955,2002,2034,1266
Polr3a,1597,1682,1517,1892,1255,998
Memo1,1345,1779,1199,1400,1202,815
Ipmk,1369,2219,1751,1656,1533,1375
Rabgap1l,1329,972,1327,1879,1966,2227
Preb,1821,1256,1690,1334,1499,1321
Wrb,1302,2049,1098,1528,1107,1635
Mib2,806,1104,899,2794,2125,1648
Rcc1,1822,1881,2280,1098,955,1118
Def8,1674,1510,1620,2020,1492,1734
Msl3,1452,2206,2016,1237,1059,1441
Gtf2h1,1574,1009,1845,1278,1788,1475
Lsm8,1331,2486,1593,997,1328,1197
Fbxo25,897,1102,1156,2052,1670,1919
Cep350,1471,1554,1417,1618,1726,3103
Ift52,1605,1366,1121,1473,1759,1760
Dtnb,1151,2487,1259,1705,1813,2191
Map6,1353,1407,1499,1441,1356,1407
Mtbp,2085,2218,2511,1543,1347,948
Elmod2,1369,931,1744,1387,2584,1639
Snhg5,1401,1571,1529,2009,1476,1680
Bag4,1796,1900,1629,1708,1560,1384
Arl6ip5,1513,1119,1085,1982,1370,1361
Atmin,1751,1005,1423,1863,1448,1603
Pus1,2058,1831,2103,1738,1216,1161
Shisa3,891,1196,908,2142,1735,2015
Six3,1478,1884,1641,1388,1256,2356
1110037F02Rik,1613,1456,2059,1043,1916,1391
Abhd17c,1326,1819,1585,1615,1179,1659
9930021J03Rik,1292,1207,1158,1820,1497,1589
Arhgef11,1756,2033,1430,1711,1344,2035
Galr3,1353,1642,1735,1228,1167,1845
Slc7a3,1170,1239,1562,2331,1364,3576
Rabggtb,1641,1498,1516,1602,1618,1661
Myrip,2748,2680,2731,188,197,262
Rtn2,1588,1944,1704,2060,1917,1472
Zbtb20,1630,1290,1295,1532,1730,1478
Mtx3,1970,2015,1474,1406,1334,1266
Gatad2b,1410,1434,1457,1638,1189,1600
Snrpe,1693,1520,1687,1754,1371,1296
Katnal1,1145,1039,1264,1664,1710,2105
Mboat7,2173,1909,1573,1449,1291,1757
Lmf1,1390,1164,763,1719,1792,1985
Osbpl9,1276,1427,1817,1285,1664,1804
Utp14a,1607,1312,1554,948,1087,1327
Spty2d1,1077,1523,1367,2050,2030,1689
Pcdhgb8,1133,1375,1133,1689,1983,1466
Krit1,1531,1574,1621,1684,1629,1652
Polrmt,2474,1895,2044,1895,1470,1237
Zfp553,1076,841,1429,1580,1142,1564
Arid4b,1883,1432,1428,1474,1358,1361
Lrba,1479,1418,1447,1456,1764,1618
B3gat3,1195,1393,1319,1706,1512,1698
Wdr12,1786,1669,2493,954,1069,1444
Dnajb9,1115,1282,1159,1347,2500,1766
Ssh2,1658,1451,1465,1175,1389,1518
Plin3,1460,1090,1716,1812,2182,2221
Aurkb,1513,1603,1746,952,1117,852
Vamp4,1565,1275,1407,1710,2081,1563
Npc1,1278,1210,1218,1433,1896,1350
Smim7,1917,1344,1630,1314,1338,1598
Gtf3c3,1592,1909,1945,1711,1327,1291
Vps26b,1822,1457,1852,1835,1493,1965
Haus2,1761,1591,1471,1729,1416,1043
Eif2b4,2130,1337,1923,1453,933,1339
Lpcat4,1622,1471,1976,1384,1353,1518
Depdc5,1343,1874,1588,881,1268,1715
Rexo2,1924,1894,2364,1262,1446,1212
Adar,1598,1428,1850,1899,1660,1270
Camkv,3118,2081,2887,656,631,871
Cbll1,1030,1507,1483,1081,2227,1548
B2m,1578,1768,1753,1399,915,1287
Ccdc186,1652,1294,1097,1468,2359,1811
Klf16,1345,1085,1438,1169,1286,1620
Unk,1396,2085,1611,1845,2831,1506
Fam207a,2468,2079,1479,1356,1359,1471
Uqcc1,2008,1522,1565,1333,1701,1639
Kdm6a,1363,2071,1318,1234,1418,842
Kat6b,1501,923,1022,1618,1588,1355
Zfp316,1375,1409,893,2194,1324,1899
Rragc,1680,1520,1541,1534,1309,2045
Fry,946,1042,774,2634,1901,1860
Daglb,1359,1230,1333,1192,1753,1908
Gpam,1091,1319,1417,1938,2001,1599
Arfrp1,1459,1790,1501,1386,1533,1298
Rps27l,2047,2178,1798,1196,1234,1109
Sash1,1209,1300,1776,2072,2136,1937
Acd,2081,1624,1644,1233,1620,1453
Wrnip1,1518,1458,2143,1320,1893,1231
Mkrn1,775,1637,1563,1761,2751,1535
Lix1l,1251,1387,1554,1861,1697,1372
Pura,1751,1608,1832,1338,1386,912
Zfp568,1976,1749,1380,1144,1386,1330
Zbtb46,1394,1115,1504,1177,1736,1655
Isl1,1604,1637,1557,1073,1212,1048
Mmd,2178,1271,1309,1292,1119,1702
Ngrn,1168,1373,1300,1809,1536,1497
Sohlh2,1712,1492,1849,1068,1633,1510
Aimp2,1762,1939,2064,1226,1212,1273
Prkar1b,670,667,947,2570,1784,1723
Tmem70,2035,1469,1815,1570,1088,1360
Telo2,1046,1472,1891,1421,1211,1457
Tmub2,1017,1424,982,1886,1715,2370
Emc6,1755,1247,1335,1288,1315,1373
Paip2b,1446,1179,1566,1067,1166,1284
Ttc28,1137,1257,1198,1789,1248,1490
Prpf3,1686,1840,1705,1296,1198,1509
Kcnb1,956,786,907,1711,1960,1999
Daxx,2461,2135,1513,1475,1981,1271
Rabac1,1214,1660,1159,1925,1633,2087
Hnrnph3,1534,1946,1403,1045,1367,952
Slc27a4,1052,885,1051,1879,2104,1658
Hivep2,1301,1527,1983,2058,1739,1143
Nhlrc2,1785,1364,1640,1190,1541,1056
Edc3,1637,1415,1099,1648,1073,2040
Pigq,1477,1115,1524,1787,1536,1168
Prr14,1143,1779,1424,1345,1970,1685
Tmem161a,1484,1162,1525,1760,1821,1793
Acat3,948,1360,1072,1981,1441,1589
Dennd4c,1512,1865,1150,1233,1057,1757
Timp2,1000,1172,1577,2101,2482,1299
Sap30bp,1407,1771,1297,1417,1616,949
Senp7,1304,1186,983,2012,1757,2194
Rhbdd1,880,1036,1024,1697,2097,1771
Smpd4,1651,1839,2324,1188,916,899
Ptpro,1923,926,1659,2243,2057,1716
Mrpl9,1690,1776,1273,1124,1601,1070
Rell1,1137,820,918,2320,2999,3000
Oxa1l,1390,1256,1202,2251,1662,1631
Gas8,1946,1522,1630,1501,1457,2150
Sbno2,1811,1228,1388,1601,1384,1585
Slc12a4,1783,1155,2240,1737,1576,1213
Hcfc2,2384,1127,1921,1238,1782,1343
Rap2c,1347,1529,1351,1194,1998,1792
Dmtf1,1494,1766,1385,1306,1551,1693
Mnt,1243,1273,1604,1708,1946,2403
Phf20,667,1023,1104,1850,2034,1679
Top3b,1180,1923,1442,1310,1668,1150
Mrps27,1636,1541,1493,1604,1310,958
Akap8l,1440,965,1285,2071,1431,1715
Clock,1477,1168,2216,1220,1223,1286
Slc25a51,1736,1463,1254,1494,1487,1996
Arhgap10,1898,1955,1198,946,2386,1649
Zfp617,1256,1263,1099,1576,1081,1378
Ranbp10,1994,1377,1372,1463,1457,1223
Tsta3,2101,1459,1187,2128,1795,1368
1110038B12Rik,1436,1134,1050,1482,1175,1566
Zfp81,1200,1298,1223,1977,1732,1807
Cat,1555,1250,1299,2074,1494,2234
Aup1,1468,1327,1572,1625,1126,1040
Zbtb11,1396,1766,1392,1726,1498,1449
Slc35f5,1299,1066,1351,2036,1768,1546
Rara,1376,1721,1517,1485,1451,1585
Rad51,2559,2244,2054,1042,861,993
Plekha5,1433,1161,1055,1188,1260,1719
8030462N17Rik,1824,1387,1679,1543,1860,1417
Qsox1,1545,1311,1374,1640,1638,1474
Epn2,1329,2072,1466,1923,1335,1327
Tysnd1,1480,1315,1415,1634,1556,1623
Clpp,1999,2112,1740,1196,1040,1443
Timm17b,1412,1820,1484,1311,1161,1380
Spata5,2925,1625,1375,1092,1054,1261
Ttc21b,1459,2037,1357,1744,1362,1586
Pitpnc1,866,626,770,1786,1579,1687
Rnf115,1865,1583,888,1446,1324,1422
Ufd1,1898,1696,1302,931,1101,1201
Mrpl34,1579,1591,2501,1168,1243,1736
Syngr2,1450,1755,1089,1269,1894,1156
Mgat1,1470,1266,1324,2156,1479,1326
Sugp1,1787,1485,1747,1440,1318,1615
Calcoco1,891,954,747,1907,2563,3037
Tspan9,512,529,526,2335,2430,2225
Afap1,1192,914,909,2933,2381,1680
Plekha3,1909,1815,1426,1279,1185,993
Rbm45,1813,1555,1377,1670,1432,1483
Snx13,709,1115,991,1464,1390,1694
Tmem208,1372,1777,1554,1263,1370,1347
Zfp770,1236,1235,1579,1367,1762,1312
Cmas,1553,1355,1891,1200,1256,1536
Anks1,1306,1205,1710,2347,1796,1821
Cdkn2c,1802,1474,1687,1296,1596,2116
Ttll4,1940,1750,3116,1375,854,1199
Wdr77,1664,1369,1749,1049,1130,1077
Zfp592,1630,2210,1323,1198,1567,1629
Ddit3,1005,826,561,2101,2221,3649
Dock11,1705,1951,1987,1155,1007,971
Cstf1,1719,1694,1890,1309,1314,1630
Kctd15,1927,925,1717,1191,1471,1332
Gstm1,1180,1308,1114,1611,1631,1749
Zbtb38,786,943,1443,1827,1702,1544
Klhl20,1685,1722,1590,1150,1391,1733
Usp16,1556,1344,1554,1464,1645,1370
Prps1l3,1630,1984,1616,1014,1239,1501
Wnt11,1964,1474,1652,1024,1097,1826
Gnptab,1814,1603,1865,1339,1230,837
Mrps26,1590,2193,1336,1793,1476,909
1810030O07Rik,1581,1607,1112,2343,1727,1454
Nipa2,1725,1244,1972,1738,1159,1252
Isca1,1370,1184,1259,1414,1683,1575
Slc11a2,1643,1610,1927,1553,1356,1914
Impa2,1366,1249,1469,1115,1744,1761
Dnajc3,1526,1873,1717,1150,1551,1319
Zbtb10,1120,1074,1515,2744,1796,1586
Spdl1,2099,1488,2035,964,709,667
Ctxn1,1138,1145,1525,1665,1192,1239
Slc25a25,1275,1545,1858,1341,1183,1498
Strip1,1693,1476,1624,1709,1816,1325
Arf2,1455,1735,1282,1453,1466,1468
Zfand6,1358,1705,1360,1157,1209,1943
Wbp1,1141,1218,1542,2725,1280,1854
Plagl2,1405,1347,1598,1545,1498,1291
Vps53,1418,1609,1815,1431,1094,1869
Uri1,1418,1375,1861,1340,1573,1484
Nid1,1327,1408,1385,1183,1357,1037
Scrt1,1342,1042,1135,1810,1331,1631
Gripap1,1276,1706,1889,1581,1424,1633
Lrig1,1014,1098,932,1669,1765,1541
Xpo4,1262,2257,1528,1123,1023,1127
Trip4,1201,1089,1585,1181,1544,1521
Dlg5,1859,1891,1681,1955,1070,1243
Mad1l1,1655,1388,1553,1540,1473,1421
Crtc1,1207,1279,1276,1403,1975,1698
Ifnar1,1376,1428,1527,1665,1465,1481
Fam173a,1054,999,1454,1748,1994,1695
Dis3l,1505,1189,1222,1172,853,1814
Med15,1032,1342,1308,1770,1240,1285
C2cd5,1414,2077,1457,1507,966,1689
Ercc6l2,1351,1841,1528,1132,1236,1393
Zfp260,1385,1068,1245,1511,2438,1867
Grik5,1428,1249,1052,1639,1162,1689
Prcc,1383,1651,1715,1123,1580,1255
Ppard,1321,1045,687,1579,2068,2532
Ilkap,1404,1373,1342,1137,921,1157
Gins2,1409,2641,2052,659,970,665
Jagn1,941,1348,1445,1815,1186,1232
Apbb2,1851,1624,1377,1531,1321,1903
E2f3,1676,1256,1818,855,1478,944
Plekhj1,1282,1544,1489,1242,1688,1607
Pmvk,845,991,914,1922,1482,2272
C330007P06Rik,1266,1966,2060,1441,1407,1256
Tmem64,2005,984,1544,1600,1281,1251
B4gat1,1336,1497,2182,1616,1516,1529
Naa40,2154,1805,1154,1721,1728,1040
Csl,1505,1486,1835,1558,1343,1357
Atp13a2,665,1284,808,2014,2466,1581
Sugp2,1847,2315,1166,1245,1229,1293
Gm7334,1493,1867,1336,1969,1480,1595
Vps51,1214,1464,747,1812,1367,1577
Larp7,2285,2195,1568,1179,1073,1300
Chpf,1553,1761,1600,1327,1044,1641
Tpst1,1522,1538,1026,1821,1723,1608
Zmpste24,1720,1917,1580,1359,987,1385
Mdga1,735,743,913,2130,1733,2102
Selenoh,1684,1271,1368,981,1271,1344
Rars2,1230,1693,1623,1659,1276,1417
Txndc11,1901,1696,1332,1067,1589,1734
Gtpbp3,1668,1243,1966,1688,1012,1224
Prr11,1856,1843,1825,1270,886,1328
Dcun1d5,1813,2113,1272,1362,1355,1135
Cnep1r1,1698,1126,1746,1393,1851,1647
Zfyve27,1136,1014,1246,1531,1916,1931
Aspscr1,1765,1703,1144,1177,1365,1381
Cry2,856,1034,1271,1471,2103,1770
Kbtbd2,1682,1218,1389,1553,1434,1720
Commd4,1210,1199,1592,1718,1382,1412
Mkl1,1453,1469,2332,1321,1402,1225
Wipf2,1464,1748,1199,1751,1210,1350
Spcs1,1214,1401,1228,1660,1738,1057
Wdr37,1255,890,1472,1544,1423,1460
Gga2,1362,1803,972,1023,1673,1198
Supv3l1,1846,1611,1976,1386,1456,1096
Rab3ip,1318,1380,1280,1369,1228,1667
Ofd1,1618,1211,1941,1959,996,1267
Ndufs8,1984,1867,1888,1460,1297,1377
Gabpb1,1740,1710,1331,1132,1502,1348
Elk3,1144,1642,1203,1818,2289,1548
Zfp384,1580,1643,1944,1340,1242,1753
Bok,2091,1872,1386,1066,1196,1542
Slc35b1,1433,1751,1517,1269,1256,1527
Btbd3,1869,2081,1670,1338,1579,1278
Txlng,1595,1176,1674,1545,727,1134
Usp21,1490,1359,1394,1380,1824,1324
Uck1,1378,1329,1249,1375,1641,1129
Nosip,1353,2005,1732,1183,1290,1028
Pex5,1412,1401,1614,1183,1090,1105
Zbtb12,1384,1021,1675,1518,1453,1261
Mrps23,1747,1579,1317,1178,1395,1727
Rnf11,1391,1128,1717,1660,1127,1609
Selenok,1155,1064,1344,1544,1969,1518
Pcgf2,1451,1320,1356,1168,1489,1439
Arhgap26,1705,1253,1781,1162,1046,926
Plk4,1440,1358,1900,957,1291,804
Commd10,1311,2134,1075,1736,1445,1481
Kif21a,1154,1299,1183,1547,1742,1574
Gins4,1610,1407,1780,972,1112,948
Ifngr2,1212,1421,1341,1607,1658,1941
Mrps31,1458,1937,1592,958,1111,1684
Ctu2,1506,1282,1531,1201,745,1254
Stat5b,1433,1168,1049,1098,1939,1632
Rufy1,1420,1416,1246,1981,1669,1548
Mast4,857,986,1190,1857,1436,1672
Cdr2,1943,2095,1896,1022,839,1081
Ppm1f,1284,1254,1669,1411,1267,882
Pafah1b3,1738,1131,1127,1405,2066,1303
Akap13,1090,1153,1060,1805,1797,1415
Ltbr,1227,1418,1175,1887,1791,1548
Rcl1,1615,1596,1503,1333,891,995
Dynlt3,973,889,900,1639,1457,1632
Notch2,1376,1296,1370,1817,1580,1358
Ndst1,1809,932,1253,1744,1784,1673
Il11ra1,1540,2164,1880,1304,1527,1548
Fam220a,1709,1360,1286,1832,1504,1490
Smap2,1655,1276,1133,1796,1944,1271
Hdac4,939,1169,1204,1792,1762,1830
Trove2,1869,1522,1858,1140,826,1522
Asb6,1920,1797,1642,1391,1064,995
Smpd1,1493,1107,1003,1290,1379,1430
Ago1,1184,1022,1583,1522,1243,2281
Ssh1,1770,1474,1256,994,1767,1270
Cdc45,2181,1745,1993,642,789,948
Hsd17b4,1369,1359,1428,1431,961,1422
Ttyh2,988,652,526,1370,1743,1760
Efcab14,1517,1425,1582,1633,1494,1325
Aldh3b1,1008,1322,1114,2554,1539,1678
Timmdc1,1528,1430,1427,1466,1491,1245
Smarcal1,1711,1059,1520,1299,1529,1381
Mesdc2,1792,1617,1172,1143,1312,2479
Snf8,1693,1793,1434,1143,1263,1010
Pou3f3,1979,1176,1677,1480,935,976
Opa3,1998,1703,1733,1338,944,1725
Stx1a,1273,1636,1128,1195,1210,1093
Pef1,1373,1352,1620,1706,1390,1429
Pycr2,1377,1673,1335,1194,1194,738
Yeats4,1541,1616,1022,1239,1000,1477
Kdelc1,2019,1724,1793,1011,1038,1352
Diaph1,1881,2046,2030,1345,1071,1370
Gas2l3,1432,1715,1421,872,1028,1099
Usp29,1222,1280,1484,1567,1724,1735
Rrp8,2147,2743,1793,998,843,1588
Rps19bp1,1421,1282,1796,1507,1181,1012
Lrp10,1200,1156,1714,2130,1141,1560
Thap11,1600,1414,1888,1816,1081,1188
Hbp1,794,1260,1130,1712,1668,1943
Ift140,1445,1525,1012,1312,1636,1600
Kif13a,1534,1131,1258,964,1390,1398
Ccdc137,1783,1999,1510,1790,1650,1041
Bre,990,948,1049,1911,1274,1726
Mrps24,1438,2630,1756,1105,1400,1141
Faap100,1141,1120,1411,1896,1742,1786
Baz2b,1474,1711,1967,1225,942,941
Casz1,1308,1225,1590,1712,1404,1584
Clvs1,1554,1717,1195,1137,1023,1348
Zfp532,1561,983,1774,1348,1332,1751
Rab9,1588,1280,1248,1485,1794,1872
Ttf2,1600,1820,1680,980,1084,1053
Sgtb,1008,1147,816,2028,1810,1527
Fut8,1538,1297,1154,1598,1581,1762
Ublcp1,1429,1390,2299,1816,1659,1034
Sh2b2,1786,1308,1388,1418,1471,1500
Wrn,2055,1210,1702,1263,1030,1929
Zfp871,1163,1244,1384,1202,1160,1449
Taf6,1505,1438,1911,1228,1164,1254
Tia1,1250,1437,1076,1844,2302,2215
Hinfp,1146,1503,1153,1291,1451,1423
Src,1070,1114,1437,1449,1356,2059
Gdf11,1189,1377,1525,1422,1337,1589
Coro7,1326,1434,1006,1948,1528,1405
Cystm1,908,943,1060,2444,1821,2007
Tmem126a,1412,1181,1763,1205,1440,1064
Onecut2,844,1424,983,1993,2105,1782
Slc39a11,983,1382,1163,1594,1481,1458
Ppdpf,1808,1564,2043,1056,1999,1834
Kifc3,812,1935,1622,1833,1430,1421
Fam89a,1637,1587,2075,891,705,737
Adam15,1532,1457,1350,1467,1611,1113
Slc27a1,614,559,626,1660,2143,2502
Tor1b,1757,1714,1453,1379,1374,1236
Nectin1,1647,1405,1325,1100,1441,1460
Cnppd1,953,962,932,1982,1866,1971
Scg5,688,566,803,2765,1844,2165
Bax,1263,1487,1227,1229,1179,1098
Cops7b,1704,1485,2105,988,1120,1091
Agl,1151,1500,1052,2113,2353,1711
Zfp68,1422,1303,1185,1321,1537,1175
Gmppa,1692,1280,1256,1304,1446,1650
Pdzd4,1479,1310,1492,2151,1703,1558
Gstz1,1458,854,1388,1378,1634,1177
Capn7,1632,1327,1189,1201,1000,1503
Hdhd2,1206,1167,1688,1253,1277,1424
Dnajc16,1211,1177,1063,1637,1132,1401
Dgcr8,1896,1164,1354,841,776,862
Tmem5,1043,1099,1092,2001,1267,1185
Ahsa2,1871,1534,1836,967,1993,1263
Cobll1,1217,820,934,1388,1871,1767
Rimbp2,1528,1074,1270,1395,1640,1230
Ercc3,1318,1844,1555,1286,923,1147
Kif15,1910,1476,2482,765,947,790
Pfdn1,1575,1482,1003,1056,1153,1172
Klhl29,1251,1395,1359,1382,1105,1397
Gm13889,971,786,983,1525,1494,1541
Pkn1,911,979,977,1466,1552,1325
Rbck1,1636,1678,1174,1189,1153,1477
Msrb3,1348,1483,1543,1027,1491,724
Hlx,847,1370,1384,1825,1599,1053
Raf1,1187,1224,1323,1427,1457,1218
Ndufb3,1258,1554,1316,1592,1164,1517
Prpf38a,1776,1265,1663,1424,1322,1674
Inf2,1351,1237,1934,1356,1217,1164
BC037034,1419,1111,1051,1409,1745,1611
Mroh1,799,844,953,1808,2018,1990
Zfp97,1787,1067,1144,1306,1909,1756
Ntn3,1346,1144,1200,2283,1449,1789
Zfp319,1818,1376,1508,2027,1992,1381
Ccnt2,1063,1153,1133,1024,1554,1595
Egr1,2167,2265,1449,1091,872,892
Rrm2b,822,863,932,1532,2323,1713
Atg5,1620,1638,1143,1054,1048,1362
Adnp2,1429,1595,1701,1389,1265,1131
Rgl2,1083,1966,1852,1155,1246,1206
Sidt2,920,785,919,1436,1772,2097
Kif2c,1466,2457,1796,748,788,1247
Ddx52,1118,1061,1076,1854,1517,1170
Dip2a,1103,1618,1209,1709,1364,1607
Cep89,1427,1685,1542,1403,1158,1252
Rhbdf1,1067,1468,1954,1405,1600,1411
Csnk1g1,1169,964,1248,1485,1421,1170
Tomm5,1737,1856,1634,1203,1137,1425
Mbtd1,1002,1431,1553,846,974,1372
Rfx3,1266,1261,1292,1006,1207,1337
Pycrl,1624,1445,1830,811,1155,906
Zbtb7a,1327,1609,1212,1221,1228,1158
Rab3a,838,1141,847,2583,1530,2031
C2cd2l,1531,1514,1885,1513,1105,1072
Sypl,1546,1235,783,1631,1542,1123
Prmt3,1485,1310,1464,1727,1560,1295
Tomm40,1512,1852,1359,1187,1031,1158
Fzd7,1516,1229,1256,1564,1665,1935
Ankrd12,1507,1346,951,1114,1199,1881
Arap1,1310,1440,1445,1181,1245,1471
Bdh1,1399,1256,1108,1147,1561,1105
Cwc15,1826,1549,1799,1179,1249,1088
Sgce,894,1117,895,1917,1261,1544
1110004E09Rik,1735,1463,1228,961,1081,1122
Mir703,1258,1349,682,1679,1838,1638
Ccm2,1234,1201,991,1441,1194,1200
Naa35,1382,1505,1636,1476,802,1378
Gm773,1024,1215,1065,1215,1432,1156
Qdpr,908,1462,777,2606,1360,2062
Gdpd1,786,1392,1122,1632,1798,1948
Flot1,1218,845,777,1779,1700,1593
Smc5,1939,1164,1502,1689,945,977
Melk,2355,1509,1771,1067,976,924
Dscaml1,1050,1125,1390,1913,2246,1967
Herc4,1803,1462,1204,1234,1389,1289
Man2c1,1506,1263,1047,1474,1666,1847
Rab27a,534,334,421,2338,1982,2400
Casp8ap2,2036,1313,1897,1177,1153,1142
Focad,1189,1426,1834,1230,1472,1219
Hras,1750,1556,1619,1386,1302,1282
Lrig2,1081,934,1375,1396,1658,1452
Tmem199,1157,1236,1534,1422,1364,1343
Rnf150,1092,1541,2324,1593,1284,1810
Smap1,1464,1251,1192,1326,1271,1168
Tmem242,1655,1515,1765,1543,1254,1467
Zfp422,1143,1964,1446,1389,1099,1167
Lsm2,2318,1795,1764,895,842,1174
Arxes2,1685,1321,1463,1243,1692,1637
Setd1b,1385,1330,1867,1251,1509,1125
Ndufaf4,1523,2057,1454,1387,1028,1320
Cog5,1246,972,1225,2034,1553,1390
Ttpal,1444,991,1010,1285,1552,1710
Prkra,1084,1155,698,1630,1401,1381
Clu,771,720,1392,2230,2108,1985
Cndp2,1687,1889,1626,1164,1084,1030
Abhd17a,890,1151,1270,1816,2052,1297
Cep76,1762,1886,1467,933,1578,983
Mgrn1,1654,1268,1277,1204,1090,1613
Elavl2,1629,1471,1644,1092,956,1019
Eed,1786,1554,1941,1099,882,1532
Dvl2,1497,961,1440,1361,1457,1245
Mrps10,1646,1185,1475,761,1208,1509
Scrn1,1380,1233,1094,1100,1480,1143
Golm1,1232,2130,1268,1240,815,1211
Rap2a,1039,1252,1079,1495,1474,1934
Ccnb2,1604,1849,1139,1465,1259,1261
Fiz1,1736,1147,1251,1319,1203,1304
Haus6,2323,2033,1735,887,1040,858
0610010B08Rik,1350,1564,1680,1586,1487,1157
Mis18bp1,1496,1959,1233,1337,997,815
Pold3,1357,2479,1194,847,1467,908
Cc2d2a,1112,901,1327,1468,2209,2477
Hip1r,1706,1093,836,1283,1540,2165
Tmem132a,1512,1356,2149,1252,1114,1345
Psmg2,1453,1230,1518,1500,1980,882
Chmp3,1174,1358,1588,1423,1606,1535
Tex10,1910,1787,1811,1197,1091,1186
Chaf1b,2078,1965,1433,842,591,674
Scn3a,499,512,560,1996,2541,2548
Cacna1i,1371,1446,1119,1064,1226,1285
Cpped1,1814,1537,1280,1289,1098,1597
Dnajb2,1114,1017,1143,1505,1600,1253
Vash2,1984,1296,1517,1120,1116,1232
Nkain1,1320,1307,1217,1499,1667,1695
Rnf213,1124,1046,1117,1504,1456,1469
Pank4,1738,1274,1821,1244,1210,1340
Heatr6,1365,1467,1472,1389,1371,1353
Magoh,1422,1547,1482,1253,726,913
Ache,204,219,232,2583,2456,2613
Troap,1476,1715,1596,897,682,979
Camkk2,1301,1327,1374,1445,1776,1800
St8sia3,1161,1363,1074,1521,1561,1908
Etv6,1487,1154,1254,1332,1203,1255
Urb1,1975,1365,2034,1030,1055,949
Gga3,793,1851,987,1529,1300,1181
C2cd3,1448,1208,1485,1163,1008,1234
Slc25a22,970,1013,1217,1534,1188,1196
Dpm2,1349,928,1484,1037,1253,1321
Alg9,1036,1203,1356,1623,1650,1492
2410015M20Rik,1271,1109,1041,1706,1544,1153
Fam96b,1886,1059,1600,1013,1277,996
Ppm1b,941,1076,1720,1677,1221,1200
Igsf3,798,636,714,1976,1556,1891
Pik3ip1,605,733,705,2106,2214,1425
Gm14434,880,1287,1930,1469,1752,2050
Osbpl6,1385,1227,860,1588,1085,1162
Heca,881,695,836,1464,1481,1958
Gbas,1160,1227,1787,1426,1596,1535
Snx8,1229,1573,1353,1015,1505,1743
Camk2n2,2008,1156,1093,1373,1752,1588
Mtmr4,1341,1736,1181,1335,1141,1098
Lin28b,1080,1511,893,864,1009,1232
Smg8,1153,1540,1562,1489,1639,1107
Rexo4,1272,1472,1525,1437,1203,1708
Crcp,1390,1342,1883,995,873,1117
Lin28a,1446,1861,1625,1051,1294,1358
Wdfy1,1027,1319,1022,1260,1510,1233
Plekha1,600,629,379,2060,2302,1731
Phactr4,1344,1208,1529,1529,1111,1376
Lin9,1381,1448,2303,1264,935,902
Commd1,1188,1328,1477,1199,1598,1352
Alg3,1362,1259,1605,1049,890,1100
Sh3glb1,1537,1471,1817,1184,1308,1789
Stk32a,1261,1240,1046,1506,2164,1850
Bfar,1109,1465,1134,1448,1373,1707
Srprb,1465,1618,1732,1323,1034,1295
Syt11,1176,921,1040,2069,1231,1242
Rnf38,1754,1437,1053,1174,1609,1398
Dlgap5,1579,1565,1621,909,1150,814
Creld2,1879,1509,1943,613,883,781
Gm14295,1486,1314,1123,1209,1364,1711
Bicdl1,1071,1266,1185,1233,1523,1376
Mab21l2,1149,1334,1166,1180,1529,1624
Epg5,1197,1927,983,1713,1570,1385
Cwc22,1329,1556,1296,1030,1444,1007
Csrp2bp,1631,1907,1518,1168,1106,1256
Mllt11,1268,1012,1096,1580,1686,1362
Sgcb,1352,1169,949,1655,1275,1836
Sptlc2,1189,1118,1102,1243,1246,1491
Rab34,1461,1304,1662,891,1298,1061
Sav1,2083,1733,1243,1624,1758,962
Kif14,1463,1931,1763,834,938,853
Tarbp1,1601,1662,1490,993,1054,879
E2f7,2113,1555,1582,1088,997,605
Map3k12,1152,1520,1269,1099,1428,1501
Mphosph10,1822,1564,1525,1064,799,930
Rsu1,1265,1088,882,1003,1356,1405
Arfgap2,1481,1285,1737,1439,1391,1516
Depdc1b,2253,2014,1695,911,1098,866
Aldh16a1,1492,1772,1582,887,873,1198
Mxra7,1293,1620,1310,1146,1580,1198
Ralgapa2,1293,1076,1195,1308,1508,1503
Mageh1,1163,1155,1013,1416,1316,1584
Alms1,1618,2143,1352,1054,819,735
Nr2f1,1008,1855,1097,1337,1567,1205
Sec61a2,1445,1126,1419,1320,1668,1379
Cyb5r4,1866,1346,1281,1287,1194,1421
Hpcal1,1402,779,1116,1805,1930,1846
Arl6ip4,1887,1290,964,1659,1447,1259
Cetn2,1101,1115,1078,1281,1800,1300
Pnisr,1778,1325,1365,1442,1188,1486
Ivd,1114,1021,1019,1275,1128,1148
Atp9b,1234,1469,1412,1270,1575,1482
Fbrsl1,1739,1231,1186,1939,1276,1463
Fzd6,1034,1195,1174,1314,847,1788
Mex3b,1576,1595,1112,1741,1173,1128
Med8,1472,1330,1337,1413,1017,1143
Emp1,1267,1040,978,1659,1479,1126
Prdx5,1119,1314,1534,1074,1513,1123
Klf6,1516,2070,1470,937,1159,1132
Dusp3,908,1003,921,2299,1446,2160
Snapc2,1604,1457,1074,1216,1574,1469
Osbpl10,1578,1219,1355,1247,1254,1749
Fam171a2,649,798,703,1757,1878,2001
Phkb,1139,1362,1488,1377,1540,1111
Dis3,1621,1065,1922,666,923,847
Hadhb,1263,1247,1353,1376,938,1231
Irf2bp1,1134,1244,1319,1202,1751,1166
Atg13,1124,1051,1514,1777,1212,1793
Bcas2,1322,1777,1522,1738,1047,1239
Mrpl42,1168,2437,1860,1146,1043,1194
Dhx32,1164,1433,1150,1122,1459,1754
Ubiad1,1422,1388,1474,1494,1061,1430
Sra1,953,1335,921,1343,1353,1805
Cox15,1118,1726,1470,1333,1149,1591
Ttl,2065,1298,1829,1090,949,1087
Gpc6,1303,939,974,1613,1975,1189
Chchd1,1124,1544,1613,908,894,813
Cdon,957,1284,1125,1006,1780,1239
Ergic2,1451,962,1273,1383,1307,1554
Tmcc2,963,1287,1234,1228,1495,1323
Nckap5l,1052,826,1179,1639,1351,1949
Mfn1,1236,1535,1363,1129,836,1040
1110051M20Rik,1196,1255,1164,1426,1316,1336
Bola2,954,1000,1234,1350,1023,807
Tmbim4,872,1415,979,990,1092,1310
Tut1,1059,1365,1416,1162,1133,1376
Mier2,1613,1200,855,1313,1249,1657
Tmem185a,1163,1415,872,1468,2312,2242
Dennd5b,958,1861,1005,1145,1132,984
Mrps36,1534,1531,1591,1142,1162,1282
Cd99l2,1005,725,986,1273,1769,1669
Tpgs1,1148,924,2080,1893,1320,1256
Pdhx,1313,1127,1303,1021,792,1171
Zbtb7b,1005,772,862,1837,1847,1700
Hmg20a,1373,1347,1066,1190,1615,1223
Wbp1l,1235,1262,921,1251,1620,1333
Fbxl6,1420,1281,1530,1135,1237,1556
Cdc6,2015,2370,1698,479,544,486
Fancd2,1547,1658,1414,790,1036,969
Mrgbp,1194,1413,1440,1320,801,1157
Tmem87b,1113,911,955,1410,1456,2160
Ephx1,816,768,932,1329,1046,1595
Scn8a,1260,1320,1488,1535,1070,953
Nrf1,1825,1248,1758,1209,1092,1183
Arhgap39,1375,1692,1239,1371,1416,1767
Ilvbl,1116,973,805,1746,1356,1939
Cebpb,875,1050,1143,1473,1535,1251
Ttc7b,1230,1322,898,1238,1119,1467
Adh5,1113,1021,925,1565,1383,1504
Nebl,782,1091,669,1779,1568,1622
Fkbp2,1266,1495,1750,1128,1033,1081
Lcmt1,1469,1651,902,1548,1401,1300
H2-D1,1160,903,1217,1629,1905,1625
Xlr,1213,1282,1345,1036,1723,1187
Sc5d,854,898,969,1770,1371,1286
Dhx57,1201,955,1194,1187,1043,969
Rela,1051,1191,1511,1103,1464,1535
Eif2b1,1906,1166,1074,1409,1155,1362
Fanca,1408,1934,1962,654,759,831
Fam46a,685,847,861,1610,1837,1474
Fbxo5,1625,2050,1383,1092,834,802
Pde12,1328,836,891,1258,1497,1419
Trim2,951,998,767,1760,1483,1795
Trip13,2078,1824,1498,643,871,591
Ints6,2081,1429,1418,949,1338,1067
Gpalpp1,1167,1104,1434,1070,1205,1581
Tmem128,1160,1746,1360,1369,1175,1377
Alg8,988,1256,1276,1108,1369,1274
Naxd,1248,1285,1614,1218,1423,1223
Cks2,1899,1549,1436,997,1047,946
Tspo,1350,1322,1409,905,1307,845
Arl3,1447,1185,1087,1510,1689,1285
Mrpl1,1205,1348,1338,1633,1396,941
Cbfa2t3,1658,1030,1362,1511,1459,1118
Tmem214,1435,1238,1332,1540,1292,1241
Brcc3,1180,1104,1580,1130,1295,1710
Ccdc97,1194,1434,1397,1050,1214,1465
Tlx2,1703,1919,1969,317,350,328
Htra2,1085,1293,1749,974,993,1094
Rpa3,1478,1577,1273,908,1068,1029
Zfp960,1292,1098,974,1673,1842,1839
Srp19,1941,1463,1545,1126,1577,1285
Rubcn,1195,1173,1095,1511,1137,1148
Cep164,1190,1331,1239,1583,1729,1446
Mlkl,1163,1437,2254,689,1244,1123
Zfp266,1421,970,1384,1116,1728,1454
Ddx51,1563,1509,1316,970,1195,1310
Commd8,1227,1279,1230,1221,1385,1094
Fam104a,1488,1255,1564,1050,1082,1399
Pacs1,1276,1209,1224,1491,1561,1205
Pdxk,953,1205,1122,1241,870,788
Trappc12,1176,847,1154,1408,948,1298
E2f6,1476,1774,1068,1116,1108,1070
Dscam,994,1478,1344,1146,1664,1902
Hook1,1245,1257,1684,980,1137,1293
Gpr137,1474,1317,1447,1583,1808,1822
Nop16,2050,1660,1221,784,1162,951
Uba5,1895,1211,1521,1210,1276,1118
Galnt11,1000,1055,1759,1385,1380,1392
Ube2a,1214,1294,1474,992,1130,1319
Ints8,1778,1394,1459,794,972,886
Wbp4,1087,1268,1717,1394,1266,994
Nr2c2,1042,1156,913,1697,1049,1556
Dhps,941,1059,1278,1784,1167,1331
Yif1a,1841,1535,1425,1326,1025,1736
Sirt1,1823,1225,1382,1199,1041,959
Cdk19,1351,1023,1255,1029,1483,1296
Isoc1,1411,1595,1600,1046,1581,1150
Gm14308,1097,1350,1372,1469,1286,1324
Iqgap3,1561,2169,1656,749,691,889
Pld3,1088,994,781,1591,2111,1431
Wasf3,1043,1052,896,1707,1291,1448
Pkig,1609,1579,1090,1158,1559,1619
Mcu,1212,1297,1199,1159,1718,1760
Foxp1,860,981,874,1417,1133,1468
Twnk,1729,1171,2281,1249,1143,1143
Cttnbp2nl,1096,1205,1082,1566,1311,1370
Haus7,1258,742,1108,1480,1261,1398
Large1,1076,1270,1298,1160,1198,1123
Ndufb4,903,941,1065,963,1203,1246
Galk2,1351,1426,1098,1559,1176,1725
Ufl1,940,903,1331,1967,1482,1327
Zfp710,1624,1505,1170,1435,1207,1203
Clk4,1009,2071,1596,1834,1202,1008
Zfp397,748,992,930,1312,1547,1294
Mpc1,1609,1230,1583,1077,950,946
Fam208a,1162,1521,1398,1034,1438,1356
Tbc1d1,1368,1235,1635,1438,1133,825
Ak3,988,1003,1258,1385,1191,1173
Dennd1b,1425,1516,1244,1122,1493,1111
Trappc2l,894,695,1326,1107,1648,1488
Cdkl5,1032,856,1039,1233,1758,921
Pet2,1121,1016,1059,1302,1459,1439
Ift27,1147,1079,1467,1213,1210,1306
Phlpp1,1415,840,1490,1206,944,1299
Spg20,1017,1317,1198,1169,1430,1335
Kif21b,444,480,384,2167,1350,1989
Mtmr1,1490,1297,1070,1203,1152,1132
Cmss1,1111,1398,1350,976,914,847
2210418O10Rik,1116,1035,1291,862,1164,981
Sipa1l3,1189,1381,1335,1529,928,1147
Rgp1,1092,1067,1414,1043,1250,1342
Ncbp3,1415,1490,1351,1187,1079,1153
Mettl1,1088,1843,1653,1002,768,1075
Crot,1514,1336,1053,1113,916,1333
Plekha2,626,373,559,1798,1899,2029
Ppt1,1071,930,1362,1672,1140,1243
Cand2,1020,1666,1157,962,650,1392
Ap3s1,1248,1305,885,1546,1412,1055
Zdhhc18,1159,1643,1442,897,1269,1466
Mms19,1294,779,1528,1158,1454,1510
Mex3d,1157,1147,1338,1406,1874,1676
Pmm1,1520,1287,1219,1527,1335,1303
Rnf214,1074,864,1293,2255,1565,1472
Dolpp1,1473,1008,778,979,1110,1137
Kcnk3,633,1139,970,1297,1700,1011
Bcorl1,900,1188,944,1542,1489,1599
Slc7a6os,1556,1289,1743,1298,1349,1171
Lrrc40,1070,1484,1172,1126,1345,927
Arfgap3,1270,1374,1606,1979,1774,1681
Mier1,1130,1155,2170,1184,1142,919
Tm9sf1,1317,1361,1838,1058,1154,1157
Mfsd7b,1248,1769,1757,790,832,1076
Lsm1,1211,1155,1147,1019,870,930
Prpf4,1633,1994,1500,998,948,947
Syne2,1246,1245,1513,1296,1140,1573
Plcxd3,1255,1637,1440,667,1159,923
Ccng2,1069,854,647,1715,1835,1253
Mphosph9,1434,1497,1372,1041,992,776
Urgcp,1015,1143,1041,1185,1260,1140
Ccng1,1384,1037,1255,1282,1223,1499
Ubxn8,1582,1403,1347,807,1175,1119
Pfn2,1439,1196,1454,1416,1560,1523
Vegfb,1605,1493,1323,884,1347,1363
Ank,915,1064,1014,1188,1113,2067
E2f8,2163,1900,2292,992,856,487
Phax,1606,1767,863,985,1067,1400
Lclat1,1139,1204,878,1075,1170,1603
Vcl,1508,1563,1294,1114,1288,1231
Maml3,548,1254,1035,1684,1832,1631
Tomm7,1247,1402,1944,1633,877,1102
Tnfrsf12a,1914,1487,1600,958,1018,1092
Bhlhe40,503,792,730,1930,1698,1375
Tubgcp6,1319,1418,1448,794,978,1223
Sema4b,1157,897,797,1488,1211,1414
Fam160a2,1411,975,1141,1275,1060,1250
Pdlim5,1492,1070,1350,1225,913,1161
Zfyve9,774,1299,1127,1768,1493,1499
Zbtb14,1252,1482,1115,1317,1157,1956
Gm4724,1340,1535,1140,1546,1959,1597
Slc19a1,1002,1490,1126,1234,1213,1228
Mta3,1190,1063,846,1314,1176,1081
Zfp354c,1490,814,1017,1382,1709,1669
Prpf40b,1333,956,935,1508,1469,1464
Rap1a,1394,1203,1009,1452,1076,1564
Klhdc8b,548,766,845,1290,2157,1547
Mocs2,1169,1409,1128,1305,1431,1379
Setd1a,1479,1193,1416,1119,1123,778
Pot1a,1184,1385,1252,1034,1352,1192
Lgr4,991,1151,1032,1288,1588,1453
Ablim3,1138,476,624,2796,2048,1923
Parm1,1115,1071,1011,1315,1559,1487
Pigg,959,1427,1116,1254,1440,944
Gng5,1278,1420,1216,1282,1353,1385
Magel2,670,723,840,2147,1907,2033
Ankrd10,1335,1153,1417,693,887,1116
Pnrc1,652,582,582,1423,1495,2016
Slc35a5,1271,1120,1274,1289,1581,1690
Sdccag3,1337,1603,1268,1343,1151,1045
Mrpl40,1169,1581,1675,1048,667,914
Zfp263,1214,1221,1825,1145,1314,1080
Optn,1434,1369,1516,1012,1026,1442
Lactb2,1059,1321,912,1128,1109,966
Chka,1324,783,907,1525,1404,1243
Pign,1377,999,1308,964,1240,1118
Cuta,970,1162,856,868,1348,1051
Cant1,1213,1419,1046,1018,1519,1466
Ndufb6,2049,1736,1483,1022,939,1010
Mios,1626,1064,1117,1564,1240,887
Asap2,1430,1446,1230,847,1038,1315
Fam103a1,1408,1045,1179,1161,1480,1290
Ttll7,872,915,913,1152,1478,1400
Enoph1,1123,1491,1318,997,918,946
Rab35,1467,1240,1448,1074,1413,810
Zdhhc20,1320,1138,1114,1354,898,1252
Arhgef18,951,701,825,1342,1685,1953
Psmg1,1362,1025,1700,951,1032,1522
Entpd6,1110,1008,1216,1503,2040,1355
Mlh1,1189,1345,1302,993,1047,881
Zbtb41,1490,1524,1313,936,1482,833
Rnpepl1,1474,1092,1322,1410,1255,1266
Exosc7,1448,1281,1517,897,890,1019
Brd9,1592,1719,1084,1252,962,1021
Polr3c,869,1284,1034,970,1079,1577
Iscu,1122,1511,1569,1222,1272,956
Mpv17l2,1637,1136,1056,1325,1012,1137
Fam234b,1705,1088,1662,940,1421,1175
Mrps35,1370,1061,1476,1082,1380,1114
Pank2,1257,1525,1268,809,995,1404
Arc,938,958,1078,1676,1070,1405
Gatsl2,1063,727,1014,1358,1203,1454
Tm7sf3,1335,1011,1335,1099,1481,1258
Phtf1,919,1502,1301,1029,1334,1311
Elk1,1214,1100,1393,1758,866,1016
Haus3,1689,1607,1681,941,882,658
Polr2j,1493,1403,1226,1262,1261,1090
Pik3r4,932,1128,1262,1376,1010,1379
Ufm1,1456,1277,1512,1085,1118,784
Arpin,1126,1142,1448,1013,785,1048
Gfm2,1601,1646,1040,1163,1080,960
Ormdl3,1013,958,860,1522,1571,1044
Prag1,618,945,844,1222,1992,2129
Ppp1r13b,1254,741,840,1455,1824,1662
Trim3,1379,1230,1542,1444,1172,1966
Upf2,1237,1120,1592,989,1069,1179
Piga,2140,1137,1040,1050,1000,989
Thumpd3,1045,1309,1031,1266,1174,1924
Mpc2,1274,1444,1219,992,1313,1128
Dcaf17,1534,1579,989,1093,1323,1127
Txnl4a,875,1666,1281,1320,1143,953
Btg3,1594,1263,1564,635,1309,1185
Yars2,1360,1578,1543,1162,1103,1201
Acadsb,684,614,563,2157,1579,1771
Tiam2,1323,1452,1838,861,754,750
Brsk2,1072,1051,1208,1926,1068,1751
Exosc1,1066,1269,1144,1215,1277,1069
Ankrd13b,813,1123,1083,1685,1443,1494
Fam13b,1285,998,1245,1268,1214,1097
Mrpl54,1124,1712,1103,1002,1024,963
Vps18,1484,1004,1384,928,1350,1563
Cnpy2,933,1539,1454,1193,1342,900
Shb,1082,1517,1047,1425,1548,1225
Fbxl17,1033,886,680,1163,1268,1233
Asb8,1150,1135,1378,1044,1290,1410
Comt,1404,1370,1089,981,1325,998
Mov10,1243,928,1145,1815,1372,1214
Elavl3,1310,1207,1088,949,1003,1120
Hcfc1r1,707,715,827,1392,1618,1920
Vrk1,1524,1726,1837,790,848,920
Etfdh,1274,1289,1125,1371,1460,1129
Slc39a1,1371,1117,1395,1109,1374,947
Ppp2r3d,1050,1333,1217,1370,1195,1543
Sgsm1,743,1398,1280,1233,1558,1330
Txnip,863,690,531,1730,1327,1637
Txndc17,1552,1143,1178,1141,1079,1287
Mlycd,908,742,607,2039,2121,1716
Snhg6,1159,1144,1003,1125,1299,1510
Atg16l1,1187,1507,1231,813,808,1248
Adam17,1167,1504,1132,1334,1219,967
Zfp280c,1371,1355,1742,1205,1166,988
Socs4,1064,935,1051,1208,1491,1114
Rps6kc1,1072,1502,2048,1372,1498,1210
Tmbim1,690,871,995,1536,1614,1191
Smug1,1010,1489,920,1502,2090,1407
Kmt5b,1270,930,1140,957,1681,1261
Paxbp1,1195,1228,1486,1134,1059,1120
Lage3,1347,1193,1624,1477,1073,1026
Usp46,788,1588,1495,1164,1247,1346
Xpnpep3,1174,1518,1120,988,1018,1261
Gabpb2,1417,1322,1729,993,870,1012
Jph4,779,686,961,1223,1322,1543
Pttg1,1075,1801,1738,1146,1009,1009
Mras,1015,963,920,1178,1038,1600
G6pc3,988,932,1132,810,1199,1548
Zbed3,1321,923,1283,1368,1458,1330
2410002F23Rik,1264,1462,1211,1127,1136,1034
Stx5a,1207,1038,1077,1651,1319,1399
Bcl2l2,1071,1166,1218,1085,1343,1052
Lias,919,1292,867,1047,1067,1271
Pcyt1b,852,808,786,1426,1473,1953
Slc19a2,1133,1143,1101,1558,1261,1465
Pim3,1536,1533,1633,897,1298,1172
Vamp1,578,613,642,1771,1566,2306
Slc25a15,1272,1297,1358,1112,927,892
1700037H04Rik,1400,1343,1049,1095,1089,1427
Cep55,1961,1114,1717,915,874,534
Gpn1,1647,1791,1357,1138,984,1026
Pih1d1,1485,1332,1465,805,975,1017
Ralb,1003,805,878,1995,1386,1973
Rchy1,1183,996,1019,1364,2191,1663
Wdr41,1293,1374,1229,1340,1093,1124
Sarnp,1386,1422,1399,1400,1223,1063
Pkd2,1119,804,835,1219,959,1600
Mpp5,1155,938,1165,1548,1242,1211
Cdc42se1,1983,1328,1272,1366,1379,905
Derl2,1124,1541,801,1135,1452,1123
Pgf,1058,1265,885,1611,1216,1302
Usf3,1047,1078,1323,1598,1185,1403
Psen1,1084,1208,1157,1208,1084,1070
Slc35e1,1408,1351,1236,1149,1173,952
Mfsd11,769,893,1114,1594,1869,1597
Smarca1,671,1025,699,968,1343,1709
Ptpn3,1282,830,1555,971,1000,1167
Brip1os,1072,1714,1289,942,932,1065
Cnpy3,1212,1273,1511,1045,1363,1008
Psme1,1103,994,999,1488,921,1543
Rgs3,1433,999,1060,984,1462,1651
Nsl1,2083,1243,1623,797,699,652
Actr8,1320,1297,1178,971,1084,1144
Supt20,1165,1321,1546,1223,1308,976
Cops9,989,1261,1411,1298,1430,970
Hrk,488,764,529,1755,2104,1908
Rbfa,1028,689,986,1449,1105,1188
Gstcd,950,1213,1378,1256,1090,838
Pofut1,1266,1088,1704,1096,1259,991
BC055324,1574,1868,1567,913,877,944
Sult4a1,1101,938,1180,1708,1616,1240
Gtpbp10,1285,1153,1356,844,1187,954
Eml6,1082,1102,914,1064,924,1354
Tatdn2,1193,1464,1013,767,1137,1179
Ankmy2,977,1416,1106,1395,1057,1139
Lama4,1135,1634,1702,800,945,495
Vipas39,1172,1060,1197,1667,1170,1931
Zfp236,1483,1026,1412,1163,1344,1689
Fbxl3,1310,1100,1449,1241,1157,1257
Dhrs7,900,919,1171,1544,1724,1679
Decr1,850,1174,1135,1129,1359,1274
Qtrtd1,1773,1316,1163,939,814,624
Fignl2,1017,1140,1430,1558,1148,1121
Siah1b,1709,1893,1222,614,669,781
Ufsp2,1035,1034,990,1699,1269,1380
Tgs1,1108,1440,1042,983,1181,1321
Ccdc92b,1307,895,1282,1267,1653,1397
Kxd1,1087,973,1399,1145,1403,1563
Nck1,1227,811,927,1265,1101,1064
Isg20l2,1392,1005,1090,1117,1207,645
Aida,1226,1315,1080,1128,1105,1568
Ttll1,913,1221,691,1308,1282,1405
Tex30,1771,1553,1584,415,702,750
Usmg5,1216,1057,1237,1066,1067,1233
Txndc12,1087,1092,829,1277,1162,1607
Smyd5,1178,1630,872,1115,1087,1032
Zxdb,765,972,757,1674,1151,1186
Cyld,916,1218,1069,1307,1428,1459
Cers4,963,1041,788,1441,1153,1360
Cmtm6,1099,880,1081,1374,1086,1001
Arxes1,1442,991,1197,1388,1153,1321
Agpat4,543,704,824,2090,1413,1486
Erlin1,1268,1863,1205,1395,832,1124
Egfl7,417,690,638,1869,1519,1568
Arnt,992,1147,1540,1011,1292,1173
Ptrf,791,913,767,2010,1543,1041
Cmtr2,869,1355,1290,1229,820,1092
Atp6v0c,808,1043,1399,1604,1077,1428
Gng2,777,742,604,1350,1419,1626
Cth,605,570,659,1479,2013,1320
Miga1,1070,1247,674,966,1237,990
Usp28,1055,1612,899,1229,870,1317
Chmp6,1635,1407,820,1159,1453,1266
Dhodh,1280,1245,1254,1376,1009,1089
Etaa1,1231,1587,1414,818,1210,1088
Atp1b1,1404,912,675,1440,1130,1254
Pbx3,1310,966,1618,1363,1306,1034
Cyp20a1,1143,1239,1767,1122,943,892
Mrps22,1567,1410,1571,1203,980,1100
Wdr24,1071,1030,994,1386,997,1196
Aatk,839,867,807,1590,1876,1462
Zbtb6,1055,1172,883,1482,1086,1099
Aph1b,607,836,654,1371,1723,1674
Nol8,1798,1469,1304,1006,652,757
Trappc1,1311,1000,1335,1171,1305,747
Ccdc59,1081,1788,1170,1300,1057,1312
Bag2,1150,1212,1204,754,921,1118
Speg,1136,1090,1309,1429,1112,1093
Ppp6r2,883,1030,882,1315,1260,1815
Ppp1r11,1389,1296,1528,937,1577,1170
Acsl6,1115,1374,1058,1019,1597,1853
Mfsd5,1242,1369,1112,983,1160,1142
Med20,888,1166,1077,1118,1666,822
Itga5,542,449,591,2035,1575,1729
Traf6,1393,991,1065,1049,1071,938
Trmt10c,1514,1034,1456,815,1116,991
Surf2,1748,1447,1204,990,913,1024
Rhoc,870,753,758,1376,1140,1172
Dlgap3,1506,1208,1704,944,929,962
Cnot4,1608,1322,879,1147,1019,1033
Ggt7,850,842,784,1606,1645,1646
Nde1,2048,1684,1337,708,652,631
Dzank1,692,452,543,2006,1604,2815
Ids,1226,971,936,1541,1344,999
Sssca1,1956,1655,1425,896,882,903
Nfu1,1193,906,1148,1488,1122,1355
Ccser2,921,1204,1529,1130,1043,1521
Cdc7,1701,1517,1640,853,1186,936
Recql,1534,1449,1118,850,784,1288
1700094D03Rik,1164,805,1467,1017,1126,1545
Ing2,1248,961,1206,992,1034,1258
Kdm4c,1393,898,909,1034,959,1605
Tubgcp5,1421,1023,1332,981,951,832
Rnf138,1056,1396,995,1126,1066,1227
Slc37a3,984,772,834,1697,1309,1439
Exoc6,1377,969,1018,1053,1106,999
Ell,1059,1103,1097,1041,1003,1001
B3galt1,1288,1369,882,1082,1024,1031
1700048O20Rik,1056,841,1412,1359,1289,1092
Glb1,756,940,845,1299,1936,1404
Zfp729b,1011,1080,1094,1182,865,1567
Map3k11,1418,1062,1256,1033,1074,1265
Naa60,1486,1220,1030,1291,1386,1661
Chtf18,1968,1204,2006,752,624,673
Oprd1,943,711,984,1100,1190,1651
Aktip,1171,926,885,1348,1432,1284
Lpcat1,1730,1377,1560,884,978,971
Dpy19l1,1195,1568,1188,1201,1577,921
Smg9,1389,1156,1111,979,1115,1071
Ercc5,1270,1001,1285,853,1327,990
Ankrd27,1215,1292,1249,1208,1580,887
Map3k1,1089,1215,1146,1439,997,1134
Hdac9,1095,1298,823,1523,1035,956
Gnaz,874,864,778,1301,930,1127
Gnb4,945,1216,1189,1142,1532,754
Cadm4,956,786,976,1367,1050,1793
Med19,1066,1183,1192,980,960,1613
Man2b2,769,671,676,1816,1685,1952
Fhl3,1085,914,1100,1981,1149,1579
Scamp3,1448,1563,1004,1199,1259,961
Brinp2,840,817,1002,1191,1400,1506
Gucd1,1063,1084,1500,1378,1159,1134
Lcorl,735,1086,932,1349,1029,1116
Crtc3,722,1018,886,1442,1494,809
Ubl7,780,1298,1323,1043,1169,1009
2310061I04Rik,1490,1019,1093,961,1126,1865
Dennd1a,751,1250,1034,1062,1412,1166
Prickle2,1283,894,1286,1210,1151,977
2310057M21Rik,1679,1012,1200,697,973,1156
Slc4a7,975,1071,1192,836,1222,1151
Cenpc1,1689,1622,1096,926,1100,1310
Cisd2,1782,1700,1103,1044,1100,789
Unc119b,1407,1019,1237,1198,859,809
Mtpap,1702,1104,1189,1095,1326,1425
Spout1,1420,1163,1308,863,736,1188
Dpy30,1163,907,1479,1097,1582,810
Mnat1,1209,1251,1078,1178,1022,1281
Nsmce2,1013,1025,965,887,1356,1482
Cbx8,772,1243,1051,1308,1184,1378
Tmem14c,959,1267,899,925,735,1398
Tdp2,1926,1155,1256,798,1050,941
Vps72,1114,1085,1444,1064,873,1160
Gdap1,839,814,922,1655,1476,1573
Pir,1175,1433,1608,700,1051,833
1110008F13Rik,1370,1223,1265,883,1175,744
Sepsecs,1056,1808,1044,1229,1317,1045
Manbal,987,1101,964,1627,1367,1795
Reep1,662,672,745,1218,1805,2246
Slc16a6,795,1038,1053,1309,1136,1442
Anxa7,948,1325,1280,1129,1302,845
Plppr2,1147,1172,1070,1579,1230,1338
Sephs2,2013,1303,1818,1073,1112,874
Dcun1d4,1000,734,891,1696,1230,1358
E130201H02Rik,1796,1122,888,895,1006,1523
Mrpl50,1365,1011,1394,1400,898,1374
Ctif,1067,986,986,1245,1511,770
Gabbr1,456,605,584,1439,1612,1071
Cenpn,1399,1261,1215,655,1079,829
Bmt2,617,1207,817,1391,1174,1350
Cipc,997,1122,1511,1108,1008,1714
Rpe,1571,1079,1401,1244,1185,1085
Nphp4,1320,1233,1157,1162,1162,911
Arl15,1244,1312,880,1460,1069,1087
Tfb2m,1175,927,1166,1357,1250,1084
Pacsin3,255,339,289,1702,1680,1705
Hikeshi,1037,1809,1254,1042,1165,893
Map3k9,698,892,914,1190,1264,1312
Ino80c,1614,1102,976,806,725,730
Ube2d1,1619,1155,1222,1002,999,1015
Trim68,1194,1303,1337,684,1030,1187
Nubp1,1285,2234,1297,1200,933,1048
Pknox1,1146,1040,1347,919,888,1176
Nfs1,960,969,886,1332,1367,1082
Ubash3b,716,841,764,1255,1268,1477
Abhd5,1302,990,1250,817,940,762
Sppl2b,1156,601,944,1458,1538,982
Anxa5,1110,988,936,1165,1101,941
Socs2,1055,1429,1508,1005,1095,902
Mtfr1,1003,944,806,1372,994,1143
Smg6,859,1277,1463,1012,1296,908
Psme2b,1286,1240,1387,1383,1410,887
Ccne2,1281,1732,1444,635,590,1116
Scamp2,992,768,1168,1303,1308,1438
Sptb,882,1242,788,1185,1455,1409
Fam13c,903,1161,952,1389,969,1145
Tmem258,1036,1438,1154,926,778,904
Mlx,823,1127,973,1164,1051,978
Ccdc9,1902,1384,1652,833,810,1054
Marveld1,898,775,916,1642,1409,1354
Acaa2,1035,1057,1173,1099,1354,1207
Slc4a2,1735,1393,900,1164,1252,1080
Dync2h1,1141,1044,1139,962,1012,1357
Meis2,1349,1403,1131,982,996,863
Rnf167,909,829,688,1341,1269,1277
2700049A03Rik,1633,1457,1604,798,1493,784
Ssna1,1397,1236,1299,1084,1380,1128
Snx10,1120,1225,1134,886,1080,1258
Erap1,1076,1576,1484,1262,1035,1043
Eci2,923,908,800,1539,1397,1175
Zfp60,1264,934,1369,1978,1361,1475
Actr5,906,1213,951,847,776,1296
Dna2,1580,1795,2089,544,692,612
Zfp467,815,800,1021,1462,1352,1368
Slc35g1,1371,1711,1178,808,1112,756
Lsm11,865,1294,987,1043,1190,1160
Hdac7,1270,1300,1777,1004,873,1141
Ticrr,1333,1399,1403,781,587,708
Tmem9,999,874,1302,1463,1265,1528
Map2k3,1259,1201,1495,985,732,943
Zcchc6,741,1068,1033,1254,944,1158
Bckdhb,1078,1011,1147,1076,1102,1120
Ugdh,1040,1629,1167,995,631,754
Mkl2,845,692,818,1827,1211,1400
Cltb,1143,1069,1052,1302,1017,953
Irgq,767,741,914,1506,1805,1357
Mapk7,1093,778,770,1344,1183,934
Rreb1,828,757,704,1350,2250,2067
Thoc6,1817,943,1342,1320,1218,740
Armc6,1441,1308,1312,774,1042,769
Neurl1b,753,893,862,1016,1437,1135
Ttc14,1124,1423,1052,1356,1025,1004
Rassf8,970,936,799,1127,1071,1259
Cul9,817,628,735,1983,1426,1206
Commd7,996,1003,901,1159,1280,948
Tsen15,914,1085,971,921,933,1193
Ppib,1624,1220,1014,1135,1059,640
Il13ra1,1484,1509,1114,756,1104,791
Bcl7b,1110,1457,1500,1202,1153,1266
Camta2,966,944,691,1148,1355,1636
Dffa,1113,1108,1329,1073,989,1323
Apba1,972,648,696,1426,1531,1782
Ngdn,1445,1187,1185,744,723,721
Clpx,1341,1311,871,1361,1002,1019
Olfml1,845,1571,1238,778,782,710
Armc5,1296,764,1118,1266,915,858
Pde6d,1273,1296,716,1148,1055,1371
Maoa,1828,896,1525,1124,1466,1072
Chic2,1188,1093,1203,1259,1410,844
Gpatch1,838,1348,1123,977,1346,1015
Lrrc8b,1069,979,942,1223,990,1353
Entpd3,983,1202,1321,1449,1155,1724
Tmem9b,714,1144,972,882,985,1041
Eif2ak4,1018,1193,1290,1151,1051,934
Reep2,860,566,624,1386,1625,1719
Ctdp1,1743,1491,1900,743,816,739
Thg1l,1448,1118,1114,1131,1017,988
Rflnb,1081,845,1064,1109,1014,1202
Hs2st1,1828,1097,1017,1226,889,1071
Atad5,1212,1640,1744,862,629,565
Acvr2a,1029,1060,1372,916,1154,1316
Poc1b,953,1231,1305,1050,1018,859
Tbkbp1,1557,1663,1784,794,783,996
Asb7,1063,1024,804,1451,829,1423
Atg9a,1114,1110,819,1449,1164,1011
Ogfod1,1221,1266,1087,1081,936,1132
Nhsl1,875,1179,1109,1553,1481,1449
Ddhd1,985,890,795,880,1310,1248
Vti1b,731,1259,1012,1330,994,1575
Tex13b,1789,2055,1193,884,793,824
Nup35,1739,1373,1507,377,1065,869
Synj2bp,1010,1298,915,1195,1292,1239
Dimt1,1316,1032,2245,1030,1042,962
Pex14,1181,1178,1273,1238,1251,768
Mapk12,1549,1323,1048,940,925,1047
Arhgef25,1010,802,1073,1133,1302,970
Cirbp,1095,786,1060,1196,1250,1599
2810428I15Rik,990,1088,955,1060,1304,1089
Gtf2f2,874,1076,1240,750,1430,1264
Prkcd,909,1040,762,1170,1365,979
Nkrf,1303,1348,1662,1036,836,782
Alg13,1222,1475,1581,1086,806,1047
G6pd2,1311,1698,1041,915,872,768
1810043G02Rik,1259,1182,1057,1144,1495,1267
Fign,1020,715,658,1101,1141,1897
Cbr4,938,1001,972,1466,1991,1041
Esd,1260,1193,1166,1247,922,1075
Cpsf4,1312,1295,1303,904,744,1019
Rgs19,1190,1577,1069,1122,1413,781
Ankrd6,509,488,456,1666,1319,1671
Dtx2,717,914,851,1017,1113,1587
Ctps2,1323,1141,997,1338,983,890
Unc5a,547,517,601,1711,1714,1346
Kif18a,1665,1690,1253,641,835,584
Arap3,1017,1021,881,1236,1558,1377
3110082I17Rik,1718,1891,870,681,738,668
Ppm1e,860,961,726,1457,1368,1047
Clspn,1384,1746,1890,562,602,505
Mrps15,1531,1299,1613,649,769,818
Cinp,1328,1038,1138,902,856,1271
BC030336,1203,1157,1169,733,823,614
Gfod1,1008,1043,1233,1025,894,1669
Cr1l,1349,1336,825,1034,1363,994
Slx4,1405,1304,1278,854,980,918
Uchl3,1293,1397,893,701,825,1055
Ttc27,1006,1496,1404,715,929,1009
Ints14,1044,1019,1059,1114,779,1005
Acaa1a,976,1007,921,1426,1377,1043
Taf3,1795,1246,1221,723,914,805
Id2,2316,1724,3016,38,36,31
Rttn,1349,1046,830,816,764,741
Ndor1,1537,1430,937,764,882,767
Dnaaf2,1386,1817,1445,654,808,681
Trim62,1074,1384,1108,872,1236,1066
Ndufa3,1200,1000,1000,1190,1228,816
Fancm,1116,1901,1528,437,800,643
Usp11,1063,1176,877,1200,1509,1232
Ddx31,1637,1321,1516,620,909,616
Frmd6,1002,1146,1276,945,1707,917
Mterf3,868,1438,892,1015,1000,880
Jade3,1200,1170,1178,962,1261,1128
Zcchc9,1535,1467,1385,1149,1522,959
Rhobtb2,944,946,940,1256,1298,1137
Rbm12b2,929,1055,1384,1012,1403,1409
Coq5,1198,1294,931,1230,854,786
St6gal1,889,1147,858,777,1374,1189
Frmd4b,722,1099,865,1418,969,1346
Narfl,989,1086,1067,1193,867,1332
Grhpr,705,664,943,1187,1471,1200
Gm8994,1227,1675,1179,649,723,690
A830080D01Rik,1006,1081,1077,1207,1261,1282
Casp9,852,755,781,1249,1186,1620
Cast,1111,1064,1269,1542,638,1212
Rfk,1035,1163,942,1252,971,1092
Numbl,732,672,761,1084,1474,1508
Adarb1,1150,1192,848,1134,1127,1307
Arid4a,1236,976,1107,1007,1100,1642
Mrpl22,1464,1426,1420,1014,946,820
Phactr1,750,564,427,1426,1311,1830
Mrpl44,619,932,1140,1001,982,902
Rab23,975,989,1102,1020,760,1069
Tubg2,993,1090,1173,1547,988,1172
Cbr1,1019,774,839,1209,1514,1573
Sdf2l1,917,1419,1206,1193,1213,1085
Pex2,1401,1019,848,1007,931,1262
Hexb,774,855,828,1481,1598,1200
Zzz3,1032,1074,1718,896,947,1757
Scp2,1077,1202,1072,1095,848,997
Extl3,944,834,1305,1052,1110,1167
Slc35c1,910,854,1357,1136,781,1175
Gm5868,758,765,646,1049,1602,1539
Ei24,1058,1036,1142,1035,977,960
Gpn3,1075,1664,1399,935,566,658
Sox9,1101,1086,1465,756,1155,747
Gdf15,1037,1153,917,1040,1010,700
Fgf11,417,435,568,1784,1689,1812
Pcp4,800,466,534,1502,1307,1400
Utp6,1059,1652,1422,982,700,888
Lzts2,1413,987,1004,1183,981,1132
Sdhaf2,1255,1262,765,1032,874,1054
Slc35e4,944,1147,1019,1116,1285,949
Znfx1,1021,732,1068,1707,1098,1306
Tob2,1408,1213,1082,1059,849,1404
Cald1,1220,1521,1294,1021,805,920
Stim2,895,1387,1641,1123,1051,913
E2f2,1584,2064,1200,593,397,470
Gnpda1,1255,934,752,1198,1533,1039
Fabp5,1096,1398,1219,489,884,661
Bahcc1,1181,1075,1048,1363,942,785
L2hgdh,1328,1071,1189,756,903,628
Elfn2,398,460,382,1922,1638,1482
Mastl,1319,1598,1190,604,846,831
Rfx1,1101,1232,993,895,1001,1009
Trim47,1357,974,1565,1068,1113,886
Loxl2,858,858,1198,1440,1361,1464
Trpm2,710,765,807,1597,1418,1339
Rtca,1583,1481,1191,735,878,964
Pomgnt1,797,897,726,980,1173,1100
Tmed5,1461,1172,1179,975,954,702
Heatr5a,1325,1201,1440,627,864,884
Gtf2a2,1437,957,1224,1166,1182,1077
Apoo,1260,1000,1113,1051,1010,1194
1600002H07Rik,1649,1286,1866,708,634,738
Zfp277,1113,716,1886,893,858,940
Mrpl19,1395,1656,1108,983,1249,1199
Zfp687,1157,1152,881,917,1113,998
Zfp729a,1335,947,994,1342,1270,1317
Tti1,980,941,1277,878,999,1374
Zhx3,1225,1013,826,1135,1036,937
Nit1,999,909,891,1306,932,1060
Ccdc136,762,744,884,1426,1555,1696
Fastkd2,1067,899,1246,1095,747,1283
Yae1d1,1199,1073,926,1008,812,912
Lrrc4b,779,718,1173,1375,1007,1358
Tmed3,724,886,780,1037,1281,1174
Ulk2,994,739,1137,1432,1000,1519
Fam175b,740,870,959,1121,1038,1339
Cdyl,1446,1043,774,680,1027,1104
Zswim5,892,1076,783,1733,895,1420
Glis2,1106,1300,1200,870,980,1571
Dopey1,1137,1116,1535,1035,666,1166
Zw10,1540,1167,1498,633,1098,774
Rnd2,777,1052,759,1184,1192,892
Tm7sf2,504,415,807,1340,1525,2148
Rbbp8,1304,1196,1026,914,732,551
Gtf2h4,1409,1110,1383,706,968,671
BC004004,1124,795,678,1001,1326,890
Usp30,1179,1175,666,1133,1228,1182
Atg101,1158,1152,871,958,792,1107
Ncoa1,954,1184,1127,695,1309,1391
Smim10l1,564,715,784,1245,1492,1432
Tpst2,1069,1099,900,1114,971,829
Kank2,985,814,897,1278,1102,1349
Rnf121,1009,1044,932,772,1416,1140
Trp53rka,1291,1163,1447,1036,1224,869
Rps6kb1,1478,1241,1171,753,969,1189
Aars2,1144,1230,1217,987,1207,852
Shisa5,1088,855,693,1207,1293,1328
Mybl1,1323,946,1211,594,863,715
Carm1,875,1115,937,743,995,938
Tgfbi,356,237,430,1417,2349,2215
Gmeb2,1000,1011,782,707,1117,1227
Mfap2,481,374,491,1997,1516,1673
Atg3,985,1315,1367,794,958,1156
Zfp9,1118,737,1316,919,857,745
Sh3kbp1,941,1579,1385,874,1533,1399
Dgcr14,1143,1068,1497,736,1221,1098
Ammecr1l,978,717,897,1271,1051,1039
Plk3,1156,1032,870,1145,874,916
Dcun1d2,1293,1206,1007,774,968,1009
Supt3,856,885,814,1165,1407,1276
Rnf169,947,1319,854,1296,1333,970
Zbtb1,1177,982,1084,758,1410,954
LOC102634296,1116,1137,1470,1113,951,1247
Kctd13,1200,920,902,1142,1172,1220
Ptges2,777,1062,1099,1073,1113,1004
Ercc6,1221,1309,1623,1105,631,708
Cep131,1098,1282,827,850,1023,1086
Fdps,932,644,735,1520,1637,1761
Cntnap1,666,866,878,1334,1441,1693
Fbxo22,1244,1380,1291,764,958,908
Gpatch2,1246,1183,829,1238,886,905
Stx2,809,650,667,986,1157,1135
Clk1,729,1067,805,1085,1309,877
Twistnb,1020,1002,914,959,944,895
Evi5l,621,946,935,856,1066,1375
Smim15,1086,932,929,1109,1263,941
Chfr,891,1455,1081,1072,853,1357
Mbd1,1557,894,946,1017,758,969
Vhl,909,955,786,997,1176,1010
Rab8b,940,916,1194,918,944,1001
Mospd2,926,1372,1057,1195,1374,1082
Zfp503,639,1016,721,1459,1217,1193
Slc52a2,1183,923,1288,1082,662,952
Rassf3,904,780,607,1678,1628,1285
Jkamp,963,980,884,913,1196,806
Poglut1,1279,799,977,921,854,1078
Rnf141,847,822,879,1036,836,1065
Cyp3a41b,1152,1094,1235,1062,1510,931
Mblac2,1192,851,587,1409,1458,1113
Pin4,975,1158,1326,981,793,926
Nr1h2,1179,982,657,1191,1406,877
Tcf19,1784,1507,1026,654,565,520
Fopnl,786,1144,1075,814,988,838
Fance,796,823,1061,1056,1002,1089
Papd4,964,1162,1093,771,878,1030
Zfp46,1016,926,574,1015,1294,1935
Chmp1b,865,706,1130,1030,1395,1112
Atg2a,982,1314,1205,1134,966,1066
Zfp608,1306,1471,961,1187,899,888
Frmd8,1177,1170,1428,766,1032,774
Eapp,992,1364,833,932,848,1632
Tet1,708,642,738,1778,1217,1720
Anapc11,1258,856,870,1651,896,947
Sgsm3,935,949,872,1005,1210,891
Inpp4a,1133,728,619,1445,1190,1509
Trappc2,950,1384,935,1265,1282,1162
Zfp35,892,1025,1134,1181,719,728
Gfer,1224,1065,995,886,1275,1087
Ubac2,1114,1082,1122,1149,1076,1307
Trub2,790,1479,1288,900,741,765
Git2,1081,1056,1334,936,1116,1153
Nr2f6,846,995,1271,1247,1334,1236
Tapt1,864,1039,988,1015,1237,1179
Agtpbp1,1160,1244,1033,1023,1020,1045
Fam129b,1260,1401,1406,551,585,552
Fbxo33,1224,1459,964,1036,1035,806
Map1lc3a,676,755,569,1236,1183,1655
Cog8,1413,955,1332,1043,1356,1149
Kcnc3,977,1072,828,1073,1217,1141
4930503L19Rik,1022,1775,1370,816,912,695
Pmf1,1089,1256,1702,742,618,850
Cxxc1,1005,1494,1206,905,630,870
Scai,1021,1090,885,1064,1264,915
Elovl1,1059,1077,1116,818,1019,862
Atg7,1147,961,1254,1295,895,788
Exd2,944,1048,757,1054,1264,980
Sapcd2,1402,1511,1143,665,828,654
Trmt112,1123,1119,949,825,1137,1133
Ppp1r9a,561,638,649,1333,1354,1595
Dnajc15,1117,899,1204,892,772,1800
Zfp574,1274,974,981,943,1052,1079
Fkbp15,1187,854,1027,890,1507,858
Limd2,961,986,1225,968,1140,834
Pick1,680,890,741,771,1320,1101
Zfp507,791,848,878,1337,1044,968
Slc15a4,1040,1075,1050,1336,1023,1345
Ap4e1,773,1011,1348,710,666,966
Slc8a2,844,871,1023,891,1564,1172
Psenen,991,1056,696,1362,1451,1241
Dus3l,909,1344,977,1000,1116,1649
Mrpl43,869,1062,942,613,813,965
Rbm19,1809,1616,1353,911,735,726
Phlda3,1196,1178,992,850,1125,1133
Fam3a,781,676,790,1407,1387,1306
B4galnt4,990,807,801,1772,1165,1426
Chm,1291,840,1492,1066,1042,789
Polr3b,969,1097,1632,804,1008,898
Pak6,1300,855,939,1073,1311,1136
Myo6,589,551,693,1017,1702,1241
Ifrd2,1251,1428,1871,754,629,651
Pola2,1136,1337,1214,607,544,707
D1Ertd622e,1110,1038,782,770,1021,1062
Megf9,823,1136,991,1082,1167,961
Snph,529,453,440,1478,1913,1349
Gnpnat1,1229,742,654,909,905,1030
Ppip5k1,1036,992,805,1144,975,987
Tet2,786,719,753,906,1232,1273
Rbm12b1,1414,1024,970,980,745,979
Sphk2,855,819,1056,904,930,1060
Jak2,1076,758,994,1041,1107,1386
Wwtr1,878,766,1018,967,1167,1150
Zdhhc9,776,589,596,1475,1126,1570
Bach1,966,824,1078,1338,1170,1122
Btg2,413,348,532,1284,1392,1881
Exosc5,1242,1248,1180,865,614,800
Rufy2,809,1616,879,1176,1112,1279
Esco1,938,922,1113,978,823,1282
Mms22l,1484,1024,1505,812,568,643
Fundc2,914,1023,921,1496,1137,1127
Ikbkb,915,898,1195,654,831,1112
Igdcc4,430,413,404,1554,1588,1388
Coa3,936,988,755,1064,1167,1081
Proser1,1086,1095,968,894,802,1211
Arhgap17,1114,1082,985,750,866,1555
Ryr2,1304,1327,1243,713,755,813
Slc25a16,946,1032,947,731,1005,1828
Sec24d,1180,1417,974,847,839,1273
Ubap1,792,1165,1032,1144,886,737
Map2k5,570,862,1028,1428,1052,1022
Irf2,988,952,934,916,988,1030
Polr3g,935,982,1153,816,697,695
Ppfia3,648,856,764,1282,1218,1488
Dclk2,801,951,885,993,906,836
Fgfr1op,1085,1345,1039,1291,1066,1312
Utp14b,859,940,953,839,815,1113
Bsn,835,1030,549,1313,1269,1375
Plekhm3,885,815,1320,1347,1426,989
Osbpl11,822,757,1085,1093,744,1083
Sacs,901,1020,1386,630,870,917
Med30,1246,1208,1092,832,678,1031
Zfp768,1015,1124,909,1203,1058,975
Mrpl45,1068,791,930,1078,933,1084
Ggps1,1309,1109,952,966,964,1413
B3galnt1,900,776,826,1052,1212,1052
6430548M08Rik,825,711,664,1057,1277,1277
Zfp930,994,957,1120,1177,975,927
Prkdc,1158,1510,1135,788,887,1118
Ift80,960,1048,1437,1105,1207,1048
Pms2,1096,1350,1103,799,769,933
Snapc4,1577,839,1019,1120,942,1122
Rtn4rl1,614,879,842,1596,1243,1210
Ppa2,1080,1078,722,902,889,878
Arl6,1236,1512,967,698,1069,1365
Slc41a2,1042,865,702,992,884,1028
Mut,841,878,881,1337,1028,908
Eri3,1028,900,1082,1045,1097,991
Gpr161,998,962,1099,895,868,735
Pdzd11,850,1155,1235,1328,1081,767
Rbl2,990,863,1031,1034,908,913
Fer,914,1226,1171,1014,987,1080
Wdr70,937,1036,1131,1422,586,713
Foxj2,1085,813,639,916,1229,1078
Lrrc41,798,856,985,1016,1256,1301
Zfp984,920,664,640,1387,1420,1129
Rpf1,1071,922,1336,789,1079,1277
Map3k10,1014,1145,1174,1066,1206,1038
Btbd9,939,1078,1179,1104,1013,1437
Tiparp,796,639,806,1121,1616,1298
Tmem161b,861,944,1025,882,1276,894
Atpaf2,945,1435,844,1192,845,802
Zfp865,802,820,1065,1104,801,1004
Capn10,961,964,966,771,1113,1163
Kmt5c,1079,1027,894,1083,1389,696
Tmem39a,1207,956,781,850,847,761
Mrpl21,1025,1080,872,752,1146,1293
Zfp748,1028,950,923,1307,1105,902
Gpsm2,912,1241,1408,896,1037,901
Trmt61a,848,955,1251,776,693,602
Rmnd5b,833,977,827,1018,1049,1000
Siah1a,884,1025,1143,804,907,999
Ier3ip1,762,794,1217,923,964,1023
Tprkb,710,1054,1016,1095,1014,853
Tceal9,1175,902,1018,1016,818,831
Pramef8,769,557,929,772,893,822
Lysmd3,711,681,935,932,1099,892
Taf1b,1481,989,1076,930,1115,1083
Rcbtb2,856,913,679,1254,1005,856
Oxr1,756,740,996,998,713,1224
Zfp113,1026,701,914,1042,838,1779
Plpp2,955,1060,1657,644,719,930
Sox8,1389,1224,714,760,1040,1069
Rad18,982,1280,1104,697,758,820
Nt5c3,806,784,775,1015,909,1118
Mrpl11,1120,1243,1153,844,944,695
Samd4,683,754,840,1132,1179,1053
Mis12,1486,1115,1035,630,942,993
Cmtm7,685,921,942,942,846,1123
Pcgf6,979,1229,1155,814,784,727
Scyl3,1062,996,881,894,914,866
Zfp945,734,559,658,1195,1050,1688
Cenpw,1637,1338,1107,678,713,723
Apeh,1033,992,894,901,1197,938
Zfp251,1552,1284,939,891,673,965
Bnip1,858,751,820,1077,1422,802
Insig2,771,728,613,1385,1033,1040
Dph6,1201,881,1091,1117,972,1195
D230025D16Rik,949,1051,995,753,903,926
Hipk2,955,913,1387,1146,844,1017
Nsmf,875,552,647,1078,963,876
Ntrk3,710,942,779,1284,1569,1397
Dcun1d1,790,860,979,1124,911,1063
Cspp1,951,866,1157,793,876,1035
4933404O12Rik,843,853,1162,852,1032,815
Ccdc43,1182,914,1676,1217,906,891
Nbeal1,682,722,791,1557,886,1075
2017-03-02 00:00:00,1318,887,676,668,1001,1385
Zfp358,1139,861,928,706,920,1072
Rngtt,1235,999,869,1292,958,1143
Hmgcl,857,948,913,941,747,1035
Taz,724,694,761,1074,1061,1122
Top3a,1446,1291,1685,904,800,899
Rnf123,993,944,803,1089,946,818
Bace1,1015,993,1224,843,1014,980
Foxo4,731,927,901,1262,998,934
Mad2l2,1143,885,977,1070,1164,1004
Mrpl24,764,1097,901,748,1091,1287
Rsbn1,825,933,673,1016,1527,1277
Dcun1d3,592,752,813,1250,1268,1097
Hibadh,816,1252,941,1227,994,1410
Uqcc2,1181,1449,1012,756,894,811
Cacna1c,877,726,760,1057,1465,1044
Rab3d,703,513,691,1172,1296,1110
Kdsr,1194,931,994,745,879,949
Ttc17,907,999,890,1134,766,975
Hps5,1138,1076,705,989,770,789
Rcan1,591,1027,938,1023,1268,1157
Nabp1,850,768,944,911,1194,1229
Otud7b,1075,1166,955,764,752,1559
Rasa2,749,1123,1282,1000,935,1024
Gpd2,851,997,1131,804,748,855
Gbe1,700,620,553,1725,1158,1695
Brsk1,849,1243,858,1064,700,831
Tmem55b,780,784,703,1190,1251,1351
Slc12a5,952,768,752,1119,967,1156
Pym1,987,907,1014,976,683,758
Rbm12,1140,1358,864,880,817,1048
Pdcd5,949,1253,1058,865,1023,649
Casp2,1198,1322,1558,1068,526,577
Nt5c3b,1327,1028,771,1205,738,1029
Tarbp2,1129,1064,1118,1221,1158,945
Papolg,731,1346,1114,764,1018,990
Ttll5,1176,1001,1121,734,1023,890
Gm6710,939,1148,987,969,759,950
Zc3hav1l,822,968,967,1123,958,906
Pias4,1245,970,913,1041,867,607
Rcn3,659,998,867,1093,950,1019
Epc1,1467,1224,893,1186,967,1153
Nedd8,960,1471,949,725,637,959
Psd,1032,736,793,1346,1172,1450
Slc9a8,912,1242,934,995,1117,1325
Unc79,824,920,1082,839,641,1006
Rbm38,1161,986,1005,900,584,716
Fam96a,1107,708,843,764,981,745
Dcaf4,935,988,1245,1109,1094,704
S100a10,1335,1439,1212,716,840,994
Pgm2l1,957,915,1323,670,694,791
Akap10,1090,948,1047,1151,995,1109
Unc93b1,746,628,750,1196,1030,1904
Lpin2,794,638,1004,1449,1120,1185
Tssc1,855,1029,1302,774,954,1033
Trappc3,796,1002,940,912,1262,945
Gpatch4,1457,1174,1411,613,599,660
Mphosph6,1194,870,1214,961,620,1265
Trim11,811,969,717,721,887,1227
Clk2,789,1120,1011,834,996,933
Cenpv,1259,791,1085,682,822,940
Ift46,646,844,731,853,1118,985
Cog3,996,1074,875,964,1107,783
2410131K14Rik,769,547,1098,1044,925,1247
Ssbp1,758,1106,1131,1146,981,918
Orai2,894,1190,872,1428,1047,930
Prmt9,884,735,837,1070,746,856
Alkbh3,1225,1199,985,958,936,1030
Nudt19,1635,1040,2005,1037,773,1046
Rnpep,976,1130,1042,923,1217,701
Sgms1,909,740,637,1361,1253,1209
Dgcr6,1097,749,682,933,1085,1013
Cntrob,957,783,1286,585,703,716
Asphd2,679,1214,876,1200,1140,1440
Gpatch2l,1171,698,748,870,1177,1018
Kcnn3,517,530,716,1461,953,1094
Gm2002,978,1272,1249,989,865,1286
Cep250,1083,1212,1004,850,603,782
Rab11fip3,840,894,762,1119,1049,1172
Crbn,807,636,977,1098,988,1076
Spred3,936,739,822,1029,1239,1037
Nhsl2,848,540,748,1476,1615,1082
Zfp523,778,612,1021,1106,1075,1024
Gls2,785,1079,912,744,860,1053
Slc25a10,1350,1560,1421,560,649,598
Tmem11,761,874,793,1171,738,822
Zfp428,942,949,1195,934,824,721
Mettl14,1286,1121,1262,1017,732,857
Peak1,1259,977,509,1181,1179,1270
Rsbn1l,966,755,733,890,1039,850
Fam92a,833,1248,1081,1321,665,718
Gm13212,910,940,597,1261,807,1247
Fbxw7,636,959,964,1331,1157,908
Mrpl16,937,879,1187,656,888,605
Tmem170b,978,829,767,874,1169,1599
Sall2,1023,1019,1023,965,1140,1195
Pcdh15,261,458,331,2016,1460,1147
Snip1,781,954,1288,1107,829,784
Tecpr1,794,908,651,1470,1358,1428
Wdr73,994,949,927,1075,1035,1172
4930453N24Rik,931,1145,882,924,1139,809
Zfand2a,1101,1010,748,805,753,1011
Ift22,900,1020,980,972,906,778
Washc1,624,1149,891,1017,901,668
Mical3,1251,967,1050,920,1317,822
C2cd2,791,1035,749,1169,835,788
Cyp3a41a,815,937,908,825,897,835
Tfdp2,836,1062,1272,763,1213,844
Ino80e,1085,921,1081,1183,777,804
Limd1,752,906,1087,844,1261,886
Slc37a4,824,523,802,1238,1250,956
Mrpl4,930,939,908,779,933,1283
Exoc6b,993,986,1228,1121,1344,1274
Qrsl1,1051,1316,961,862,714,892
Dcaf6,643,547,540,996,1033,926
Unc119,531,625,679,1190,1063,1400
Itga8,948,1081,1212,780,785,671
Pcyt2,835,1029,851,984,1307,1071
Tnip1,1451,785,886,1438,994,856
Pggt1b,726,914,827,978,935,1094
Ccdc91,699,812,1093,1458,762,1008
4833420G17Rik,1010,1011,1025,724,928,1046
Micu3,931,734,893,788,842,1144
Pspc1,970,1155,1013,736,831,723
Cdca5,1277,1381,1728,742,894,777
Trp53inp1,165,266,279,1782,2245,1678
Nsun5,1174,1068,1073,678,773,623
Tbc1d32,1077,1084,1153,839,993,1026
Maneal,1205,1274,955,978,1033,888
Dixdc1,830,992,826,1160,1026,1366
Pdcd7,887,1058,1160,1132,1085,826
Tmem206,858,518,715,1068,1088,1380
Nxt1,1328,1392,1123,731,576,842
Cables1,1346,1746,1565,660,662,776
Inpp1,798,1142,959,1335,1285,773
Setbp1,819,848,608,1349,994,1479
4931406P16Rik,1151,1131,871,935,676,981
Dagla,474,924,570,1128,1346,1307
Mcur1,791,893,895,897,972,1065
Ing5,1202,1030,1116,738,870,783
Pptc7,1123,1289,1208,748,1005,687
Anxa4,699,620,538,640,1079,1274
Kdm2b,1074,726,855,1097,1000,894
Lzic,894,1053,1081,720,947,989
Bloc1s2,861,999,1273,964,870,1184
Pacsin1,453,466,540,1303,1683,1680
Snap23,832,1064,1083,931,1126,1076
Rtn4ip1,908,1058,1126,698,959,887
Gabrb3,883,705,1040,824,821,897
Smpd2,1097,993,731,847,1133,925
Zscan21,756,1392,1040,1184,821,749
Arsa,512,711,581,1176,1729,1536
Capn1,770,705,756,781,979,1146
P3h3,1078,658,906,814,1061,1083
Srfbp1,1147,1115,964,891,715,907
Mtus2,719,815,644,1197,2056,1109
Tjp2,1282,880,964,508,557,722
Smim20,772,674,945,944,1130,841
Ccdc25,925,1293,1204,821,897,807
Ccnc,1327,1061,1054,687,828,894
Ptpn13,1190,1271,1434,884,980,903
C1galt1,1113,818,726,1096,703,1018
Fam234a,703,692,683,1761,1141,1218
Pskh1,909,725,741,935,1106,1003
Zfp623,940,844,641,1023,1461,1012
Dnlz,772,797,1104,1467,1212,851
Zfp110,985,620,927,1120,1097,926
Diaph3,1354,1254,1047,546,512,460
Zfp869,991,695,831,1259,1038,944
Cwc25,959,889,1061,1219,1262,827
Wdr91,642,750,689,1119,1268,1066
Dlc1,902,1122,1258,929,721,1060
Zfp866,891,849,603,1538,833,1052
Slc9a5,1051,782,1250,1001,1344,714
Bco1,559,586,581,1195,1219,1214
Acad9,1113,1269,909,985,845,829
Rab31,1277,976,916,956,1050,1027
Tti2,727,853,756,1165,1197,1416
Dnttip1,868,599,697,967,884,816
Pdp1,828,836,833,811,935,862
Cdca2,1503,1489,1270,625,780,606
Bag5,1070,879,1191,863,627,820
Med4,979,882,865,577,778,870
Lrsam1,418,672,608,1457,1331,1500
Nfkb1,810,675,783,1493,775,1034
Grb14,777,780,979,1105,1092,1190
Armcx4,910,947,1084,732,1144,837
Nsd1,845,819,1056,1247,1006,1298
Zfp410,1129,701,1082,978,700,785
Sfi1,561,891,770,1282,1282,1134
Nif3l1,974,700,937,756,1042,1118
Rnf13,867,627,683,871,997,1187
Chd5,554,736,865,1433,947,1255
Taf11,820,765,1240,1099,871,957
Dpf1,1088,1145,1280,752,733,967
Btbd7,955,969,814,1028,857,973
Ddx20,1122,1118,1180,794,539,635
Fbf1,997,798,1101,926,944,1373
Mfsd12,1056,905,1043,733,925,720
Tle6,672,836,582,985,1315,1115
Ptbp2,750,711,848,827,776,987
Sarm1,741,768,542,799,1364,1063
Mrps33,1129,967,762,627,891,977
Flot2,972,844,849,1141,1367,945
Hist1h1c,476,579,316,1458,1143,1601
Kcnc1,582,531,593,1232,1243,1507
Slc6a9,624,585,455,1272,1276,1085
Gm14391,875,1023,811,1334,721,898
Trim9,807,794,721,1163,980,1134
Mkrn2,1065,976,859,1128,975,777
Miip,1483,917,1035,1004,796,814
Syt17,667,593,706,854,1201,1168
Med27,1023,929,946,1098,1131,715
Syde2,923,1126,782,691,578,856
Adamts4,788,694,809,1143,1085,904
Crip1,1541,947,1263,488,596,527
Pisd,1078,847,894,1084,725,690
Tab1,732,938,1096,793,905,1038
Cep170b,713,875,731,965,999,922
Tmem167b,845,768,738,1222,1513,1035
Rnd1,481,502,918,1134,1173,2046
Gmip,1123,954,1257,828,875,1093
Hexim1,978,1122,1108,1033,1068,868
Slc44a2,720,695,670,1303,1080,1291
Rarg,732,828,916,1066,1386,1473
Fam53c,1123,745,871,1148,786,861
Pole4,1023,1190,997,946,1017,723
Taf5,1126,1612,1180,619,554,614
Hdac11,702,431,613,1451,1278,1310
Lingo1,407,382,474,1518,1056,1499
Metap1,896,1107,889,912,523,759
Nrep,713,1600,625,1079,992,780
Pex16,961,869,915,1380,1044,1039
Cdkn2aip,1059,1006,1030,821,624,824
Aven,1267,1475,1365,913,685,934
Gm5766,1025,977,1047,954,945,777
Chchd4,1124,863,1386,627,650,523
Net1,1057,1027,1344,604,579,733
Zfp800,860,1260,990,1017,806,849
Gm14430,951,652,859,1143,1059,721
Zfp142,1093,830,765,1089,841,691
Riok1,1378,1195,786,776,749,574
Zfp7,902,1062,1509,754,619,735
Pnmal2,470,637,440,1051,1009,1706
Ccdc34,923,917,985,599,582,740
Cnnm4,1034,710,1179,894,1240,1236
Slc22a5,630,738,829,1177,1108,1251
Ipw,772,540,472,1024,1212,1091
Fndc4,1368,1017,672,860,885,676
Ddx28,882,878,666,832,1070,718
Commd9,1149,1181,939,753,825,768
Endov,585,842,995,1219,950,901
Zdhhc13,923,921,1073,953,515,845
Ammecr1,773,1135,945,752,720,829
Sharpin,841,995,950,1281,831,1228
D030056L22Rik,1096,1320,849,603,942,937
Aar2,796,960,857,946,890,655
Etv3,1105,873,1144,715,634,820
Imp3,1016,877,1574,1035,860,698
Bckdk,934,812,909,880,845,644
Arhgap33,624,692,567,1078,957,966
Slc35f6,696,901,943,858,1246,1106
Mtg1,850,1181,922,1185,1218,879
Gstm2,1015,724,803,1149,941,968
Alas1,740,961,936,852,888,824
Zfp777,958,1124,1201,704,867,961
Asic4,318,251,499,1862,1320,1652
Edem2,835,645,825,1441,1171,1032
Rasa4,454,403,354,1713,1477,1002
Abca1,170,181,170,1883,1693,1812
Fam204a,610,684,873,1011,1082,1500
Mtif2,824,1054,876,880,698,958
Cdc42ep4,780,742,792,1024,1122,1257
Nfasc,309,353,369,1695,1356,1331
Esco2,1342,1357,1275,596,419,587
Meaf6,949,849,1051,867,992,752
Pink1,423,723,708,1241,1647,1542
Rundc1,882,733,721,1015,1071,1308
Shisa7,731,492,561,1328,1190,1170
Eif2b3,896,1016,926,843,726,677
Lrp1,935,1078,839,1325,873,615
Creb3,937,788,817,1177,1090,799
Ccnd2,458,379,329,1250,1281,911
Zfp738,794,608,743,1094,1046,842
Rad1,997,1007,921,987,1126,814
2610301B20Rik,555,535,972,1465,1193,1095
Crb2,679,838,839,872,1090,1384
Usp45,882,1174,1100,817,830,908
Micall1,722,812,634,714,941,876
Btf3l4,902,1015,877,1029,854,1061
Klhl42,691,732,801,1018,1095,728
Alkbh1,1001,742,750,935,879,871
Fntb,1036,956,937,1144,676,760
Abhd11,940,1014,794,719,979,846
Slc8a1,555,619,560,967,947,925
Gadd45gip1,861,762,1066,862,799,725
Zmym5,1010,720,789,863,878,903
Gmcl1,832,1075,1286,850,1161,831
Tmem101,717,783,866,773,924,1207
Krcc1,852,1434,793,660,1041,954
Aldoart2,759,617,717,1089,907,1815
Samd10,750,798,723,1463,1001,967
Lhfpl4,894,844,781,1364,1246,1169
Mllt3,752,837,744,1474,923,1171
B4galt3,688,839,630,1295,1099,880
Ubl5,885,794,1234,844,646,1307
Pgam5,1008,1001,882,588,785,794
Eif2ak3,597,702,1175,996,997,948
Nle1,1063,749,966,617,770,685
Zbtb8os,673,864,996,874,671,880
Trafd1,1028,653,808,781,1010,946
Taf8,1178,707,1157,728,975,593
Tsr3,1237,1018,944,1012,937,946
Mettl2,1070,900,942,782,735,1116
Cep295,984,1149,984,686,677,798
Slc9a3r1,886,1019,786,1131,1115,778
Traf2,983,1052,1146,952,626,672
Mrpl33,1063,1034,1130,681,844,755
Nfkbia,801,759,916,1188,753,889
Tbc1d22b,744,959,827,950,1535,908
Ccdc71,931,998,841,869,723,791
Crlf3,1414,854,715,808,775,660
Rdh13,1035,1169,1089,537,721,526
Gpr89,1298,920,703,837,873,1020
Mcoln1,1361,802,843,964,995,880
Agk,682,869,777,862,1028,1039
Snapc3,951,1476,878,725,1015,682
6030419C18Rik,583,615,686,1188,951,1074
Keap1,868,838,713,901,700,603
Svop,531,594,587,1096,1129,1426
Lysmd2,873,855,1181,803,753,867
Zfp407,1153,699,1303,777,877,875
Sowahc,971,922,1145,848,1202,1142
Prpf39,1008,1135,1198,1013,784,796
Timm22,953,1299,1040,925,842,887
Pdss1,1184,1047,1662,504,556,458
Hus1,1025,798,1007,715,742,608
Ica1,916,930,986,767,983,733
C030006K11Rik,962,799,1080,892,1154,842
Zgpat,1066,974,1020,873,579,882
Ric8b,669,785,734,903,1226,711
Clk3,925,831,860,977,774,834
Jmjd4,1358,918,1413,835,754,811
Arl13b,998,1095,1042,826,943,793
Ranbp6,553,602,680,1351,1006,1051
Mxra8,596,719,493,1294,1240,1334
Nkx2-5,991,1208,997,853,625,639
Itfg2,561,853,956,1138,744,939
Zdhhc4,746,651,678,796,1017,934
St7l,806,700,840,899,1256,1097
Sema3f,754,646,670,832,953,1058
Ss18l1,870,601,686,968,1087,1638
Ubald1,967,1112,866,882,843,986
Unkl,910,1060,675,929,933,1097
Mpi,629,736,1177,639,926,850
Mcts1,659,889,1110,944,618,755
Apoa1bp,687,667,598,1027,963,1044
Tmem237,1074,1093,1532,976,1060,789
Psmd10,740,789,913,721,1253,687
Mynn,742,1213,774,985,798,964
Csrnp2,1090,1016,1070,969,1102,848
Zbtb44,604,1214,930,992,978,666
Riox2,691,897,897,828,593,1305
Prpsap2,833,1107,947,706,840,935
Wls,719,674,551,891,1329,910
Tmem115,763,1122,964,682,1155,1168
Gpbp1l1,539,785,732,1235,948,838
Gm14325,786,646,606,991,906,1240
Pdik1l,605,631,768,1063,741,793
Rbmx2,1230,976,879,706,614,606
Mns1,1204,1367,1463,688,383,682
Fnip2,837,854,1063,901,960,945
Frmd5,847,772,620,1092,966,910
Bbc3,444,590,448,1060,1287,1700
Polr2d,1159,1344,814,962,946,813
Nfil3,886,593,577,971,900,1012
Vps9d1,809,904,645,797,705,930
Gkap1,1089,1303,849,805,687,1046
Cox10,860,861,745,522,920,627
Ephb4,1231,945,1211,575,549,1030
Prmt2,657,673,943,1074,1273,1299
Scn3b,742,923,743,780,730,1142
Haus8,1048,965,1073,655,866,714
Tbc1d17,719,781,719,882,891,930
Acer3,643,948,449,859,850,968
Psmg3,929,1079,644,973,1083,1131
Tbc1d5,924,662,1060,752,1212,673
Kctd10,862,672,907,699,694,776
Mpst,843,676,1107,805,927,923
Zswim4,576,774,764,1080,921,1277
Rnf5,1005,857,1162,762,975,581
Tarsl2,1129,791,1131,723,845,802
Pkp2,850,839,677,903,1259,930
Mapk11,970,847,1156,1011,906,1001
Cit,866,889,1219,997,571,598
Dcaf11,649,803,742,943,958,1288
Zfpl1,802,1060,834,789,862,1278
Impa1,762,1024,792,799,847,680
Hist1h2ao,969,1369,1629,698,479,506
Hist1h2ap,1428,1227,1028,463,578,546
Efl1,761,1185,914,888,638,792
Phc3,1020,595,676,818,1020,933
Gmeb1,744,786,897,752,725,811
Daam2,1626,1376,1802,244,183,262
Smim14,500,888,643,1175,1394,895
Lhx1,827,1060,998,793,820,1044
Supt4a,742,734,903,780,889,714
Fam222b,827,757,1018,840,855,958
Cog6,753,856,645,1042,1128,1008
Grpel2,809,889,775,690,1090,740
E330009J07Rik,614,658,304,1134,1275,1116
Tmem185b,1093,766,1050,1078,663,885
8030474K03Rik,828,684,1118,990,815,808
Mzt2,981,938,662,939,1153,1235
Scaper,653,807,544,1352,1471,1006
Bicd1,862,658,858,933,841,764
Nipsnap3b,1208,584,682,1018,615,908
Tmem74,524,712,986,1322,916,1037
Apc2,622,503,973,880,800,865
Shkbp1,620,926,904,999,691,799
Recql4,921,792,1038,535,759,777
Vezt,660,788,665,903,1212,825
Sumf1,1538,734,617,947,771,813
Mccc2,874,843,626,907,724,890
Rnf166,984,806,629,1291,938,1010
Btrc,990,759,774,962,1130,929
Cdkn2d,809,731,1092,1141,1027,696
Nova1,938,1017,763,753,827,846
Sec22c,1157,661,931,860,888,872
Rnf165,603,755,838,1027,985,887
Pccb,733,634,1000,684,910,1288
Bcs1l,902,752,1000,822,982,896
Pacs2,633,891,992,901,716,831
Enkd1,856,1068,645,642,920,697
Cdca4,1134,1173,990,559,667,539
Pkia,717,500,688,935,1111,853
Mtr,826,832,982,614,720,596
Epm2aip1,633,715,780,942,1227,897
Bcl10,821,899,1017,658,1003,737
Plekhm2,738,748,844,973,859,1126
Dhrsx,1081,1208,797,471,688,737
Spryd7,825,786,749,634,1061,796
Flrt3,620,715,512,1036,919,1198
Usp33,683,1072,1081,877,948,737
Narf,438,564,572,1099,1196,1259
F2rl2,796,728,956,724,1231,937
Gchfr,584,890,806,874,809,924
Armc9,985,1021,782,581,1129,527
1810037I17Rik,857,1081,949,777,724,815
2610002M06Rik,679,674,661,1210,734,733
Ubxn2a,1031,1002,711,818,718,857
Ttc4,741,1117,626,713,1040,895
Zfp787,687,764,956,982,877,731
Ttc33,710,824,762,1119,695,938
Polr1e,1046,996,856,540,547,491
Fcf1,1534,1105,843,858,1025,683
Hltf,666,674,971,663,517,680
Stx18,844,1133,825,900,633,611
Cblb,743,854,736,1027,1077,908
Fam177a,865,704,660,808,1049,1094
Katna1,773,871,954,674,784,875
Efhd2,626,1198,911,1087,699,817
Dhrs7b,1182,1002,1298,1006,1112,704
Tigar,781,1075,811,955,568,652
Eefsec,821,1035,503,926,925,1154
Akr7a5,708,937,773,822,716,942
Mbd5,569,795,768,1107,1349,1052
Mtg2,867,1242,1006,696,497,512
Zfp282,961,917,935,851,768,974
Txnrd3,939,727,934,962,915,1007
Rnf103,621,798,956,1097,1088,1438
Fam45a,798,1058,667,923,803,974
A430005L14Rik,884,898,1168,680,814,1348
Faxc,818,875,839,1166,986,1013
Uckl1,628,664,594,1020,692,1205
Snrnp25,1124,1187,1356,590,690,616
Mrvi1,578,604,853,1057,1094,973
Sec11c,873,896,680,720,951,838
Nr2f2,931,1279,1076,569,715,819
Armt1,966,1084,1122,573,568,607
Tjap1,751,781,699,502,624,963
Vps33b,1176,1003,765,594,741,903
Zkscan3,667,738,703,1150,1001,831
Rbm7,1008,1169,860,752,692,733
Bak1,1005,732,1180,396,598,593
Il11ra2,1061,875,1071,717,670,834
Sike1,500,888,588,1169,966,730
Klhl22,1100,612,472,687,886,879
Fam118a,881,808,795,887,516,993
Tagap1,596,815,803,748,1135,1244
Fbxo7,664,659,698,919,941,1022
Ebag9,1175,749,1021,807,949,929
Slc4a3,848,825,993,1011,858,1115
Pml,635,622,993,758,692,969
Zfp942,693,653,626,854,800,920
BC017643,917,993,942,786,846,1197
Klf11,447,516,494,1270,908,981
Numb,716,806,1017,949,1218,1170
Gfod2,723,761,926,696,754,1079
Plppr3,714,570,547,992,1347,1498
Azin2,609,686,750,928,823,1393
Tmem267,1025,878,920,798,874,829
Brms1,850,1191,951,669,752,690
BC034090,511,631,471,1114,1270,1100
Cep41,1019,634,1020,792,812,790
Camk1,779,625,789,1158,923,1106
Dsn1,746,1321,1156,544,841,664
3830403N18Rik,892,970,771,907,958,735
Naglu,756,653,819,1240,877,663
Nrsn1,934,792,951,693,610,545
Cdc37l1,978,835,754,804,688,757
Sgk1,920,1282,1090,742,875,636
Hacd1,754,1028,801,690,1145,832
Slc25a44,720,1003,725,631,741,855
Sik1,850,726,900,610,867,722
Iffo2,672,559,952,820,996,1241
Cdk5,585,674,805,1153,940,913
Exosc3,956,763,903,560,682,669
Acsf3,515,692,570,1069,1165,1000
Dpy19l3,962,788,827,724,683,904
Rhbdd3,758,845,764,1236,670,975
Scand1,609,710,569,767,999,1037
Reep6,569,446,466,1488,1016,820
Ptprn2,623,499,422,940,1543,1025
Id3,2082,1796,1337,6,5,6
Thyn1,601,793,724,1142,985,724
Cnrip1,977,736,669,785,765,1003
Gm14432,786,756,778,948,719,816
Pgap1,900,650,1220,886,1012,711
Alkbh8,808,640,1265,648,860,764
Slc6a15,1266,1134,1066,315,361,460
Ing3,1161,936,895,566,664,883
Saal1,1011,1266,1029,724,539,1091
Iqsec1,497,579,508,920,1162,831
Nufip1,792,755,689,1025,603,617
Zfp64,833,830,797,748,510,695
Hlcs,681,494,521,1262,1014,1336
Cby1,1132,812,669,840,644,945
Zfp367,897,1076,1128,826,496,462
Tmem186,823,825,822,1045,845,701
Napb,368,417,340,1194,1364,1829
Arhgef3,659,914,1011,897,748,977
2310022A10Rik,1035,1098,931,465,699,561
Timm9,1012,753,1256,763,815,599
9530082P21Rik,659,994,805,659,564,937
Usp50,855,866,1080,708,537,532
Ppp1r16a,1104,963,839,862,1001,724
Dnal4,819,794,745,750,884,839
Pole2,1223,1515,936,623,654,448
Chmp1a,710,769,618,698,909,941
Acvr1,914,971,826,559,877,673
Snrnp27,914,809,963,560,663,808
Hps1,628,807,800,844,875,1020
Ostf1,672,874,959,715,966,828
3110043O21Rik,746,718,592,983,821,1004
Rcc1l,1159,1154,1290,754,569,475
Hs1bp3,543,956,708,923,1000,1409
Nprl3,1016,1133,709,949,928,986
Tor1a,1017,1182,859,920,707,748
Bmf,649,695,744,585,1109,806
Golga5,851,844,887,728,629,820
Snx19,793,831,557,795,579,967
Mrpl35,986,657,671,1028,880,615
Ippk,1039,1264,1035,810,436,636
Gcc1,539,532,750,1004,1032,1321
Cdh11,557,768,599,821,1246,880
Dopey2,554,374,456,1280,1374,1196
Dnajc18,639,647,740,1271,1449,926
Rab11fip2,706,767,663,953,674,983
Jph1,827,864,740,704,746,767
Errfi1,1073,708,600,969,1056,684
1110038F14Rik,630,703,640,640,741,927
Zfp868,991,972,887,762,741,728
Stard10,625,722,729,1069,922,821
Mlxip,973,882,922,650,661,858
Phyh,754,708,490,999,1196,1162
Them6,728,602,602,543,784,873
Fn3krp,813,800,676,1170,985,939
Dhrs1,602,800,583,981,1028,1001
Tmem123,758,1106,756,911,772,814
Dock9,627,710,801,902,1018,1062
Pim1,721,772,1107,1062,650,653
Akap17b,498,709,628,1328,1082,765
Ythdc2,991,1241,894,752,991,908
Trpv2,605,470,551,1208,1705,1045
Sdf2,603,593,647,703,1064,860
Tle1,506,645,800,1009,1413,1297
Fam172a,1135,706,563,1091,848,689
Timm8b,1074,622,1022,671,872,849
Rabgef1,881,549,881,750,584,664
Secisbp2,664,640,759,763,1088,857
Zbtb17,711,713,596,898,654,847
Mmp24,450,470,457,1230,1029,1293
Ccnl1,683,745,664,594,1038,641
Hist1h2ag,1509,1183,914,545,605,444
Trnau1ap,802,1008,763,769,823,932
Tmem160,975,1560,873,697,885,748
Zfp398,628,890,750,795,728,782
Rcbtb1,738,738,757,667,996,762
Rpp30,878,1218,997,621,584,635
Ccdc93,838,805,1083,652,716,564
Plat,781,880,816,616,1157,668
1700021F05Rik,797,1005,708,743,838,883
Abcd1,699,766,569,1166,1211,1020
Dera,943,726,807,656,653,726
Pi4kb,1011,641,1010,793,869,882
Lrrn4,1058,1160,1198,494,435,364
Lgals8,532,728,825,982,1253,1038
Fkrp,801,1176,862,743,1021,740
Vgll4,982,851,1023,1109,1004,1193
Ecsit,824,860,657,736,811,486
Nup37,1053,968,783,567,380,571
Rfng,783,743,865,824,924,675
0610007P14Rik,744,556,758,1042,1094,837
Sptlc1,871,667,675,950,759,644
Tmc6,538,569,578,959,1081,839
Cntn1,383,410,366,1235,1103,1132
Cab39l,1005,750,957,791,871,686
Fzd3,918,765,647,761,947,671
Ralgps1,667,544,465,926,1005,1402
Mrpl23,941,783,724,771,882,950
Zfp672,788,781,716,817,855,878
Ampd3,815,923,885,720,764,658
Stxbp4,915,785,763,531,985,1109
Fam57a,775,603,1104,517,737,914
Sgol1,991,1058,899,608,651,433
Foxn3,573,818,739,737,748,1094
Coq6,832,806,759,700,698,546
Prkag1,817,962,1348,608,792,743
Rest,678,749,727,908,934,765
Cep57l1,880,819,885,861,633,851
Itgb1bp1,790,778,991,790,799,777
Pla2g12a,645,783,572,727,901,751
Wdr83os,782,878,941,938,766,779
Simc1,762,678,937,639,633,627
Pwwp2b,834,578,565,1324,871,1035
0610009B22Rik,719,895,594,747,715,608
Zfp65,756,791,679,833,680,1141
Baiap2,595,775,682,600,774,1088
Atad2b,798,716,720,750,639,721
Zfp946,724,686,651,696,690,967
Ebp,826,905,945,633,894,999
Rgs12,657,774,631,990,855,1072
Dock6,761,746,609,1254,743,961
Fbxo10,876,579,678,830,809,780
Nsmaf,831,824,1081,584,821,716
Mrps28,860,815,727,473,730,1002
Acot2,438,385,378,991,1043,1182
Ccndbp1,1146,608,930,904,939,966
Dnm3,777,510,400,780,1012,993
Ifi30,844,591,720,681,935,1014
Pgm1,933,902,1036,970,1046,1106
Efr3b,831,1087,917,780,715,580
Mical2,730,884,669,1026,822,976
Prkce,659,557,635,783,1200,1087
Cables2,664,573,730,808,886,1065
Bet1,655,802,667,671,909,776
Abt1,741,789,841,685,682,751
Exosc8,1100,957,914,545,680,834
Ift20,789,712,807,901,1105,600
Gins1,785,864,1195,495,425,386
Mipep,898,1112,779,767,631,819
Il17rd,1453,908,1137,481,439,432
Pirt,486,415,561,1230,1002,740
Fchsd2,792,881,947,773,771,928
Pdcd2l,618,663,792,738,654,752
Pomt2,883,927,658,718,849,555
Gorab,658,857,814,1129,1020,668
Rnf217,482,645,866,952,864,962
Msto1,845,841,1129,582,761,579
Mfap3l,1109,573,937,729,1143,809
Kif13b,774,704,675,664,552,718
Zfp821,602,770,1074,819,866,1035
Firre,752,684,760,861,753,1061
Kat8,761,595,775,850,930,926
Ndufaf3,949,583,720,1164,1014,767
Lztfl1,639,691,883,683,788,646
Vps37c,554,730,515,853,796,1227
Mknk1,474,545,601,1366,977,1131
Dlx2,1171,1291,857,372,461,422
Aldh6a1,538,476,687,885,1088,1287
Gltscr1l,839,897,734,1071,1241,1013
Dfna5,569,845,659,681,987,779
Sppl3,622,938,602,918,920,889
Pomt1,701,618,686,726,1012,1141
Celsr1,508,488,579,1298,1348,832
Znhit6,1013,1133,930,883,885,573
Taf1d,826,656,909,600,689,634
Rfc4,864,1223,895,450,488,512
Rgmb,697,645,791,980,1056,666
Stambp,718,717,578,795,769,887
Gemin8,1374,882,756,574,708,780
Gas1,641,813,705,783,718,875
Hyal2,1100,771,740,705,524,672
Rb1,574,653,682,1140,992,787
Gba,604,758,492,1043,900,946
Slc35e2,663,853,558,997,900,776
Hibch,656,566,784,1011,861,1229
Zfyve1,519,752,523,912,1055,1145
Nbn,871,1184,1052,493,733,590
Aasdhppt,773,940,844,885,891,796
Isca2,704,675,863,682,781,567
Slc25a32,1028,1147,1029,821,718,619
Mtmr14,754,842,929,751,713,994
Epb41l5,840,994,817,630,665,664
Mrps11,1146,881,829,738,756,962
Myt1l,842,743,964,812,857,812
2310011J03Rik,886,767,702,768,511,606
Zfp961,844,766,716,650,587,657
Pi4k2b,934,1086,734,674,723,742
Ccdc12,904,718,707,576,685,762
Tmem179,673,700,969,850,731,679
Cpne2,854,743,890,656,929,852
Gltscr1,945,688,660,886,903,812
Mysm1,976,560,612,812,732,485
Litaf,575,563,546,1129,784,1303
Cacng3,397,496,544,1126,1271,1002
Iffo1,587,844,841,777,985,927
Dnph1,1119,1230,1047,442,472,318
Ppm1h,632,461,647,1172,741,797
Srbd1,861,738,1026,769,734,748
Wdr55,851,834,692,593,390,778
Zhx2,857,685,807,979,968,986
Apaf1,795,785,1132,852,588,777
Ercc4,936,841,861,682,635,701
Itpripl1,1188,797,998,590,516,477
Coq3,598,805,943,873,827,821
Plekhm1,723,852,765,847,765,878
Tecpr2,612,427,699,931,937,679
Mkks,736,870,947,888,723,668
4933431E20Rik,498,725,902,935,916,825
Nme7,659,944,732,706,678,746
Uggt2,856,814,770,740,635,577
Npm3,854,908,842,595,572,619
Psme2,773,778,775,654,717,612
Gps2,653,808,814,629,642,945
Pomgnt2,661,714,656,649,695,747
Vars2,710,986,783,765,860,864
Cep57,637,1005,821,595,836,672
Six4,469,743,795,680,791,1129
Ppp1r37,756,630,857,1034,688,758
Ppp2r3c,759,683,737,773,724,756
Cenpm,826,1177,996,674,516,695
Mis18a,1031,879,996,626,499,458
Il17rc,790,844,606,1105,677,828
Ankrd26,1340,771,1054,565,496,458
Ccdc90b,587,999,823,558,1025,805
Pdia5,889,995,570,809,621,813
Ift81,963,605,556,870,981,720
Lsm3,1045,958,1261,385,534,612
Stk11ip,1101,599,1099,437,971,600
Gm7977,505,794,677,899,595,502
Sac3d1,1158,1109,735,776,628,590
Nsrp1,778,871,604,958,803,805
Agbl5,540,723,911,1020,591,1017
Zfp948,986,1234,887,842,627,795
Psmd9,917,844,748,852,812,681
Adi1,948,828,661,828,643,767
Anapc13,1026,793,950,848,763,830
Tamm41,1027,1149,953,552,382,630
5730455P16Rik,537,972,786,952,1204,818
Slc25a37,695,819,728,879,761,992
Slc35e3,761,576,891,705,813,965
Lhx2,776,754,796,706,1062,764
Irak1bp1,755,1153,845,1020,977,747
Fmnl1,482,591,453,1593,817,828
Zfp771,944,743,1106,910,616,595
Naaa,700,706,833,762,753,884
Mrps21,1132,587,635,729,594,756
Nr1d1,1094,840,1014,942,867,792
Dync2li1,463,490,451,1062,1213,781
Grk5,711,721,874,728,581,915
Spidr,622,714,893,1030,970,812
Gm4924,545,594,673,878,752,836
Tbc1d12,832,1021,634,780,784,838
Mdp1,591,916,599,832,1010,566
Wdr34,610,702,865,711,765,727
Rn7sk,669,718,614,988,1064,723
9330159F19Rik,765,895,668,640,881,827
Dpcd,659,671,732,835,803,832
Nfatc1,694,688,661,899,852,964
Flrt1,1089,803,767,799,653,565
Msantd4,803,974,591,888,836,600
Cep162,776,740,667,658,1245,799
Atg9b,807,687,825,981,890,708
Lamtor2,623,696,732,900,964,966
Fam216a,859,710,790,709,606,960
Snx14,544,722,833,830,953,1073
1110059E24Rik,938,687,1008,594,833,653
Dbr1,1110,882,1125,527,513,663
Sdr39u1,582,525,760,857,983,659
Six2,953,624,838,1270,635,828
Ppil1,790,893,1168,599,571,528
Zfyve26,813,610,700,887,837,531
Tom1,756,563,872,582,805,789
Dtd1,606,638,741,656,735,1075
Rgs7,608,727,893,697,622,641
Sgol2a,976,655,811,470,478,786
Lig4,785,876,654,711,751,513
Tubgcp4,739,802,1100,821,715,647
Khnyn,569,409,655,1327,1033,1013
Slx4ip,565,693,627,996,664,734
Atraid,648,703,538,770,914,1067
Diras1,478,479,580,961,1289,1394
Mtmr12,545,768,732,649,660,665
Zfp26,708,674,684,646,1117,636
Plekha8,585,822,938,615,845,770
Katnbl1,555,684,961,695,737,568
Gm14139,653,660,745,676,781,890
Galns,599,668,792,997,797,894
Mrpl46,984,845,625,638,849,741
2610318N02Rik,872,793,855,508,569,574
Fundc1,863,635,1152,855,739,1158
Gprasp2,792,545,706,914,938,832
Coil,999,828,1101,1153,581,530
Tmem19,814,484,558,766,744,717
Pigp,701,498,948,901,1236,696
Snap29,652,561,575,616,767,1123
Gmnn,1138,994,1135,454,487,486
Ntpcr,739,960,665,1154,661,702
Inpp5e,702,800,574,930,722,702
2610021A01Rik,801,1038,935,938,549,543
Rpp14,602,798,461,522,909,626
Zxdc,710,833,730,751,992,1035
AU019823,823,825,774,750,662,832
Haus1,712,910,802,499,602,671
Sh3bgrl,711,846,539,712,769,686
Zbtb40,864,616,601,580,556,863
Zfp120,597,416,496,1014,886,807
Polh,1050,744,758,545,571,632
Iqce,823,921,718,771,1017,795
Mrpl14,577,879,573,594,782,1153
Cep135,852,930,789,557,595,460
Ubxn2b,890,786,591,927,723,667
Mrpl52,977,808,1199,764,828,712
Zbtb22,890,743,756,808,633,1113
Sirt2,445,540,390,747,782,1094
Adprhl2,697,808,794,753,817,759
Brat1,841,627,1200,766,666,585
Fam83d,1263,1287,1070,676,479,542
Tspan17,592,414,479,1100,946,905
Nepro,769,774,1000,560,1038,530
Fdxr,802,817,1211,614,482,712
Mre11a,686,705,1230,546,574,680
Rybp-ps,964,816,881,686,548,832
Mpp3,503,466,446,708,1087,887
Ppm1d,1017,757,812,581,516,873
Cept1,760,653,476,783,1091,964
Zcchc10,959,942,679,897,559,506
Rhox1,512,704,905,1005,610,774
Faim,596,831,650,785,756,879
Msantd3,967,631,792,742,448,679
Dars2,639,792,904,685,604,596
Dennd6a,644,619,782,912,858,765
Paqr4,770,784,675,692,807,666
Sdccag8,773,631,869,950,666,799
Mrpl41,937,1136,765,807,572,631
Selenos,795,757,859,722,776,679
Zfp994,611,562,630,1044,722,803
Zbtb34,656,1013,639,834,981,1017
Coq10a,593,612,575,1029,867,842
Dcp1a,840,719,893,615,532,661
Commd5,778,938,943,759,673,746
Tmem43,1028,771,862,540,452,518
Cdan1,652,849,1097,524,579,907
Mcat,954,897,605,725,588,807
Plxnb1,710,595,796,1133,743,626
Pkmyt1,1011,765,650,695,628,620
Apopt1,691,803,414,996,1083,894
Trim26,802,944,515,885,615,893
Tmem179b,1039,786,928,648,721,577
Xpc,675,732,730,591,845,690
D6Wsu163e,758,905,765,610,470,673
Rnd3,737,588,650,518,702,806
Fgfr3,596,509,504,978,1052,648
Zbtb39,547,635,589,740,768,749
Zc3h3,598,431,603,883,1084,1119
Polr3d,853,537,923,636,700,634
Banp,595,638,684,1138,568,862
Hira,757,920,776,651,707,820
Brf2,533,789,676,818,894,640
Bex1,963,938,766,799,630,578
Disp1,670,384,701,986,1374,929
Rab24,945,659,582,770,760,861
Lonrf1,494,730,634,1147,962,1201
Sncb,216,228,325,1094,1175,978
Wdr47,735,557,548,786,930,1072
Slc22a17,382,547,448,698,821,820
Itpr1,808,779,729,720,585,935
Timm8a1,777,986,729,573,676,651
Ankra2,589,625,574,793,600,866
Smoc1,735,875,630,676,826,636
Ttc8,805,903,1073,737,633,670
Nol3,803,604,611,1039,873,1025
Rnft1,864,724,1024,1109,795,814
Zc2hc1a,481,686,589,781,1060,776
Gdap2,860,644,725,838,853,820
Dgat1,501,753,622,932,875,952
1500011K16Rik,741,895,704,946,765,629
Tmem192,509,752,1034,759,690,635
Grhl2,515,478,751,780,1028,1325
Flcn,904,775,741,752,583,960
Nedd1,822,971,626,498,500,565
BC048403,653,856,679,740,812,692
Pop1,859,724,1135,449,510,688
Cdkl2,358,341,403,1114,1182,1208
Cars2,1096,839,809,750,497,381
Ghdc,507,802,731,855,763,858
Pcbd1,518,583,684,890,1231,646
Nrcam,654,692,518,1013,760,1041
Nes,742,1014,1027,548,455,367
Nphp1,651,979,801,824,483,808
Dyrk1b,489,425,462,801,1120,1148
Cenpt,795,601,777,542,661,430
Pgpep1,520,541,513,1168,746,1116
Pam16,684,815,771,593,776,633
Dnajc27,671,991,887,646,818,639
Klhl12,607,760,716,947,756,688
Wwp1,795,741,961,576,869,588
D430019H16Rik,720,464,545,602,1031,960
Rnf25,875,744,736,610,710,838
Cib1,632,688,681,872,579,737
Ppwd1,753,1088,928,706,557,503
D430042O09Rik,743,777,543,890,827,715
Ccdc58,542,588,952,1060,728,693
Lnx2,785,567,814,748,455,565
Donson,857,849,1182,378,495,534
Stat5a,525,674,839,579,668,824
Ska2,727,735,684,556,563,333
Zbtb43,762,657,756,520,930,1046
Ube2f,561,933,843,818,490,754
Ogfod3,599,807,707,510,599,963
Tango6,656,547,827,707,873,796
Akr1e1,650,685,554,663,650,644
Mlh3,525,694,807,855,919,799
Sufu,922,739,806,979,852,727
Lca5,690,811,708,718,827,683
Shisa8,419,490,282,633,1238,919
5033428I22Rik,663,1104,826,642,652,792
Fam133b,709,839,624,547,561,583
Smad9,935,986,1456,319,297,370
Fkbp10,990,745,988,822,656,553
Hddc2,617,681,473,774,806,649
Supt7l,664,959,523,664,830,688
Upf3b,975,917,892,473,611,595
Dmap1,619,780,898,543,701,569
Nfrkb,845,799,798,531,859,476
Tada2b,743,690,788,668,621,708
Ranbp17,659,789,804,734,687,613
Fastkd3,978,697,1175,593,446,609
Acot9,564,847,820,627,894,804
Epdr1,672,657,485,886,814,762
Timm10,756,922,1151,476,530,585
Tfcp2,686,554,779,953,503,822
Slc33a1,915,691,725,559,610,882
Pde7a,775,640,690,534,857,647
Twf2,668,793,984,693,559,497
Gtpbp8,697,673,795,643,621,516
Zfp386,616,709,642,981,718,905
Mrs2,595,873,931,617,882,641
Uchl4,639,984,743,685,619,682
Gtf3a,892,748,868,568,552,493
Deaf1,807,700,543,861,1083,684
Golga1,502,572,652,934,660,856
Arsb,544,695,913,686,1106,837
Dzip1,568,452,394,628,738,859
Ddx25,631,795,495,696,698,823
Zfp444,536,594,778,870,917,973
Scfd2,973,984,716,706,601,611
Gm14124,537,614,801,673,682,638
Procr,368,319,453,1554,1082,1038
Pim2,968,755,697,674,669,598
Gm15128,383,566,504,1122,721,831
Crlf2,607,573,719,830,1269,724
Zfhx2,928,1001,993,415,502,467
Man2b1,742,893,956,640,802,696
Herc3,590,799,666,874,636,698
Srxn1,682,672,801,845,763,667
Ston2,378,354,439,965,862,968
Urod,680,688,552,1113,1212,614
Helb,914,511,703,616,522,416
Krba1,594,764,571,851,747,900
Rprd1a,435,581,699,1017,921,768
Stat6,660,588,863,670,694,1006
Fam43a,540,608,562,720,1034,1109
Taf1c,821,734,811,620,687,763
Tex264,499,646,504,904,819,793
Zcchc12,309,271,391,1047,965,1417
Mpped2,482,533,617,867,790,719
Slc39a14,434,636,526,682,749,627
Sfxn3,678,645,604,994,651,922
Slc29a3,697,459,395,1043,906,1024
Ints12,523,1016,626,690,798,681
Rph3al,324,347,319,1407,1118,1064
Cbs,913,1198,636,546,552,534
Mrrf,756,618,474,594,780,722
Ung,1168,1002,1056,288,361,378
Rad51ap1,1170,837,1039,439,509,463
Brms1l,700,629,781,792,833,636
Blvrb,720,735,578,677,757,681
Zscan26,714,834,569,934,692,584
Fam126b,594,664,667,1164,819,691
Serf1,805,566,787,652,1120,605
Hmces,908,859,984,617,516,602
Stil,1053,784,911,449,629,514
Zfp1,625,425,571,951,916,689
Ndufc1,874,758,835,498,737,670
Stk17b,714,643,924,644,836,510
Carmil3,714,606,611,700,699,632
Mtx1,493,802,653,646,709,624
Med21,590,668,650,746,706,758
Chpf2,863,736,949,585,654,767
St7,510,739,711,744,748,721
Nrbf2,719,840,667,1002,811,693
Spc24,691,1223,968,536,486,387
Klhl17,899,723,927,783,1022,802
Fggy,595,568,424,1160,791,707
Bcl9,649,906,604,672,623,715
Stx4a,602,510,545,1013,834,705
Brf1,874,890,893,561,612,581
Ppif,941,764,550,504,752,650
Osbpl5,607,626,641,731,725,945
Rab39b,448,656,450,857,571,884
Tspan15,469,510,586,789,814,829
Tmem106c,692,648,551,721,688,681
Rce1,801,636,672,769,641,773
Lpp,530,634,676,860,695,975
Tgm2,351,267,321,1013,1416,1090
Phlpp2,677,815,567,555,605,1062
Terf1,905,983,972,650,581,459
Cd3eap,650,843,828,657,557,512
Klhl11,568,618,711,755,648,864
E130308A19Rik,674,606,771,905,725,577
Tmem176a,494,576,402,868,672,729
Ehd4,938,687,1017,632,383,644
Prr5,807,487,680,1011,1038,770
Lipo3,700,886,1118,697,682,618
Hars2,756,709,525,806,606,600
Timm21,660,590,854,662,718,784
Iqcb1,551,423,932,1042,696,729
Ccdc85c,690,657,760,859,646,688
Bard1,707,682,934,465,657,361
Opcml,161,242,222,1493,1270,1124
9430015G10Rik,967,761,566,672,647,657
Exosc9,730,1041,959,635,622,639
Ndufaf7,796,532,526,782,719,597
Cecr2,520,578,369,824,902,950
Zfp628,743,595,846,753,802,568
Acads,655,493,712,811,1000,778
Rassf2,435,375,455,1045,1379,985
Bad,528,570,770,1075,543,651
Thnsl1,738,833,508,516,640,882
Jakmip2,495,589,586,759,746,1064
Mipol1,611,524,559,1032,576,762
Amacr,944,914,520,692,831,673
Sp2,785,682,837,488,602,464
Tada1,972,688,606,849,667,513
Pop5,727,754,758,841,567,510
Fam219b,671,532,794,741,955,572
Rab32,878,979,864,541,451,439
Slirp,777,900,709,626,762,523
Zbtb2,677,635,919,509,551,731
Dmrta2,591,645,560,775,616,736
Ndrg4,336,300,340,1233,1004,808
Eci1,495,515,814,748,696,699
Cntrl,735,685,962,438,539,528
Zfp709,648,548,510,842,896,735
Ezh1,518,498,682,734,879,748
Nicn1,458,571,501,778,682,827
Dhx35,603,854,857,678,606,695
Ten1,729,741,599,680,675,879
Rab4a,582,659,513,598,681,621
Cox19,648,542,846,869,827,651
Sys1,647,608,653,662,559,563
Rps6ka4,906,707,639,688,666,828
Mphosph8,655,789,565,548,542,644
2210016F16Rik,477,668,619,620,780,484
Cdk2ap2,663,721,857,559,630,700
Crtc2,709,684,785,652,597,734
Ccdc181,612,490,598,679,820,564
Mrps12,578,815,549,560,667,433
Slc35a1,834,641,801,850,683,881
Tmem256,638,480,699,645,746,874
Ninj1,560,658,703,952,667,780
Larp1b,594,846,732,498,514,589
Sirt6,724,763,742,700,577,502
Trmt11,802,754,735,409,616,441
Zfp788,727,748,443,811,759,610
Cbwd1,652,769,499,738,699,663
Ckb,373,554,533,516,627,1041
Zwilch,891,784,823,413,414,608
Recql5,569,638,661,745,726,716
Wrap73,694,813,483,740,824,554
Ptpn2,591,718,976,573,497,656
Tmem229b,497,514,460,826,1012,784
Camk4,535,727,404,888,681,800
Dusp16,602,746,476,800,697,898
Mrps18b,688,791,677,447,612,626
Acadvl,508,822,701,882,1003,741
Snx30,567,446,624,685,740,751
Stmn2,465,513,565,862,751,689
Rfxap,715,638,616,675,875,917
Coprs,697,953,855,589,880,632
Elp4,463,910,685,831,646,1031
Znhit2,645,605,792,796,850,601
Slc38a3,754,612,513,832,851,852
St18,602,678,510,1075,843,788
Kif7,783,779,603,600,631,663
Sft2d1,715,698,589,680,668,760
Magee1,456,593,425,1025,691,1046
Rom1,458,818,637,770,729,777
Wdr81,731,655,587,613,555,615
Tmem28,757,526,476,792,676,513
Lamtor5,760,683,635,749,615,617
Brpf3,777,724,637,497,649,666
Gorasp1,719,635,493,759,621,722
Adam23,410,470,425,844,1027,785
Ier3,485,530,475,891,825,632
Pawr,624,736,621,750,1060,768
Eif2ak2,718,745,887,863,535,641
Adra2b,400,499,357,933,799,1015
Maip1,597,565,749,831,515,761
Cdc25c,940,812,895,470,447,597
Gpr108,535,494,475,830,598,849
Lrif1,374,609,722,700,681,847
Fam214a,423,410,334,1194,1013,1052
Pelo,476,712,732,641,682,659
Tstd2,1004,797,803,565,545,610
Nt5m,686,581,569,893,633,769
2810474O19Rik,873,943,687,654,730,593
Zfp958,623,846,825,706,514,622
Abhd4,480,502,722,816,993,719
Enpp5,342,449,324,1065,964,778
Mrpl36,698,663,884,690,677,659
Pigk,504,514,613,773,653,784
Dpf3,530,494,418,783,887,625
Wtip,674,487,694,803,777,630
Rimkla,640,618,568,720,746,573
Adnp,574,854,637,855,543,517
Fcho1,384,435,603,800,948,695
Sh2d3c,355,385,381,992,1030,1276
E4f1,587,735,575,501,713,551
Pdcd10,716,750,603,635,885,512
Wdr62,1145,973,975,463,405,497
Txndc15,870,713,755,499,692,786
Tmem18,780,692,1028,531,719,602
Rabif,770,748,636,613,819,669
Spint2,653,526,510,835,792,922
Slc30a7,639,734,554,808,698,827
Spr,810,823,1117,407,401,516
Taf4b,980,817,893,524,547,508
Gnb5,596,601,659,895,775,798
Pax6,641,783,893,767,476,539
Rab33b,522,717,686,730,700,791
Zfp580,618,449,543,544,760,728
Ift57,593,535,630,752,936,616
Ss18l2,696,463,755,745,685,582
Mark4,462,451,525,953,874,883
Stoml1,607,424,435,985,987,786
Rnf31,788,667,620,671,646,653
Cwf19l1,599,710,910,458,429,566
Aldh1b1,732,769,494,638,602,739
P3h1,605,588,637,525,923,612
Taf12,880,620,861,672,799,454
Ccnyl1,808,648,903,548,731,572
Eid2,602,580,507,500,749,464
Smpdl3b,882,814,777,372,502,362
Ankhd1,646,659,766,668,771,570
Hist3h2ba,532,432,532,637,742,866
BC052040,601,448,544,554,904,821
Pip4k2a,492,524,459,983,850,900
Adat2,695,595,625,641,676,595
Pgghg,508,512,625,628,673,1135
Rita1,771,673,710,612,640,660
Sirt7,538,705,903,839,510,750
Carnmt1,785,1007,761,602,611,445
Eif2d,741,907,789,798,458,672
Sptssa,686,524,685,795,623,944
Rtkn2,765,783,803,461,379,618
AI846148,1175,502,822,713,505,435
Guf1,628,469,594,544,675,829
Haus4,838,598,998,389,339,362
Auh,590,788,764,568,679,950
Cnn2,1033,790,744,609,502,575
Mrpl32,577,488,734,604,719,662
Tor2a,735,554,578,654,879,736
Erich1,587,635,806,527,615,593
Ak4,247,209,196,1090,1564,1293
Aptx,555,762,620,649,786,586
Scrn3,592,364,648,902,753,827
Rnf34,595,580,570,594,699,743
Fam64a,683,827,560,511,604,565
Ptcd1,707,712,571,763,523,796
Fzd2,463,392,625,627,795,1050
Cln6,517,629,602,572,660,800
Mcm9,847,599,560,466,591,450
Ttc5,460,574,578,488,617,662
Xrcc2,850,569,688,664,652,416
Olfml2a,399,488,299,891,1077,812
Ccdc130,550,1096,594,772,656,601
Fam53a,704,803,657,577,656,598
Ctnnd1,752,642,622,635,712,506
Strada,603,494,612,760,735,614
Cdk5rap1,646,773,842,679,610,762
Traf3ip2,563,603,380,1037,963,1144
Kif26b,689,502,548,677,621,766
Plscr3,514,610,636,548,741,1017
Col16a1,390,327,457,688,873,948
Polr2i,612,577,559,490,505,447
Nfyc,749,849,895,455,395,412
Ndrg2,395,277,224,815,1018,1289
BC003965,705,727,583,538,720,712
Oraov1,661,801,692,607,754,674
Asb3,803,640,496,513,517,793
Srsf4,704,806,836,557,651,575
Papln,124,175,134,1141,904,1180
Anks3,633,738,670,685,725,750
Tldc1,669,605,770,1045,1058,852
Zfp105,465,844,758,619,592,480
Kirrel,823,655,801,695,636,569
Apex1,893,1205,609,426,369,425
Dtnbp1,704,854,525,540,672,532
Nudt9,1080,746,672,517,421,480
Gba2,816,771,673,528,630,601
Fbxo9,835,774,816,696,514,653
Gtf2h3,584,709,569,427,564,533
Xxylt1,706,548,594,688,617,756
Chkb,558,556,648,746,672,838
Aldh3a2,569,535,428,752,684,887
Zfp87,515,601,487,777,858,631
Ubox5,609,719,781,707,630,535
Tmem138,760,734,636,765,588,518
Csrnp1,1026,765,803,485,456,681
Alg1,813,849,693,624,415,622
Inip,790,502,824,647,452,385
Zkscan8,351,418,525,558,1035,857
Eml2,385,378,310,1138,677,1076
Ier5l,862,670,666,487,511,464
Tsr2,698,807,679,530,516,671
Klhl26,424,605,508,985,859,834
Sh3bp5,637,655,484,813,695,569
Orc5,582,520,847,626,767,472
Thap4,664,559,365,660,800,905
Natd1,455,449,602,661,663,635
Sspn,386,490,611,847,654,663
Cptp,584,697,593,799,793,675
Gabarapl1,369,453,528,982,948,1246
Chrac1,658,719,703,660,800,502
Zfp746,606,535,910,755,899,610
Paqr7,377,656,559,986,834,1099
Cntln,621,544,696,697,807,985
Mrpl27,630,721,627,584,527,830
Gcdh,714,717,660,662,620,680
Mgarp,161,186,143,1078,1561,1414
3110002H16Rik,627,764,637,701,605,759
Pdlim7,814,886,790,379,313,442
Tk2,410,553,560,700,707,596
Zfp955a,568,698,543,1001,642,874
Pdk3,549,692,724,578,583,700
Plekhg5,696,495,539,876,618,777
Ifi27,514,393,489,899,1043,641
Zdhhc12,532,645,593,534,559,711
Apba3,724,685,683,695,633,702
Vti1a,682,609,1029,507,735,658
Dnajc6,493,437,623,613,826,701
Slf1,860,752,893,513,396,439
Nectin2,567,456,583,532,645,792
Pxk,579,708,807,455,765,613
Pddc1,570,547,769,598,635,626
Tbck,591,537,527,617,898,506
Gatc,506,824,560,705,1145,524
Ppp1r35,669,701,688,443,527,601
Kcnip3,501,434,672,813,771,750
Ndufaf1,556,767,741,583,553,464
Zfp13,542,587,581,627,813,751
Luzp4,539,446,575,624,755,905
Reep4,883,852,847,425,909,520
Selenbp1,227,169,201,1704,1253,940
Dcps,646,738,673,553,557,607
Rabep2,780,758,498,570,476,545
Nt5c,722,797,543,786,618,370
1700012D01Rik,805,667,614,673,578,586
Dph1,747,565,837,374,518,555
Sgf29,653,750,790,501,452,530
Zbtb24,533,672,663,823,945,620
Snx15,612,498,712,521,695,593
Acp2,447,596,505,678,619,562
Gm15107,697,524,665,863,799,844
Zfp668,738,797,620,591,699,797
Mapre3,360,401,565,732,764,816
Pnp,845,959,832,385,646,422
4931428F04Rik,489,464,480,689,700,729
Zfp830,766,665,581,594,466,487
Cenpq,835,770,923,442,542,456
Higd2a,534,362,516,837,698,699
Zfp651,609,589,749,624,484,822
Nupr1,223,224,197,688,1055,1046
Celsr2,589,680,662,523,884,758
Kdelc2,552,515,582,786,745,528
Gpr162,514,432,519,629,898,633
Swt1,749,776,751,529,496,520
Tmem68,477,544,548,789,766,901
Pecam1,465,556,415,1199,811,825
St3gal5,574,748,525,476,721,575
Bcl2l11,420,439,475,1041,762,715
Smtn,988,849,906,414,440,262
Osgep,508,558,783,610,811,747
Wwox,453,341,514,554,1118,1011
Tcp11l1,521,601,701,516,619,618
Vrk3,669,692,723,773,692,752
Zfp324,645,838,681,389,520,508
Zfp850,760,752,919,734,539,483
Gldc,1085,1398,924,255,204,322
Smim13,397,476,374,716,853,708
Nars2,667,617,362,424,870,628
Tab3,567,587,623,603,577,695
Spryd4,653,633,832,679,672,728
Grm1,688,670,650,594,623,435
Med17,798,620,310,601,594,560
Ankrd44,776,639,880,592,641,581
Zfp513,834,652,792,684,609,652
Pnkp,614,609,515,765,714,572
Popdc3,652,592,761,778,631,496
Cnpy4,650,773,905,473,519,503
Scn2a,577,450,456,707,925,998
Cpne5,715,592,482,824,797,795
Mavs,627,601,625,596,670,590
Tada3,515,409,658,497,746,555
Gm6756,603,483,570,683,801,642
Zfp212,640,723,661,563,770,659
Alg5,652,582,691,741,435,768
Creg1,477,484,586,904,807,820
Pkdcc,265,377,437,1039,978,1155
Ifngr1,533,596,496,865,582,644
Mettl3,820,760,488,698,746,523
Fam189b,578,532,511,667,872,707
Timp3,227,440,285,749,1265,943
Shq1,725,659,498,581,672,411
Kdm1b,460,581,801,916,892,642
Stk19,924,642,581,645,540,841
Slc35g2,715,715,816,724,549,614
Ginm1,498,786,528,752,574,672
Nr4a3,632,829,580,752,637,819
Lgals3bp,330,356,398,700,850,743
Lrrcc1,700,621,676,625,565,461
Fbxo11,575,641,554,835,646,546
Slc8b1,354,424,411,794,889,974
Chchd6,708,736,625,603,573,690
Cryz,431,451,886,585,580,761
Rnf157,527,488,536,636,1101,820
Ska3,861,588,743,341,330,365
Acyp1,447,583,514,548,443,620
Slc18a1,376,573,410,881,719,651
Cnksr2,871,1020,896,757,540,605
Wnk2,563,378,510,619,809,660
Ormdl1,490,684,583,727,543,470
Pex7,744,632,460,717,714,630
Zfp933,539,447,437,648,627,641
Dnal1,522,568,502,701,473,612
Ece2,760,669,708,642,362,500
Gemin2,696,598,683,496,422,521
Fhod1,875,532,661,608,499,542
Extl2,588,554,461,596,554,620
Tdrd3,444,506,626,618,747,640
Trmt5,900,444,624,393,559,543
Hirip3,847,769,817,492,408,444
Gpr155,494,442,464,707,736,679
Myb,373,447,452,604,961,677
Ube2t,664,807,932,444,504,391
Tbce,623,537,656,419,858,785
Snx11,762,543,613,583,488,514
Itga3,445,366,367,760,729,684
D11Wsu47e,570,499,616,644,702,548
Hps4,440,472,531,523,690,880
Rbms2,593,483,559,734,618,840
Ctnnbip1,641,1000,656,595,477,356
Dnajb5,905,432,458,480,750,606
Ffar3,566,586,612,680,589,400
Coq4,820,791,710,691,539,555
Fam206a,621,736,556,572,801,663
Rpap2,491,705,597,577,812,540
Rnf170,685,460,662,742,733,656
Eri2,761,858,600,706,350,473
Phykpl,603,425,763,496,352,452
Acadm,581,590,525,506,531,538
Ino80b,757,740,537,585,552,558
Snapin,399,555,464,604,707,793
Bcat2,633,393,699,705,635,618
Parp4,542,418,533,587,783,790
Isoc2a,601,433,603,476,699,490
Zfp932,855,598,835,747,425,583
Nenf,638,374,481,805,718,657
Aig1,384,364,375,773,994,964
Nfkbib,762,649,611,433,406,689
Mlst8,833,677,506,814,643,484
Ly75,861,656,509,501,507,588
Zfp41,510,562,698,738,683,748
Mrps16,636,895,508,606,529,608
Pafah2,406,516,539,947,745,1014
Dusp7,590,502,490,645,485,622
Gne,553,905,703,436,371,393
Rprml,580,569,513,594,680,728
Bcl2,474,589,375,752,619,845
Efnb1,523,556,354,668,918,855
Ogfod2,717,413,509,770,662,872
Lmtk3,493,508,717,623,942,556
Zfp955b,591,390,764,459,525,864
Vash1,245,183,183,926,1171,1951
Coq2,496,472,533,961,673,672
Herpud2,552,702,535,495,542,541
Tprn,686,606,734,588,609,509
Ablim2,401,417,426,933,618,868
Nat9,639,580,431,942,700,935
Elk4,522,506,886,651,751,478
Pak1,578,678,641,868,704,673
Mgme1,512,677,559,521,681,742
Pigo,540,465,680,704,854,590
Traip,762,775,994,333,315,363
Actr6,799,607,790,422,617,517
Zfp280d,718,703,511,603,618,576
Dirc2,594,699,560,448,664,571
Foxred2,783,542,505,879,429,644
Parp10,498,375,377,1218,833,952
Zfp715,665,806,565,769,605,637
Rxra,431,847,519,617,710,673
Rras,209,366,221,885,917,824
Pcnx4,547,568,659,715,809,874
Ercc8,673,670,658,609,659,705
Per1,491,616,587,624,585,883
Thap6,521,577,536,607,797,593
Pik3cb,462,531,642,619,546,588
Msrb1,702,692,623,848,652,681
Kptn,450,851,509,602,652,674
Rapgef5,637,615,834,650,443,443
Foxred1,672,531,563,608,650,547
Lrrc8c,519,625,733,469,635,500
Zfyve19,631,432,527,638,770,576
Dis3l2,711,699,534,532,541,633
Prrx1,456,373,318,755,729,877
Kcnj14,392,528,403,691,718,609
Rnf219,665,772,636,412,580,438
Csdc2,266,415,331,874,934,678
Irf3,855,520,846,468,549,626
Gm1673,500,508,412,693,766,1001
Lck,443,527,558,829,691,558
Cyth1,423,576,791,833,693,720
Rbak,660,639,505,604,773,516
Ripk1,852,595,711,547,656,625
Zfp37,494,749,698,580,508,472
Gadd45g,370,520,409,444,769,824
Mrpl47,527,902,731,439,556,632
Mrpl57,676,528,679,558,527,727
Ears2,622,664,939,680,792,601
Adck1,794,460,476,821,667,688
Mettl6,565,559,632,570,589,581
1600012H06Rik,459,565,511,600,836,753
AI661453,430,376,710,555,768,985
Engase,694,979,792,641,495,705
Lrfn4,475,778,893,631,736,784
Serpinf1,250,192,244,866,895,960
Pcca,636,551,655,708,812,769
Tax1bp3,563,605,620,696,664,485
Zfp408,503,572,550,587,771,481
Trp53rkb,786,530,571,502,635,732
Alk,591,420,460,701,711,638
Mto1,591,485,734,562,483,416
Maff,611,500,592,423,691,517
Lamtor4,864,881,486,396,666,644
Msh6,642,705,786,455,327,485
Ttf1,627,611,1078,561,734,532
Cep152,649,1055,789,470,260,469
Mettl8,580,628,491,387,536,478
Zfp626,586,663,752,765,851,580
Nyap1,377,366,338,555,835,530
Wdr54,556,765,646,602,538,437
Akap7,344,425,476,762,795,632
Tada2a,523,768,598,410,800,577
Wdr83,544,720,545,570,535,541
Cdc42bpg,569,692,537,643,731,566
Ptgs1,492,640,437,620,653,632
Rmnd1,493,568,612,632,825,603
Fetub,630,467,616,492,681,531
Tro,698,601,518,445,506,493
BC048507,583,587,757,375,386,528
Mtf1,560,818,497,616,816,419
Tmem261,659,543,614,646,558,623
Ogfrl1,580,363,478,529,749,540
Hgsnat,484,598,449,507,571,820
Nr2c1,511,566,448,687,641,559
Zscan25,596,508,616,491,593,532
Cpe,411,386,387,892,856,870
Cwc27,561,514,727,596,457,549
Ndufaf2,892,801,657,328,504,665
Csf1,741,669,675,497,562,421
Trim46,401,504,297,632,641,635
Map4k2,617,555,597,770,595,691
Rbbp9,568,431,485,489,710,696
Fzd1,413,597,503,804,596,945
Tmem41a,949,617,642,481,461,435
Kctd9,546,678,471,518,459,584
Zfp345,475,715,587,562,412,980
Rasl2-9,659,591,715,330,362,630
Washc3,601,533,518,674,733,580
Efemp2,682,820,742,666,433,646
Gng4,92,117,91,1252,860,1152
Pop7,845,591,607,499,375,479
Hes6,509,424,581,546,606,823
Camk2a,260,225,196,733,820,945
Cep290,1089,596,574,577,622,327
9130011E15Rik,616,604,401,560,618,591
Bach2,229,280,329,847,817,691
Cox7b2,535,647,535,543,606,611
Chrna5,273,247,270,726,746,919
Plekhg2,716,721,764,499,333,598
Armc10,587,653,428,466,557,616
Zcchc17,503,551,609,641,502,475
Mid1,534,492,656,546,725,428
Optc,451,376,564,792,680,625
Lpar2,567,416,584,639,483,609
Traf3ip1,427,922,636,623,515,633
Cep70,651,390,660,602,653,786
Gm6211,728,574,927,501,478,301
Il4ra,473,502,494,751,674,884
Mapkbp1,625,598,508,614,632,554
Wdr19,389,558,507,698,1172,589
Nrm,619,789,506,425,644,559
Zbtb5,621,562,653,775,544,685
Tead2,669,548,580,824,895,570
Smyd2,653,544,510,601,620,544
Ints9,611,620,894,632,488,508
Hacd2,547,746,488,502,522,400
Zfp606,615,545,588,521,690,813
Lmln,687,701,589,758,612,340
Mrps25,669,532,656,443,319,463
Eif5a2,471,599,521,401,415,439
Galt,554,569,455,563,430,678
Crebrf,227,289,331,708,1121,806
Card19,762,506,512,632,482,669
Tmem126b,570,622,664,691,507,661
Ttc19,480,660,541,590,761,530
Antxr1,458,666,511,746,1007,591
Faap20,888,512,793,469,793,549
Prr3,684,542,408,701,709,607
Kat5,459,590,592,569,643,538
Irf1,514,524,485,538,512,447
Dolk,442,472,619,631,586,645
Slc25a28,462,721,605,509,452,447
Helq,754,508,662,445,414,435
1110008P14Rik,855,512,482,692,545,614
Zswim1,757,408,551,625,436,489
Fyb,718,797,548,435,443,486
Glt8d1,466,388,557,639,606,613
Nxpe3,671,526,391,502,417,443
Golph3l,649,539,591,727,473,687
Slc35b3,556,596,785,328,390,407
Dusp1,482,701,677,535,359,487
Grid2ip,740,495,499,658,430,673
Cmbl,471,637,528,506,715,497
Amdhd2,653,395,562,596,643,660
Hectd2,634,525,700,541,556,563
Mvp,608,518,433,875,948,651
Ggcx,515,586,619,596,579,517
Cep78,571,566,512,562,772,632
Ccne1,964,695,668,443,281,356
Kin,787,778,794,535,782,504
Cwf19l2,540,623,458,605,524,419
Nmral1,811,877,657,718,668,439
Exog,581,512,517,517,581,450
Cflar,383,516,353,513,600,617
Cc2d1b,650,568,737,676,509,454
Zfp157,698,585,613,517,818,644
Hcn3,586,425,529,900,444,816
Mrps34,531,768,535,534,527,351
Creg2,345,233,294,825,696,1059
Rpgr,663,689,665,560,622,508
Jdp2,448,537,341,684,768,566
Cacna2d2,201,226,352,1034,750,940
Habp4,710,637,635,635,462,435
Pias3,629,379,741,628,769,590
Agpat2,507,514,391,564,641,713
Nanos1,307,313,581,750,793,700
Tmem246,394,507,520,731,558,885
Tmem145,468,372,417,779,548,682
Mir684-1,735,475,740,482,574,534
Usp40,573,375,791,505,518,462
Lrrc49,601,687,751,732,439,724
Eda,448,383,582,732,930,609
Ccdc102a,440,589,490,663,746,483
Tmtc4,490,514,588,624,594,697
Cacng4,349,670,478,675,806,722
Fam76b,654,645,491,453,482,494
Ush1g,531,787,597,869,379,460
Gatb,616,554,540,519,495,666
Tasp1,695,621,679,484,511,453
BC017158,504,643,781,431,571,504
Mcts2,839,527,683,507,572,535
Siah2,395,430,509,695,807,579
Vsig10,582,724,547,557,649,548
Wdr90,828,660,692,602,626,431
Vps45,694,449,432,692,688,582
Zik1,439,715,627,434,559,400
Slc18a3,704,507,502,460,516,500
Trim71,768,628,484,721,434,557
Uvssa,602,572,558,625,607,504
Ptpn21,413,779,520,501,406,436
Atp2a3,91,143,85,1300,923,875
Slc12a6,495,625,374,757,553,596
Fgd4,293,359,391,820,950,717
Sh3tc2,717,624,726,594,577,490
Lrrc73,288,345,349,816,1019,1069
Rad54l,980,784,742,349,418,313
Osbpl1a,672,920,666,480,445,594
Erbb3,265,341,378,928,946,639
Zic5,549,892,666,490,420,461
Dysf,182,195,207,995,1509,1070
Sp4,542,666,394,568,652,635
BC030867,878,442,753,326,320,374
Mpp1,565,604,540,656,374,537
P3h4,671,513,549,589,536,480
Garnl3,404,718,526,529,491,702
Rnf208,252,576,339,712,661,873
Utp23,566,541,629,382,603,612
Cenph,818,749,842,366,401,416
Dstyk,405,515,292,834,704,775
Slc12a7,448,572,407,637,654,589
Taf7,608,579,729,529,568,444
St3gal3,757,644,407,575,567,706
Thoc7,610,496,706,471,529,330
Ube2e1,504,777,671,529,423,463
Zfp317,444,567,720,591,522,584
Akr1c13,834,352,552,418,514,664
Tsen2,618,534,542,423,501,451
Faah,588,525,462,596,439,719
Bst2,599,735,420,649,698,651
Sil1,450,375,274,868,658,831
AW554918,353,322,340,754,569,826
Bud13,712,778,542,535,403,543
Mafk,677,634,533,434,589,814
Pald1,702,652,731,543,428,520
Polk,672,687,635,420,579,533
Stk38l,395,414,439,619,741,764
Bmp2k,542,547,395,581,592,784
Cep97,508,681,616,478,624,609
Usb1,582,559,479,734,519,525
Thtpa,443,604,354,759,622,628
Thap1,607,539,510,457,430,486
Enpp4,417,701,438,508,896,603
3110039I08Rik,414,333,420,728,752,530
Tdrd7,503,427,567,575,625,459
Gk5,559,637,758,795,592,633
Ctu1,593,559,509,611,460,739
Zfp143,609,666,642,730,524,569
Erc2,415,444,355,533,654,609
Kif24,454,654,590,371,560,390
Nab2,879,608,563,335,462,508
Lrrn2,398,480,436,529,573,922
Pxmp4,307,415,350,636,739,882
Lmo2,534,544,580,666,404,362
Swap70,716,860,763,552,433,533
Caml,501,799,578,618,485,553
Xkr5,731,586,774,499,461,410
Akna,505,483,385,705,768,632
Zfp703,558,348,409,626,582,942
Nceh1,593,479,646,748,962,694
Sco1,644,484,484,722,326,546
Ring1,402,463,559,453,371,558
Cln8,592,344,348,810,543,587
0610037L13Rik,714,573,548,593,567,571
Mccc1,503,366,505,585,664,887
Entpd5,559,421,713,503,587,652
Mrm1,504,356,575,612,582,646
Rp2,427,482,483,606,690,712
Dph2,882,1046,688,423,421,286
Ccdc120,647,492,481,583,658,559
Plekhf2,430,515,522,473,891,654
Usp44,782,552,670,451,392,428
Rel,688,618,821,411,434,362
Mypop,703,525,512,617,376,530
Mrps18c,639,469,516,608,635,562
Det1,693,494,686,580,415,540
Itpr3,389,301,362,947,591,702
Hpca,483,444,379,696,547,817
Zfp335,460,565,565,502,663,496
Glrx2,647,599,612,799,559,719
Fam63a,571,729,537,393,488,555
Rtn4r,506,745,543,581,458,485
Lcor,640,533,575,776,455,516
Pdss2,401,379,579,753,639,622
Zc3h12c,651,545,466,489,381,544
Ago3,764,583,518,655,434,584
Celf6,460,612,553,615,698,533
Cir1,571,505,350,681,707,742
Tgfbr3,163,252,142,876,745,1105
Oip5,785,670,814,379,349,378
Susd5,492,718,532,589,644,382
Naa38,726,561,722,396,539,475
Ydjc,575,476,852,441,502,598
Soat1,635,535,623,461,474,419
Rrp36,634,666,530,370,478,564
Slc39a3,462,436,568,790,624,1042
Vil1,399,219,435,951,906,826
D3Ertd254e,576,633,611,816,474,777
Ap5m1,671,697,557,400,489,518
Pex1,533,667,447,517,595,672
Mospd3,611,604,498,663,566,406
Nacad,428,407,393,760,659,592
Gpr153,370,377,462,753,822,952
Eral1,486,681,662,698,521,496
Lamtor3,601,444,493,679,591,505
Tkfc,545,500,456,627,646,800
Ccdc174,580,652,650,364,498,464
Naa16,773,662,839,410,467,387
Ska1,795,1029,861,410,274,308
Dhx34,412,447,407,661,487,659
Cd320,564,449,652,663,727,487
Arid3a,866,686,551,453,387,288
Mid2,416,409,414,442,722,630
Zfp229,370,654,385,472,466,509
Rab36,353,254,316,1005,781,800
4921524J17Rik,477,426,605,663,544,858
2610008E11Rik,635,484,454,776,656,860
Pvt1,472,548,571,756,523,530
Zbtb48,579,472,689,497,552,374
Rfesd,419,597,448,752,693,642
Zscan29,596,407,514,456,680,551
Stk10,523,701,725,579,443,456
Rab11fip1,519,523,685,483,467,550
4933427D14Rik,587,549,708,392,441,572
Tube1,561,902,803,321,277,474
Bbip1,753,594,562,400,463,737
Tcn2,261,287,282,841,741,772
Ap5z1,506,539,528,597,596,585
Dxo,529,845,542,477,485,466
Gjc1,498,648,561,444,336,384
Nsun3,741,483,467,544,503,452
Gmppb,425,643,598,641,537,502
Nptx1,605,376,439,582,563,593
Ost4,474,541,653,400,435,348
Ddx11,736,657,799,349,254,380
Pask,962,728,800,371,363,447
Phka2,386,517,590,605,551,579
Dyrk3,450,628,593,539,505,446
1810055G02Rik,727,713,625,532,641,513
Leprot,558,722,554,637,589,467
Srd5a1,502,409,586,426,563,579
Cenpk,688,688,621,335,502,416
Ptp4a3,259,251,313,730,711,744
Gen1,803,885,619,240,368,281
Arhgap31,740,597,684,519,467,518
Rgl3,452,485,498,482,638,456
Zfp995,516,459,544,466,523,634
Cep63,737,503,462,398,396,479
Ints6l,830,433,488,592,358,426
Mecr,558,739,550,547,387,366
Tmem198,539,494,353,690,615,411
Thap2,433,483,568,661,573,674
Carmil1,428,510,530,648,641,786
Paox,424,526,452,587,700,689
Zfp160,478,752,640,517,638,525
Vax2,398,525,387,540,569,476
Zfp369,300,481,351,770,621,622
Ntan1,426,363,581,413,685,564
Rhog,543,496,599,654,385,580
Caap1,790,563,619,519,434,433
Btg1,326,320,383,713,658,722
Fars2,494,629,515,775,435,477
Tbcc,615,560,500,596,468,497
Zfp276,542,483,429,621,541,682
Chml,553,574,469,523,468,618
Gspt2,556,541,551,589,547,438
Fyco1,535,371,366,585,672,613
Rnaseh2b,655,621,804,489,410,312
Syngr3,367,364,296,471,717,765
Ikbip,332,411,434,553,703,663
Pard6a,444,399,375,661,692,634
Ighmbp2,570,428,518,416,349,635
Map3k6,784,568,522,369,359,691
Armcx3,435,459,596,726,586,439
Plekho1,686,643,807,294,574,459
Stard3nl,589,410,336,656,538,715
Ankzf1,606,384,534,590,599,511
Gm6793,489,713,455,471,398,354
Tceanc,600,402,368,671,503,473
Zbtb26,448,488,372,483,596,609
Rps6kb2,509,461,403,480,495,638
Pdgfa,398,340,507,408,444,768
Oxnad1,495,410,698,361,520,539
Yipf1,489,466,372,561,407,829
Paqr3,123,171,204,1271,693,761
Kbtbd7,496,365,480,637,711,782
Brip1,707,904,634,319,419,369
Gria2,348,414,377,752,770,468
Prkag2,557,482,532,544,571,462
Prkx,724,632,446,707,608,538
Zfp867,461,501,356,809,609,643
Ap4m1,489,458,498,613,439,786
Fsd1,680,420,506,574,651,516
Zfp84,456,509,529,399,603,594
Dok1,533,625,441,467,376,496
Gpr19,478,411,587,493,583,509
Ubtd2,521,669,419,472,612,597
Zfp799,565,465,432,607,585,665
Fbxo2,409,430,293,705,631,620
Ppp1r12b,461,512,367,471,516,575
Eif4e3,559,626,575,554,431,470
Stard3,507,562,423,569,548,528
Elof1,559,759,739,398,612,471
Ndufaf5,552,491,518,534,469,550
Mrm3,457,729,594,500,532,516
Ptrh2,490,446,467,552,636,527
Pop4,600,632,522,587,619,351
Fos,766,1041,984,100,118,155
AI464131,373,349,311,730,654,560
Bcl7a,565,688,487,443,438,415
Acbd4,339,301,394,699,656,785
Tusc2,437,485,587,715,454,611
Zdhhc24,427,558,491,840,575,569
Chek1,680,704,753,349,316,319
Cygb,271,219,401,688,842,663
Invs,442,474,517,839,536,424
Ypel5,227,274,238,930,702,744
Srcin1,181,119,143,971,910,875
Rras2,671,729,456,587,570,384
Gm21685,470,422,429,488,736,666
Adck5,633,449,687,595,494,487
Kalrn,649,628,660,476,482,398
Ick,534,501,448,500,356,338
Enpp1,455,435,389,498,615,596
Abhd10,968,637,459,478,445,341
Manea,603,473,749,844,467,402
Bora,800,745,606,288,552,548
Clp1,536,609,455,619,541,388
Hist1h2af,824,926,965,320,267,302
Borcs8,771,438,520,594,710,717
Asrgl1,533,504,408,511,551,595
Tbccd1,690,602,478,719,425,355
Vax1,856,727,552,361,402,411
Mettl7a1,446,276,378,587,801,671
Ift74,776,491,561,410,492,320
Slc25a38,649,665,661,503,420,374
Zfp511,600,613,461,610,491,508
Bex4,506,572,503,340,511,457
Gucy1a3,776,509,517,429,385,566
Uevld,557,661,652,461,637,556
Parpbp,653,606,904,249,410,289
Setd6,777,536,741,367,285,417
Tom1l1,490,701,422,439,706,391
Cenpu,698,784,648,384,295,279
Gpr180,524,587,666,540,412,422
Smad7,818,723,683,208,204,187
Ulk3,376,540,315,750,709,592
Smim19,467,407,313,371,592,518
Gmpr2,498,444,496,467,508,541
Lonrf3,517,725,498,399,425,620
Rmi1,464,379,447,591,609,448
Hist1h2ad,720,721,578,287,230,246
Hectd3,458,564,525,681,396,560
Ormdl2,703,572,509,407,484,476
Rsad1,559,457,392,522,484,700
Nf1,529,562,415,394,481,513
Zbtb4,261,261,249,906,730,843
Fam160b2,567,503,559,408,405,820
Slc35b4,446,638,625,643,373,537
Mir692-2,632,508,529,422,262,360
Taf1a,593,757,502,629,528,395
Atp6v0a2,513,552,809,544,429,436
Axl,380,436,499,459,550,460
Gm15093,362,378,520,584,550,545
Txnrd2,812,634,616,403,509,438
Rabl3,519,503,547,418,517,490
Ott,393,427,418,625,468,838
Psmb10,773,824,854,379,305,333
1700066M21Rik,500,585,680,497,566,417
Nt5dc1,715,458,631,372,312,434
Riox1,415,657,520,578,449,673
Slc36a4,436,486,622,478,401,522
Ppie,1065,635,679,403,403,389
Gpat3,247,255,242,1130,838,732
Hey1,490,545,458,520,487,754
Prdm10,527,464,450,470,533,457
Praf2,563,530,625,585,584,504
Dgke,408,605,465,602,403,395
Snhg12,402,348,360,741,511,654
Iqsec2,386,390,362,645,414,685
Ccdc134,661,684,470,337,570,414
Tgif1,485,574,513,565,446,495
Klhl15,431,505,466,773,483,591
Nme6,548,674,686,378,345,365
Ddias,422,708,826,371,452,297
Tfb1m,603,482,488,415,563,611
Tradd,372,513,486,477,505,594
Aga,398,410,375,557,501,803
Gpr173,494,351,433,539,523,924
Zfp937,418,298,484,626,534,719
Rogdi,461,304,500,539,453,611
Slc39a7,530,592,730,361,550,606
Gm10439,471,479,328,475,522,508
Rnf146,525,570,691,470,484,465
Chek2,502,562,436,280,478,450
Stx8,610,461,399,709,624,385
2410004B18Rik,540,629,395,522,447,360
Pomk,349,412,578,589,532,408
Yod1,457,486,439,442,711,661
Parp11,491,587,495,472,678,519
Szt2,413,394,444,463,658,604
Slc2a8,442,349,519,840,886,674
Cep83os,416,351,290,701,563,771
Bscl2,558,277,382,732,823,828
Smim3,300,273,272,827,624,713
Dennd3,548,593,462,425,486,606
Tmem143,315,463,537,430,507,581
AW209491,407,430,458,540,477,486
Kctd2,502,624,518,406,546,595
Polq,746,587,794,332,223,274
Rad9a,566,807,518,425,408,416
Enox1,426,430,344,582,542,509
Apitd1,597,600,540,315,252,368
Klhl5,391,514,383,487,833,552
Pygo1,450,471,525,632,460,470
Tsen54,633,598,571,361,379,378
Fam193b,579,510,471,502,478,622
Card10,499,306,423,443,730,524
Zfp692,616,348,437,419,467,479
Cdh2,313,429,496,511,510,604
Psen2,338,440,423,762,753,685
Gm15114,385,345,341,819,561,517
Shroom3,547,623,824,404,461,420
Hexdc,547,347,364,658,522,522
Slc30a6,570,386,539,520,496,419
Mast1,410,415,392,785,699,398
Bin3,492,547,556,393,427,493
Enho,580,533,541,516,446,460
Synj2,284,375,304,767,808,590
Mageb4,460,423,508,638,438,479
Pnpla7,623,519,411,419,441,466
Cln5,506,538,354,450,503,373
Slc2a6,469,307,365,617,529,637
Rpl29,588,524,578,385,309,350
Lrrc8a,442,389,351,480,585,676
Parp12,461,505,562,376,439,380
Tep1,373,514,530,490,711,715
Zfp827,504,546,367,558,535,723
Bbs2,246,360,412,657,512,625
Txndc16,483,299,630,570,470,524
Otud3,713,695,591,424,374,360
Irs1,496,585,484,458,457,626
Prex2,456,519,473,652,482,577
Dnajb14,387,342,348,544,532,991
Ldlrap1,399,436,256,522,523,541
Rad51d,522,547,476,546,550,493
Bola3,869,544,553,278,308,392
Gm15446,604,528,593,461,461,399
Hist1h2an,834,595,632,382,378,388
2610044O15Rik8,528,467,474,506,407,480
Polr2k,582,482,589,503,433,480
Fgd6,431,355,488,510,720,516
Snapc1,468,326,447,513,453,448
Hist1h2ah,854,697,753,238,336,306
Phlda1,404,638,442,405,621,324
Stn1,552,339,567,274,444,360
4930427A07Rik,765,856,726,374,301,322
Metap1d,415,477,673,622,791,566
Rnaseh1,584,527,508,412,386,271
Slc41a1,417,496,479,551,516,417
Ptrhd1,555,492,466,491,465,512
Atp1b2,311,264,296,795,655,664
F3,537,537,359,667,593,458
Ptgds,105,99,112,1112,684,909
Esx1,512,617,476,390,521,479
Entpd4,452,412,582,547,485,410
Notch1,566,496,517,570,452,438
Lhfpl2,266,178,199,815,731,748
Xlr4b,336,474,492,575,624,400
Mettl17,545,444,534,514,473,448
Ksr2,229,383,333,773,811,666
Mospd1,596,504,633,417,504,684
Zfp941,403,424,375,585,523,649
Sipa1,548,631,448,460,390,556
Rabepk,562,576,374,492,602,514
H2afj,591,489,503,530,410,307
Vps37b,530,794,494,396,407,281
Dgki,676,453,750,390,268,375
Cchcr1,710,742,470,445,437,465
Gm15080,380,247,354,694,649,869
Lmbr1,397,336,412,890,521,519
Ccdc32,409,496,654,471,383,415
Runx2,526,379,325,467,533,637
Icam2,548,410,582,333,297,443
Cmc2,523,454,701,378,382,430
Layn,385,434,311,676,572,536
Bbs1,430,367,565,425,540,359
Sass6,605,704,426,361,366,263
Adat1,747,733,587,361,352,368
Pus7l,692,764,506,297,384,539
Tmem205,464,378,334,474,501,534
Cd248,345,264,283,569,917,448
Casp7,417,451,637,458,489,477
Paxip1,560,836,443,496,428,489
Ppox,526,501,540,521,600,557
Tmem231,524,393,475,842,553,474
Apbb1ip,509,686,497,308,335,255
Ice2,396,612,509,435,544,464
Slc25a30,530,347,542,397,539,497
Fpgt,376,462,520,577,770,615
Wipf1,408,435,549,521,465,422
Hook2,507,314,441,581,476,555
Lzts3,391,542,410,539,391,496
Cry1,333,428,559,480,414,497
Atpaf1,458,495,399,505,550,545
Zcchc4,527,450,539,555,463,442
Mfsd10,553,460,499,400,512,508
Mmachc,607,684,444,359,560,482
Rab30,298,305,436,548,780,636
Hmgn3,468,521,501,427,436,389
Sptbn4,366,310,602,687,788,494
Zfp719,357,554,575,533,544,484
4930579G24Rik,529,507,688,461,458,564
Tagln3,724,660,544,406,448,382
1810058I24Rik,503,374,407,505,643,646
Hoxc9,730,546,520,589,364,381
Zc3h10,460,519,461,408,463,554
Slc40a1,190,198,207,708,664,648
Tap2,401,367,518,582,572,498
Fam214b,363,258,463,561,710,908
Ogg1,408,620,554,432,508,457
Rdh10,362,509,493,509,596,537
Usp25,510,500,472,508,420,311
Top1mt,453,686,332,710,541,531
Selenom,402,564,524,386,501,557
Arid5b,504,498,529,390,471,444
Rbm4b,437,582,553,519,393,532
Slc38a9,339,436,493,541,503,628
Znhit3,461,733,849,440,409,285
Rilpl1,489,399,474,358,612,438
Sncg,259,390,287,750,447,532
Wrap53,559,572,598,322,335,373
Zkscan2,257,376,427,558,551,474
Usp53,647,420,399,545,476,628
Rinl,426,474,668,431,404,531
Ypel2,163,234,183,613,844,1150
Bet1l,383,480,368,444,477,416
Jrk,569,440,533,342,387,564
Mmp11,308,388,493,789,612,486
Tank,485,499,537,338,423,450
Uap1l1,431,527,398,544,488,448
Zfp426,479,386,458,426,666,621
Sdhaf4,368,460,471,554,560,495
Ube2e2,376,708,376,461,452,524
3632451O06Rik,333,338,368,447,502,654
Gria3,871,620,493,308,336,428
Xkr6,364,379,436,551,476,435
4930529C04Rik,536,604,406,580,565,455
Grin1,458,472,607,599,448,293
Wfs1,354,466,403,902,522,701
Pcyox1l,530,588,437,491,551,495
Gm14322,598,674,602,401,406,356
Cnp,361,316,449,636,598,477
Phf1,284,255,204,678,704,740
Zgrf1,568,588,621,282,453,264
Antxr2,364,383,416,549,514,493
Foxn2,403,504,594,420,404,348
Fam53b,409,395,399,425,591,713
Atxn7,414,481,331,419,620,398
Runx1t1,191,199,175,631,470,535
Dph5,621,512,656,414,387,323
Pusl1,584,644,489,396,385,434
Pard6b,509,565,485,499,424,504
Tmem50b,648,486,517,423,401,380
Fam210b,250,553,443,633,609,840
Coa7,581,578,478,316,324,297
Bpgm,466,582,495,432,351,403
Pcsk7,504,716,533,428,511,511
Josd2,349,340,361,702,431,474
Zfand2b,462,460,444,392,350,480
Zfp346,513,497,500,506,484,508
Zfp944,571,593,511,336,482,353
Nsmce3,440,514,393,609,481,497
Spice1,591,635,472,376,405,304
Mob2,573,375,384,451,380,332
Suv39h2,842,520,500,328,440,344
Zfp605,482,433,268,553,477,566
Rnf24,462,314,477,549,392,379
Zmym6,374,335,368,678,422,691
Fgd1,522,492,502,516,503,523
Ldoc1l,448,461,671,393,471,497
Espn,261,335,286,516,731,541
Commd2,634,581,634,383,407,320
Apip,454,442,403,431,385,440
Slc25a24,467,452,500,445,336,414
Med29,566,574,472,331,327,354
Cntn2,258,317,292,630,526,415
Itpk1,522,583,445,347,352,425
Zfp780b,286,420,359,561,523,619
Stac,849,757,650,171,212,199
Pced1a,444,348,462,677,366,669
Prdm15,460,469,372,473,573,426
Vcpkmt,547,579,517,402,468,518
Fam198a,364,288,381,600,458,521
Myo19,528,644,604,425,343,316
Sars2,710,571,618,390,488,425
Parp2,467,767,509,342,518,339
Acy1,622,522,543,425,551,392
Chchd5,544,381,412,555,358,346
Mboat2,284,256,370,575,523,530
Mtm1,276,224,293,728,659,591
Stx17,331,287,383,648,487,458
Tfeb,516,314,487,506,635,510
Rhno1,503,606,462,606,414,335
Sik2,386,467,537,421,540,446
Trmt44,644,544,413,391,415,394
Fam221b,569,367,615,328,289,466
Amer1,349,284,363,688,496,491
Slc8a3,489,292,381,620,466,552
Tfap4,568,734,524,432,324,356
Enox2,683,525,468,420,852,521
Rragb,680,400,359,597,329,563
Pidd1,549,617,554,482,312,297
Il23a,478,518,560,416,433,398
Klhl25,254,249,314,454,623,511
Coa6,520,454,411,449,440,455
Nqo2,450,530,555,394,531,458
Orai3,362,363,445,572,610,465
Nfkbil1,375,435,315,696,523,674
Echdc1,261,357,310,543,496,513
Naga,255,301,235,714,551,636
Nipal3,255,220,178,783,742,680
Faim2,319,256,251,752,498,975
Slc50a1,384,536,573,595,523,362
Med7,446,478,359,464,451,488
Smyd3,480,547,687,403,389,394
Pls3,458,452,452,448,466,604
Arhgdig,286,341,356,390,529,513
Slc43a2,316,270,247,755,635,711
Zbtb45,447,475,556,359,393,563
Hr,646,550,587,253,275,310
Bbs4,256,459,378,405,476,757
Tango2,417,575,386,494,631,390
Sema6b,334,281,267,551,537,446
Neurod1,212,307,325,644,605,578
Rint1,607,414,442,389,400,413
Rpusd2,602,430,480,387,376,239
Satb2,394,501,499,445,738,518
Stx1b,382,559,512,423,296,383
Rab40c,504,361,414,395,615,425
Renbp,431,421,289,508,540,616
Plgrkt,471,368,417,375,579,652
1810022K09Rik,438,596,398,447,353,382
Zfp760,372,438,352,346,601,636
Immp1l,520,488,408,453,533,321
Tgfb1,458,736,453,363,342,363
Tnfaip2,310,180,186,728,741,711
Poli,273,394,290,552,388,622
Fbxo44,315,391,431,598,593,630
Clcc1,365,448,448,484,550,433
Nudt2,505,408,343,427,396,545
Uaca,400,681,533,331,442,368
Anapc10,375,410,317,279,531,376
Smad3,618,496,708,397,333,327
Wnt5a,126,166,146,1019,682,627
Alg12,676,561,449,340,311,548
Mvk,562,451,432,478,395,555
Tmem107,535,562,424,412,370,450
Umad1,434,396,350,438,624,351
Ifnar2,267,351,345,468,487,466
Rnf122,305,350,320,642,633,426
Nudt11,427,483,492,412,428,461
Cep128,604,580,502,289,257,226
Tle2,227,219,314,540,643,575
Mri1,377,435,369,393,538,587
Isy1,432,532,508,491,394,364
Gm21451,389,320,402,470,625,527
Mroh2a,579,614,729,358,333,368
Lrfn3,333,376,270,569,468,655
Rpusd1,441,555,514,425,474,466
Dph3,548,540,671,592,416,312
Ndufb2,404,447,454,382,325,321
Aunip,614,721,817,256,243,178
Csad,297,474,344,405,571,316
Mitf,475,397,422,479,426,739
Mitd1,530,391,669,291,342,395
Asb13,512,618,548,337,385,477
Dlg3,375,319,407,434,318,626
Arhgef10,459,467,417,508,478,587
Nuak1,592,388,400,428,537,487
Stxbp3,454,461,513,553,534,497
Thbs4,599,975,760,80,148,85
Map3k20,338,553,544,485,537,830
Bloc1s5,426,303,327,424,602,723
Sclt1,576,376,408,381,390,449
Cdadc1,510,250,482,500,434,550
Osgin2,615,598,408,367,276,330
Lipe,364,470,392,569,656,583
Rpgrip1l,301,413,500,428,437,685
Dph7,388,421,604,398,463,571
Gltp,367,588,403,410,298,353
1700086O06Rik,471,432,468,320,373,366
Negr1,197,283,288,616,585,701
Fastkd1,539,681,489,383,416,309
Cdpf1,386,501,430,514,581,447
Cacna1a,174,280,181,551,598,712
Pigx,478,390,413,457,313,384
Malsu1,503,422,491,401,424,474
Znrd1,377,413,425,350,294,409
Acad10,348,478,368,604,685,552
Gm15097,394,440,353,536,428,492
Plekho2,403,425,401,520,523,417
Hist1h2ai,739,638,536,340,244,204
Taco1,445,456,415,451,399,592
Cluap1,550,412,484,553,324,354
Gpr146,215,231,199,690,662,791
Dbt,465,529,537,379,293,323
Mtrf1l,530,531,529,458,531,536
Meis3,545,487,387,409,421,368
Gdpd5,357,223,345,506,343,645
Dhrs4,496,525,646,404,237,262
Thap7,390,354,498,399,515,306
Etfb,382,307,386,488,449,448
Chd1l,490,815,426,387,292,298
Zfp759,294,264,291,526,653,575
Ccsap,554,526,558,329,393,308
Kti12,509,495,634,329,274,411
Zbtb37,355,309,350,396,603,574
2210016L21Rik,399,522,389,462,525,715
Ankrd16,610,340,495,329,414,361
Rfx5,373,333,386,423,537,504
Atg14,354,357,466,477,412,436
Gpatch11,436,514,572,419,299,598
Lamb2,433,538,420,405,458,486
Xrcc4,410,428,503,441,449,473
Tmem198b,407,330,444,518,489,427
Tmem80,415,538,607,514,534,366
Rassf1,411,625,480,396,287,311
Tmem173,236,410,413,525,515,633
Usp51,460,427,504,467,408,437
Zfat,510,470,357,335,454,372
Pstk,387,399,455,456,420,391
Lef1,444,429,393,492,377,562
Clstn3,393,454,388,465,358,496
Coq10b,531,490,448,323,359,493
Nbeal2,304,297,273,572,566,596
Dus2,442,448,496,501,279,406
Tbc1d7,384,339,398,380,447,502
Mettl5,286,354,445,449,564,362
0610030E20Rik,408,478,386,388,651,564
1110059G10Rik,425,428,462,304,296,478
9130401M01Rik,275,391,378,428,492,370
Dgkh,496,409,377,434,400,424
Mettl10,405,444,438,463,403,552
Dusp10,186,171,191,665,744,875
Intu,459,384,474,457,368,346
Nudt14,389,444,451,503,572,404
Garem2,271,338,264,433,654,469
Pdzk1ip1,79,74,70,606,526,800
Kctd7,338,304,321,492,522,591
Med26,698,604,659,455,505,370
Ncan,400,279,324,701,593,543
B9d2,446,607,400,327,260,453
Lyrm9,259,312,333,516,474,586
Adgrb3,381,360,413,648,391,406
Smad6,795,698,667,162,130,133
Rabl2,379,577,485,448,506,363
Nucb2,365,392,450,416,435,491
Neu1,487,328,350,519,619,514
Elp6,575,418,505,333,427,398
Pdgfc,188,242,305,1007,675,619
Adgra2,242,282,373,487,789,752
Pacrgl,398,474,340,336,376,368
B3galnt2,478,372,415,387,312,365
Whamm,470,474,547,511,492,357
Dscc1,557,634,876,254,274,403
Selenbp2,107,148,117,535,547,778
Tgds,503,439,596,439,325,326
Zfp420,392,448,274,481,421,475
Flad1,396,572,497,537,476,382
Msh2,447,481,470,327,347,404
Xylb,593,473,662,335,255,387
Tmem39b,462,528,522,494,310,385
Chst12,359,425,382,473,347,406
P2rx7,401,409,335,565,593,408
Ap4s1,383,544,388,360,288,382
Rbm20,367,246,226,596,452,551
Wdyhv1,445,472,233,455,461,418
Pabpn1,410,410,407,327,308,320
Srl,349,273,344,625,507,505
Mpv17,458,347,347,511,449,607
Gtf2b,332,632,531,284,447,347
Slc25a19,417,386,396,342,428,434
Cftr,452,372,382,616,447,547
2017-03-04 00:00:00,208,234,297,618,356,526
Dlx1,476,554,458,323,389,348
Ccdc61,338,464,352,477,380,498
Atg4d,451,565,326,365,477,396
A4galt,124,197,214,632,724,555
Gm15109,258,347,343,553,493,428
Cxadr,271,216,216,633,636,465
Slco4a1,398,415,339,654,508,556
Lrrk1,525,571,462,469,268,300
Atp7a,440,427,542,466,423,512
Nacc2,324,276,321,524,598,548
Galnt5,953,941,818,2,1,1
Agtrap,401,415,400,509,431,502
Purg,323,330,295,645,453,460
Ppp1r26,350,358,333,579,499,570
Fibp,673,419,359,419,471,413
Zfp936,592,420,313,383,454,466
Prune1,455,335,492,545,425,449
Lmo4,379,236,313,657,541,483
Dgka,341,306,363,573,559,907
Farp2,450,554,365,296,281,309
Fes,534,514,449,434,432,537
Foxo6,321,374,399,508,601,553
Smim1,253,222,214,528,495,628
Dclre1b,767,571,556,255,354,325
Tmem178b,162,232,247,498,638,465
Lrr1,626,525,665,311,274,315
AI837181,313,331,395,334,367,568
Mrpl55,381,312,366,459,412,280
Mycbp,483,438,411,281,314,362
Atxn3,403,402,445,299,568,351
Ypel3,262,260,230,482,524,673
Prcp,322,373,370,526,481,493
Cep72,484,518,323,452,341,282
Slc38a4,458,801,541,241,184,292
Tmed1,512,547,402,202,180,397
Fbxw9,250,412,330,738,597,553
Rin1,467,365,530,483,373,651
Abhd14a,296,330,397,594,537,483
Fam175a,486,395,410,328,337,310
Lzts1,393,310,499,476,466,467
Dnajc19,431,616,317,317,353,238
Arv1,557,477,413,490,438,454
Lin37,392,441,466,428,375,384
Pou6f1,273,523,350,399,524,571
Plk2,372,372,245,406,486,632
Pibf1,251,565,352,490,452,501
Wdr20,455,288,477,341,327,394
Rabggta,381,518,453,351,423,402
Tmem60,257,350,341,478,515,510
Tyw5,415,374,487,403,568,452
Cdc26,375,485,408,370,450,508
Tbc1d10a,680,483,501,470,369,392
Zcchc7,351,338,458,551,404,608
Nprl2,504,255,260,570,432,442
Tmem104,546,591,704,282,387,340
Zfp974,310,219,373,354,471,487
Arl16,377,445,658,298,356,316
F8a,500,529,413,427,398,460
Cln3,365,424,478,451,421,515
Mcfd2,393,345,427,541,562,587
Gmpr,338,340,387,462,477,337
Trim39,339,380,434,605,326,479
Plcd3,393,443,412,398,425,499
Disp3,399,471,626,466,333,412
Gpr6,133,139,206,581,825,601
Fadd,436,357,629,293,323,356
Fbxo34,543,488,309,447,448,280
Dock5,535,322,291,462,359,409
Snn,345,287,388,491,614,620
Snrnp48,379,564,503,507,361,434
2210013O21Rik,357,283,269,570,451,441
Dtx3l,440,275,289,499,500,521
Tmem219,368,295,300,453,556,528
Polr2h,450,565,483,418,393,239
Zfp938,329,311,432,436,465,556
Txnl4b,450,361,366,449,341,554
Bbs5,661,276,443,397,451,423
Csrp2,385,387,326,293,467,327
Rpusd4,308,450,320,382,250,403
Med31,471,413,434,354,495,420
5530601H04Rik,460,610,500,336,330,401
Entpd7,459,493,400,351,295,387
Cdc14b,542,260,457,405,303,286
Fgf1,239,177,244,756,582,654
Hist1h2bc,265,288,381,576,435,633
Lyrm4,264,357,341,469,438,402
Thbs3,429,438,437,483,459,319
Tdp1,385,532,656,270,282,352
Pgm3,465,327,384,438,439,352
Maml2,250,212,295,671,583,536
Tceal8,425,522,413,306,285,307
C1galt1c1,315,343,474,467,351,308
Uba52,439,307,401,296,429,334
Nbl1,299,273,257,459,495,464
Klhl36,343,285,271,515,496,462
Jtb,575,364,352,367,469,401
Dedd2,415,348,454,374,395,406
Birc2,315,441,517,343,444,352
Zfp597,502,290,401,420,457,395
Ctso,287,284,299,621,483,445
Chac2,379,353,372,472,400,657
Cyp4f16,470,395,400,412,440,437
Cacng2,322,379,189,398,481,376
Mcub,407,267,284,412,425,442
Fam149b,429,604,450,574,489,445
Kif16b,454,333,309,546,305,582
Gm10033,338,376,541,417,523,366
Tctex1d2,396,466,363,288,321,373
Snhg8,375,467,357,411,482,545
Per2,288,321,244,651,435,568
Gramd3,382,358,309,427,472,332
Tox,293,260,257,614,448,444
2700062C07Rik,386,475,372,333,487,383
AI662270,476,677,492,310,207,346
Bnc2,167,203,242,648,656,761
Commd6,434,465,385,395,420,463
Tmem159,659,657,754,188,249,280
Relt,372,456,407,468,326,323
Ppp4r1l-ps,335,252,262,485,481,473
Ehbp1l1,416,310,345,397,419,389
Xlr4c,395,421,384,392,450,511
Clasrp,309,261,533,376,293,281
Senp8,267,304,344,378,395,451
Ccdc94,375,452,392,355,346,412
Hps3,563,312,438,507,423,394
Tagap,301,471,285,425,515,460
Tyk2,289,415,287,583,479,502
Rnf215,303,306,329,458,368,375
Dusp12,390,418,355,372,349,460
Tap1,304,280,320,590,359,370
Dpp7,220,290,276,556,447,423
Ckmt1,198,303,296,543,445,320
Suox,313,304,228,477,512,498
Dner,149,200,157,660,641,581
Prkab2,377,428,347,437,383,288
Rtn1,410,352,502,421,438,553
Nipa1,471,407,331,589,371,245
Gjd2,86,111,147,509,713,704
Ulk4,440,509,502,287,274,365
Lamp3,583,439,563,266,336,340
Pigc,299,283,349,508,434,649
Tm2d3,333,397,296,412,491,458
Disc1,332,201,416,611,541,559
Acvr2b,417,401,458,338,300,420
Klhl23,309,358,317,372,394,438
1700047I17Rik2,316,350,454,395,499,340
Tfpt,344,332,436,373,355,333
Zfp442,391,300,315,575,454,465
Tpra1,280,374,433,393,416,421
Zbtb25,449,419,383,447,448,421
Snhg15,352,465,532,288,264,330
Snrpf,489,469,486,292,269,228
Map4k1,335,377,529,397,359,350
Kazald1,349,372,402,490,416,490
A430033K04Rik,454,230,357,361,539,395
Csgalnact2,475,437,393,364,378,495
Tefm,508,480,491,507,439,414
Fmod,4,4,4,619,936,643
Hsdl2,292,242,255,552,592,567
Amigo1,324,396,322,415,444,684
Spry1,502,399,501,383,386,362
Dap,286,393,338,657,449,418
Dusp5,468,368,306,357,411,318
Ccnjl,357,295,278,498,423,580
Gsn,216,170,169,507,693,789
Bola1,391,319,419,468,415,435
Nupl2,451,389,418,423,367,432
Scube1,555,695,841,155,167,152
Zfp59,363,375,523,448,350,429
Zfp943,272,318,399,463,468,499
Gm20594,361,381,397,439,448,449
1110065P20Rik,372,414,377,398,460,463
A430105I19Rik,433,375,323,257,348,488
Lmbr1l,277,385,364,338,444,439
Lins1,672,419,311,427,456,377
Osbpl7,368,398,444,442,428,433
Nek4,509,464,304,382,409,325
Angel1,292,244,302,693,753,646
Fam102a,253,490,388,369,441,416
Ankrd49,389,441,361,342,465,372
Nrde2,557,498,441,329,332,348
Lacc1,216,324,345,556,632,360
Znrf3,452,307,401,444,339,520
Clcn2,317,347,300,603,358,369
Cap2,296,325,197,542,567,492
Ptpdc1,426,439,489,486,449,385
Armcx1,192,268,272,454,587,525
4931406C07Rik,254,320,281,687,497,525
Iba57,328,294,242,390,377,272
Ppt2,296,249,320,470,352,471
Cep85l,443,380,330,401,428,356
Fanci,958,454,525,283,249,269
Otub2,279,265,315,518,496,549
Akr1b10,415,425,308,392,385,521
Zfp61,357,586,396,364,405,433
Pnpla6,311,282,391,428,385,404
Elf4,300,238,199,621,393,381
Kctd6,442,334,332,511,411,370
Fxn,510,381,496,250,315,205
Slc9a3r2,396,297,323,601,615,507
Pif1,501,659,573,246,315,286
Jakmip1,453,286,361,368,422,617
Tmem67,293,395,453,314,394,381
Magohb,525,579,588,209,256,336
Zfp141,447,301,480,422,390,360
Alkbh4,369,361,348,428,461,328
Def6,266,324,294,418,356,319
Cep19,295,382,294,426,458,510
Carf,306,269,229,460,373,454
Pax5,514,470,457,361,257,232
Hhat,282,346,373,363,334,451
Ppih,428,594,509,251,212,193
Stxbp2,423,339,381,374,253,313
Med11,520,485,505,440,317,357
Zswim6,300,229,394,363,397,414
S100a13,221,271,242,542,561,675
Tmem69,343,451,386,418,368,406
Cpa4,694,381,343,285,297,362
Nfatc2ip,508,445,570,297,320,272
Tspan2,176,179,174,537,533,585
Lrrc1,454,401,239,498,412,578
Adgre5,578,476,386,339,349,416
Gem,510,430,401,442,404,353
Rtkn,274,342,406,392,447,580
Zfp985,325,321,332,347,411,550
Olfr482,354,402,417,393,380,382
Pnma2,288,354,279,376,410,446
Kbtbd8,343,449,500,280,298,237
Fra10ac1,394,386,348,388,368,292
Mb21d2,291,336,348,458,448,445
Mxd3,560,462,550,324,198,168
Dennd6b,332,284,313,430,426,427
Qtrt1,317,378,482,337,301,566
Otulin,328,407,482,278,357,346
Slc25a40,346,434,397,461,416,529
Uprt,474,345,440,307,322,341
Lsm5,527,492,529,270,284,198
Pde9a,482,400,546,280,327,274
Atoh8,374,787,579,55,94,77
Acad11,284,330,312,436,377,361
Cdkal1,342,491,375,381,326,494
Shisa4,274,323,277,512,434,417
Arrdc1,268,281,341,369,335,426
Amot,295,323,322,476,364,359
Hoxd8,244,249,221,309,475,510
Kctd18,637,359,376,340,325,324
Pold4,323,240,342,498,486,364
Alg6,422,417,494,375,316,386
Slc26a2,443,458,323,413,379,295
Cacnb1,275,294,255,540,512,597
Zfp51,384,577,400,379,435,450
Mocs3,318,335,272,470,354,310
Ap3m2,316,324,328,594,356,527
Tnfrsf22,333,275,366,509,626,423
Epm2a,176,146,165,718,632,522
Pigb,382,345,309,487,348,461
Uimc1,495,396,417,301,247,318
Plpp5,367,343,259,378,524,557
Triap1,299,409,353,405,345,350
Eef1akmt1,318,473,308,261,333,312
Mmab,256,251,265,446,487,433
Mkx,460,469,333,369,306,269
Ipp,425,420,349,375,409,392
Hebp1,447,353,343,381,320,421
Cox18,344,370,460,349,357,346
Hmgcll1,183,210,228,586,390,578
Serhl,399,389,482,400,399,534
Galnt12,576,484,589,239,252,211
Sybu,247,247,274,524,474,406
Gdf1,260,244,277,399,462,501
Zfp202,478,465,315,321,512,275
Rap1gap,162,130,154,745,686,578
Rnpc3,425,484,396,322,337,330
Pex11b,232,327,285,466,489,452
Mmp17,716,1081,677,180,100,176
Capn15,510,510,407,231,253,335
Pparg,450,447,471,310,294,364
Gsg2,454,488,470,186,259,254
Rbm48,347,337,516,480,324,224
Shc4,163,153,181,452,532,577
B230118H07Rik,359,522,279,419,366,382
Slc10a3,489,430,429,335,409,249
Ccs,321,383,646,278,369,368
C1qtnf6,189,146,167,707,884,624
Pou4f1,413,417,505,321,319,272
Rorc,207,143,186,492,437,394
Zfp322a,305,373,485,248,349,426
Depdc1a,504,521,432,256,181,268
Oard1,529,331,381,446,246,221
Rgag4,367,348,336,493,322,311
Prps2,335,275,345,234,354,277
Klhl18,383,306,344,417,252,409
Pex12,377,398,423,419,481,503
Lurap1l,384,616,443,268,243,260
Pex10,296,534,342,440,322,242
Pnp2,484,375,588,223,275,281
Gnb3,71,84,94,587,652,715
Hes1,532,447,434,376,330,288
Fam110a,362,542,400,276,334,252
Zfp414,272,403,367,345,336,406
Mtif3,329,387,388,287,300,398
Nynrin,391,334,364,437,436,567
Zfp882,311,338,392,439,519,265
Poll,353,421,304,537,369,379
Ripk2,371,338,347,443,374,389
Hhex,350,507,330,323,355,305
LOC102642386,442,378,332,360,435,281
Etfrf1,328,334,431,500,405,355
Fam69b,351,269,258,415,302,503
Mt1,196,205,245,453,451,700
Rftn2,292,308,469,241,321,358
Nim1k,221,399,382,328,488,398
Caskin2,368,265,365,346,374,355
Dclre1a,383,508,352,326,287,226
Rab10os,414,347,316,368,485,379
Slc2a9,280,171,245,645,620,537
Thrsp,38,43,40,474,890,855
Foxg1,358,306,402,386,480,354
Dguok,320,299,334,434,516,407
Mpv17l,266,194,157,393,648,562
Cep95,284,407,244,432,435,421
Nek6,366,384,355,406,477,412
Fzd5,338,418,422,279,463,499
Fam120c,210,207,225,522,586,645
Serpinb6a,389,419,390,432,347,323
Bckdha,264,303,234,409,399,431
Dtx1,188,234,216,565,641,379
Scly,375,362,305,358,424,411
Rp9,343,364,316,400,455,447
Mars2,399,335,460,315,317,269
Vav3,343,395,221,423,449,499
Pltp,166,117,140,479,734,557
Map3k13,287,335,371,658,442,575
Tmem243,412,357,339,288,469,378
Trub1,282,267,215,615,426,444
Zfp820,523,334,425,341,326,283
Cmtm3,421,400,266,404,340,369
Lrfn1,374,315,375,504,405,356
Trim21,272,328,248,395,476,499
Lrrc45,388,338,486,274,306,342
Bche,244,242,290,564,607,368
Acaa1b,533,325,258,594,548,368
1190002N15Rik,289,362,295,692,656,427
Ttc26,412,299,365,405,274,344
Gsdmd,288,205,250,325,485,572
Amn1,219,259,219,498,468,559
Resp18,275,307,374,486,472,322
Mief2,342,342,311,391,306,452
Ppil3,302,438,262,424,388,333
Fgd3,293,418,355,436,491,287
Col22a1,247,274,237,524,469,482
Xkr8,416,383,333,393,440,438
Fam173b,456,480,527,260,380,314
Ctnna2,394,355,383,302,418,472
Cgrrf1,357,316,480,425,393,473
Palb2,368,562,714,290,177,277
Zfp790,390,498,492,502,373,415
Stard13,506,314,489,284,284,359
Gm10778,288,316,446,321,338,550
H2-Q8,274,304,336,524,435,418
Neil3,464,421,606,203,309,212
Atn1,340,435,375,399,393,424
Scml4,236,295,358,377,403,332
Rbm43,310,284,421,437,484,360
Jam3,338,372,424,372,319,441
Ppp1r14a,373,369,295,349,425,364
Cyb5a,437,353,461,348,293,347
Card6,444,466,457,343,276,254
E2f5,401,440,325,296,326,267
Bloc1s4,303,311,267,418,396,271
Cnga3,153,114,132,626,633,808
Pcgf1,267,354,361,261,314,433
BC029214,229,193,214,506,404,593
Wfikkn2,340,270,304,637,616,366
Smo,347,440,274,423,265,385
Tm2d1,321,338,313,273,402,350
Zfp775,278,354,193,475,355,356
Snx7,358,644,489,313,182,304
Atxn7l2,283,479,283,379,330,346
Prkg1,402,412,603,359,293,229
Trmt10b,249,347,291,479,373,428
Mocs1,364,313,325,599,228,334
Snx24,398,346,272,522,387,347
Zfp579,156,253,223,458,323,417
BC002059,271,265,357,270,289,335
Fbxl4,302,306,254,325,405,426
Blvra,400,390,587,391,364,496
Lgi3,263,337,247,497,384,506
Haghl,276,351,167,471,366,480
Mylip,411,286,361,472,405,475
Pemt,393,288,287,316,334,405
Aifm2,436,363,290,329,293,403
Mks1,372,456,322,307,424,269
Hemk1,367,323,265,422,349,403
Arsg,128,174,128,457,542,571
Amotl2,334,250,357,381,357,368
Trdmt1,321,596,401,301,296,309
Mrc2,235,163,181,526,549,532
Gm4767,524,381,324,359,418,446
Arl4d,166,161,201,434,703,523
0610012G03Rik,266,290,297,429,301,447
Ppcs,358,425,335,415,317,462
Fbxo6,290,372,387,313,537,430
Slc25a14,410,394,419,290,396,323
Kyat1,309,262,230,503,469,444
Mtfr2,596,565,434,219,209,215
Slc29a2,273,523,404,207,340,212
Slc17a5,418,381,311,390,337,475
Prima1,280,264,301,359,443,314
Fancc,347,329,503,417,361,339
Zmat5,505,358,307,367,370,269
Ankrd45,276,183,297,556,389,420
Tns2,213,218,308,388,419,586
Rad52,279,344,402,404,339,252
Srek1ip1,354,314,336,322,333,350
Gm14440,408,301,304,415,359,420
Apobec3,535,477,437,297,337,244
Gm14288,337,370,393,305,501,463
Ccdc57,341,429,364,302,286,293
Slc27a3,379,276,264,417,521,479
Islr,116,117,160,684,576,662
Pqlc1,449,299,332,287,339,332
Toe1,432,434,408,463,302,374
Slx1b,302,213,372,457,495,507
Gper1,194,175,204,530,450,533
Acot10,383,404,365,370,368,331
Aasdh,262,332,274,400,591,382
Zfp639,303,341,455,365,328,326
2810021J22Rik,347,294,355,454,289,364
Lrrc57,335,418,488,259,287,287
Rps6kl1,298,250,327,460,428,547
Siva1,481,466,481,281,286,242
Xlr4a,314,280,395,483,423,470
Aim2,371,529,349,244,351,265
Rpp25l,348,471,517,372,343,320
Fbxl2,419,266,269,294,506,334
Igsf11,490,403,525,197,286,287
Parp16,249,276,330,444,330,438
Uxt,345,407,387,350,300,346
Cpt2,357,395,398,374,279,398
Hspb11,256,264,346,498,461,394
Pts,313,261,264,455,355,461
Akain1,349,387,348,357,334,402
Cc2d1a,389,397,418,288,345,336
Nfkb2,353,251,341,356,325,370
Ube2d-ps,383,340,343,379,378,318
Tuba8,304,390,443,336,291,342
C330018D20Rik,244,251,257,424,408,358
Grasp,235,393,344,263,331,291
Fancb,581,605,626,183,243,171
Macrod2,436,427,380,363,360,306
Rrnad1,417,285,429,294,439,472
Atp23,451,400,299,251,207,241
Psmg4,421,387,280,335,326,323
Ccdc77,370,354,298,386,395,326
Tcaim,300,290,323,484,419,352
Rit1,205,397,363,363,486,296
Taf13,306,228,275,453,379,301
Kcnj12,251,251,275,567,469,476
Rhobtb1,321,237,348,397,493,452
Iah1,385,285,237,404,562,445
Ccdc28a,237,347,385,401,383,494
Tsga10,391,359,298,293,265,312
Slc22a21,320,291,262,304,369,264
Ccdc112,281,334,235,233,361,365
Zfp57,201,261,301,439,296,548
Ethe1,338,415,286,418,329,281
Tatdn1,226,456,297,329,327,417
Ddx55,347,328,370,368,290,305
Gm5532,403,401,372,252,268,242
Fancg,416,426,396,274,258,295
Bcan,286,206,274,389,377,319
Nanp,387,395,380,374,316,360
Pou2f2,350,411,362,311,266,287
Zfp647,379,232,278,420,274,452
Rundc3b,225,291,247,457,545,514
Zkscan5,277,283,330,540,439,424
Snurf,273,220,327,367,562,365
Hmgn5,343,479,435,272,301,282
Asphd1,226,272,226,487,417,361
Chrm4,389,270,350,297,339,349
Crybg3,359,467,445,349,386,248
Usp49,392,334,405,365,281,345
Alg14,403,361,349,426,462,329
Fam58b,324,247,280,389,419,361
Ccdc14,448,355,655,242,301,218
Fuk,350,248,295,409,306,337
Rab40b,129,118,105,432,424,678
Phkg2,293,340,374,381,332,273
Arhgef19,300,371,359,414,370,420
Tmc8,280,332,239,534,470,525
Dram2,269,266,287,481,366,425
Kri1,373,357,377,280,347,280
Nagk,263,375,261,427,394,556
Faap24,427,443,414,280,169,305
Tmem136,281,397,352,367,310,376
Skida1,242,290,185,453,355,347
B4galt7,391,315,313,380,444,349
B9d1,315,338,283,351,537,317
Dnajc30,314,269,248,302,249,475
Dio2,270,378,377,389,357,367
Lgr5,419,355,382,352,374,242
Zfp758,273,312,300,338,298,297
Gamt,469,297,271,353,431,300
Fam181b,236,410,200,389,327,467
Zfp101,344,296,305,393,277,257
Nhlrc3,385,331,422,510,316,324
R3hcc1l,442,406,300,340,277,349
Fmc1,248,342,336,277,227,319
Bcas1,324,361,339,338,375,379
Olfml3,311,293,252,343,499,522
Prdm9,201,274,245,374,301,429
Eno3,348,288,217,422,305,301
Usp54,339,360,299,333,317,350
Zfp747,294,340,366,311,238,374
Dus4l,325,293,356,371,236,367
Pxn,260,293,341,446,387,404
Gskip,251,270,364,505,546,555
Bid,469,269,287,328,323,341
Sfmbt1,335,288,370,441,299,366
Pla2g15,278,385,282,461,352,399
Bmper,527,413,506,208,216,225
Rft1,306,268,272,425,284,553
Kcnh6,299,272,256,421,428,404
Manba,282,277,318,491,493,407
Lyplal1,261,261,314,484,449,626
Dnajc22,315,302,263,353,342,435
Tspan6,356,369,345,424,383,421
Helz2,253,272,204,452,418,419
4931414P19Rik,329,232,399,305,438,383
Lrp4,233,223,166,518,430,594
Scrn2,306,413,308,412,440,460
Ubtd1,255,220,232,429,318,374
Zfp975,283,352,261,354,392,368
Primpol,320,280,273,387,294,422
BC022687,342,327,301,421,472,424
Kctd1,310,329,338,557,453,383
R3hcc1,256,388,311,330,327,451
Homer3,410,465,392,327,298,220
Mpdu1,314,460,226,418,314,280
Kiss1r,305,389,288,443,420,400
St5,280,246,387,546,404,304
Mettl22,237,272,460,290,329,289
Thap3,296,327,189,406,351,480
Wdr44,368,269,479,342,503,298
Uqcc3,242,295,299,420,391,379
Zfp329,243,233,195,527,425,549
Mettl15,388,262,328,455,357,328
Tmem268,237,322,292,374,360,516
1110008L16Rik,403,385,413,261,388,286
Trappc6a,217,218,245,461,459,391
Cyb561d2,272,368,415,408,367,357
Shox2,251,277,291,298,454,519
Dnmt3b,410,543,490,224,260,193
Ganc,370,419,465,408,379,399
Rbfox1,259,220,230,467,503,421
Pcdha9,173,191,149,583,632,409
St3gal4,450,461,493,252,380,302
C77370,346,254,365,345,328,285
Spint1,305,279,281,324,386,321
Fam171a1,341,266,432,521,261,393
Sh2d5,186,167,269,343,371,481
Fbxo32,114,152,148,653,577,539
Efna2,462,388,386,233,245,218
Gadd45b,323,447,325,244,241,177
Abracl,371,337,347,348,300,276
Mien1,226,349,200,304,363,340
Nfkbie,253,307,204,365,439,423
Ctnnal1,363,467,499,307,239,228
Gm20756,192,204,216,549,453,418
Avpi1,152,226,162,477,572,361
Zfp446,303,400,274,290,286,365
Notch3,182,198,213,451,554,378
AW551984,88,129,98,764,487,373
AI413582,316,297,325,336,377,405
Rad51c,397,332,321,228,328,364
Mus81,297,304,271,285,330,449
Gemin6,465,445,561,171,345,260
Pet100,273,362,244,262,419,264
Selenoo,302,262,266,471,401,444
Dgat2,340,427,235,325,298,376
Tinf2,625,313,385,234,305,297
Gdpgp1,365,362,308,358,364,455
Bmyc,362,279,321,305,264,209
Zfp763,476,392,382,260,247,316
Aph1c,171,180,232,342,535,445
Hspa2,308,259,178,351,327,543
Tm6sf1,205,229,226,479,456,503
Galc,301,294,418,350,322,234
Zfp518b,446,299,488,263,281,225
Frat2,305,260,344,293,371,395
Appl2,336,267,207,333,376,424
Hs3st6,218,325,246,408,456,369
Zfp707,325,409,360,317,276,317
H2-Q7,212,174,287,413,441,273
Zfp382,343,390,331,346,330,286
Scmh1,198,257,262,300,349,303
Gpr137b,331,282,318,321,275,447
Klc4,277,282,323,335,490,344
Ppargc1b,308,422,337,371,352,340
Tesk1,238,324,250,330,273,363
Nit2,284,331,243,304,222,347
Poc1a,546,558,374,171,300,235
Adck2,209,224,159,508,384,382
Hilpda,234,249,215,419,438,448
Phospho2,337,376,376,353,377,346
Efcab7,333,274,355,310,309,386
Abtb1,256,210,223,295,287,415
Ift43,386,434,402,337,270,400
B230354K17Rik,276,252,199,479,397,345
Ripply3,260,164,241,396,453,448
Zfr2,127,180,141,503,405,563
Ccdc38,253,308,268,450,481,269
Prmt6,310,290,405,282,300,326
Axin2,316,248,250,347,295,361
Zfp27,315,315,353,426,272,347
Ngly1,260,310,282,288,333,415
Smarca2,273,263,275,503,269,301
Dalrd3,405,293,253,366,283,283
Mbip,293,353,314,250,265,322
Snx21,229,313,277,285,439,296
Dbp,173,119,157,536,438,485
Myh13,323,225,259,390,313,388
Stradb,233,232,198,355,339,342
Lrrc20,311,273,392,440,389,379
Homer2,270,324,298,406,327,239
Ebf4,196,221,248,530,498,367
Zfp383,364,410,280,259,298,345
Tgfb1i1,331,305,245,338,393,444
Sox5,310,353,374,509,243,260
Gm10767,315,253,402,244,497,355
Klf9,209,247,256,388,290,329
Wdr60,359,406,345,340,277,327
Ntrk1,286,206,284,443,365,229
3830406C13Rik,330,344,211,345,440,502
Shank2,390,300,247,277,334,418
Slc5a6,410,391,262,241,165,351
Dexi,370,305,366,406,327,400
Dnajb4,247,246,210,403,364,281
Chmp2b,395,265,304,298,225,354
Twist1,344,269,229,388,281,354
Hfe,224,163,170,551,500,330
Actl6b,319,348,267,318,304,393
Cdc14a,369,285,306,264,236,255
Tepsin,422,292,350,310,380,463
Nagpa,343,286,357,265,227,201
Ccl25,321,294,329,499,261,502
Slc7a4,223,183,190,495,494,304
Tshz2,189,260,175,411,357,417
Lsm10,221,374,251,474,275,361
Shank3,242,244,222,381,493,430
A130010J15Rik,287,242,319,303,329,353
Pex26,326,303,359,349,416,297
Hmx2,429,400,363,211,224,203
6330549D23Rik,284,320,337,207,236,333
Skap2,337,263,312,343,271,287
Coa4,363,314,310,283,326,344
Sp9,279,241,244,289,294,330
Chpt1,318,328,294,312,416,276
Alkbh7,281,323,388,370,313,323
Sirt3,335,186,358,355,301,264
Harbi1,359,281,264,363,353,523
Tbc1d25,258,469,308,240,419,330
A830019P07Rik,293,239,274,350,407,334
Mmp28,153,117,114,513,576,554
Dtwd1,313,402,462,348,240,269
Cenpj,354,301,292,310,259,340
Xylt2,236,283,292,416,444,300
Zfp111,317,377,443,258,343,301
Slfn3,401,352,360,212,197,223
Rnf182,248,217,185,352,414,532
N6amt1,350,295,308,313,311,269
Parp3,309,239,272,297,357,367
Elfn1,260,279,301,369,256,285
Klhl8,198,208,238,445,352,338
Tmem177,505,353,419,259,237,250
Lactb,393,281,359,318,318,328
Gm45871,234,287,276,304,388,386
Tspan33,471,322,380,308,278,350
Zfp526,352,278,351,332,256,379
Gmds,370,380,402,304,254,232
Nectin3,418,211,256,316,308,388
Trnp1,69,76,95,491,509,610
4931440F15Rik,207,287,240,289,325,416
Zfp239,394,474,482,218,303,280
Arhgef39,373,355,372,244,223,212
Tcta,186,230,201,409,310,432
Zfp952,344,207,321,349,473,290
Fuom,376,350,373,242,307,260
Rwdd2b,251,322,291,410,367,360
Leng1,273,335,369,254,343,234
Ptar1,421,317,306,292,356,302
Rapgefl1,336,339,200,354,487,466
Acpp,286,342,346,225,266,297
Rmi2,478,588,573,171,170,152
Fbxo46,272,240,287,294,314,221
Zfp931,235,362,388,355,374,401
Gtf2ird2,300,385,250,321,240,347
Fndc10,194,368,184,378,326,395
Cmc1,274,293,312,324,373,262
Zfp40,346,195,243,316,359,469
Fndc5,293,306,188,567,230,389
Zfp825,342,262,306,306,305,284
Pbx4,322,239,410,305,356,313
Tctn3,317,267,306,498,337,324
Cda,288,206,188,315,380,314
Ppm1m,283,392,302,314,426,330
Plvap,206,225,188,613,413,370
Ap1g2,367,352,220,331,277,267
Fam131a,183,239,171,448,363,385
Proser3,275,276,241,348,299,379
Dhtkd1,380,344,279,239,399,406
Akr1c12,425,396,293,344,464,253
Bhlhe41,127,192,142,594,508,523
Tpm2,279,329,345,305,301,317
Tmem151a,246,211,236,344,440,457
Med18,382,308,359,286,296,307
Ift88,246,256,232,442,351,355
Reck,326,292,295,342,288,228
Sema4g,107,100,99,459,458,475
Slain1,281,218,499,360,329,353
Vwa5b2,507,280,280,277,274,337
Rasl10b,309,233,254,278,372,458
Cenpl,455,353,439,249,281,172
Slc25a53,352,263,332,282,408,303
Plekhh1,541,338,221,216,302,332
Zfa-ps,399,277,312,306,323,294
Arfip1,287,350,246,290,356,305
Bcas3,269,210,293,373,300,276
Borcs6,272,276,202,401,312,375
St6galnac3,175,159,135,394,387,558
Lrrc61,260,301,207,383,265,351
Macrod1,193,207,252,468,526,612
Ksr1,271,341,320,394,299,342
Atg10,263,246,338,280,306,429
Hdhd5,371,254,283,257,242,311
2610020H08Rik,247,259,342,342,385,280
Afg1l,282,233,203,514,280,496
Acta2,327,388,309,301,290,250
Ndufaf8,350,373,400,291,261,325
Psmb8,157,265,284,276,463,479
Mtfmt,396,237,284,398,251,319
Setdb2,273,441,311,256,233,221
Zfp39,279,365,293,254,213,271
1500009L16Rik,448,361,294,235,176,233
Mpg,251,179,203,306,314,524
Tcp11l2,185,172,181,397,409,498
Gstm4,153,220,240,386,478,418
Gpatch3,325,455,426,287,237,263
Nlrp4e,328,325,419,414,405,345
Armcx5,348,303,300,307,255,270
Sec22a,258,353,303,289,479,315
Nhs,275,342,186,364,384,294
Rusc1,261,255,263,326,449,401
Dhrs13,261,324,448,261,404,285
Srr,182,256,232,331,480,422
Pgap3,384,238,352,303,420,385
Zfp433,248,306,330,215,260,306
Runx3,459,340,426,240,225,206
Dusp19,273,227,328,295,353,299
Copz2,327,272,203,420,240,395
Plaur,349,467,356,169,160,168
Fah,176,219,204,418,391,329
Nfkbiz,204,217,168,326,409,281
Acot13,259,324,334,323,403,282
Zkscan6,307,279,252,288,234,290
2010111I01Rik,387,340,418,181,216,172
Ccdc51,308,277,269,302,217,454
Dusp2,466,531,589,107,108,112
Arl10,321,252,295,277,295,318
Dzip1l,429,600,293,158,175,145
Il10rb,213,333,218,282,448,307
Fam222a,310,317,267,233,224,222
Eogt,339,460,373,213,306,265
Pcdhb17,139,181,172,390,453,416
1700123O20Rik,376,391,211,285,276,247
Lin52,388,347,392,174,260,283
Zfp493,305,299,320,348,279,305
S1pr2,276,301,319,263,367,349
Adam22,249,265,293,320,298,310
Nek3,330,334,534,418,295,320
Slc22a23,151,269,191,706,529,294
Ccdc157,304,289,262,218,420,326
Gpank1,335,344,358,235,244,246
Wdpcp,284,265,302,269,278,256
Pcdhb20,209,197,166,325,283,388
Tspan14,212,277,239,353,322,332
Zdhhc15,321,247,248,278,249,261
Rbpms,205,234,341,353,403,228
R74862,176,180,176,403,340,352
Smim12,364,292,388,351,269,301
Ccdc82,285,373,283,288,332,270
Nxf7,157,240,175,377,384,427
Sctr,675,538,532,21,19,17
St6galnac5,247,237,376,324,279,338
Abtb2,106,149,201,455,546,623
Rassf7,282,284,377,291,323,300
Rgs5,271,296,265,364,383,383
Hyls1,343,306,339,275,273,250
Zfp976,383,278,249,322,254,384
Hivep3,271,255,319,242,316,393
Zfp966,319,235,291,303,306,281
Fam117a,134,191,145,443,494,404
Acot8,313,341,295,220,317,286
Trmt12,371,218,317,306,320,397
Hdac10,346,254,332,281,296,188
Fam212b,111,135,134,350,400,662
Gli3,244,295,514,342,176,237
Glmn,269,283,321,318,333,276
Zfp74,196,205,282,424,276,361
Zfp575,290,265,285,320,422,398
4930430F08Rik,265,262,330,295,308,242
Dbh,611,513,556,12,9,12
Trit1,242,237,256,283,301,389
Atg4c,389,383,254,298,285,250
Abhd14b,224,429,232,342,319,342
Zc3h8,336,339,370,337,279,218
Prr7,562,393,276,170,277,231
Lrrc75a,300,317,281,283,234,353
B3gntl1,247,286,245,364,359,323
Bcdin3d,322,282,247,283,268,231
Atp5sl,345,270,325,231,254,253
Nrxn1,193,188,169,538,383,300
Rtn4rl2,180,205,299,441,371,296
Mettl21a,247,205,201,403,360,302
Snrnp35,203,332,266,302,336,321
Ftsj1,465,259,336,254,297,269
AU022252,270,350,299,300,247,318
Ntm,198,204,236,420,520,341
Tmub1,262,238,293,416,288,267
Fgfrl1,416,476,301,161,145,162
Ube2ql1,126,153,150,533,292,352
Ramp2,436,332,287,237,232,273
Aox1,230,215,322,359,347,378
Adcy9,156,231,160,359,316,304
Wdsub1,329,287,215,346,360,273
Prr36,304,198,276,357,336,316
Stac2,370,330,248,372,262,361
Dnajc24,346,368,224,244,317,273
1500015O10Rik,73,92,109,530,530,684
Six1,296,219,286,394,286,201
Lfng,515,432,329,262,230,241
2010315B03Rik,245,266,176,275,373,452
Ufsp1,187,128,134,576,483,405
Acad8,271,225,267,328,362,235
Gla,313,230,228,367,268,301
Arhgef17,177,149,169,387,355,406
Hint3,164,265,182,262,277,373
Rassf4,208,339,263,304,276,257
Nsun6,279,355,276,277,296,272
Ccdc85b,285,249,317,219,314,389
Mettl26,337,352,298,254,424,303
Ntng2,49,51,62,500,450,488
Aif1l,324,273,258,244,240,276
Arhgap32,292,217,261,349,262,236
Mad2l1bp,322,374,297,189,228,354
Cpxm1,233,157,210,348,358,329
Pcgf5,347,391,288,226,349,224
Cenpi,375,555,540,225,166,207
Lgals9,237,226,201,457,343,379
Ptger4,245,228,245,411,306,324
Psmc3ip,435,335,291,189,229,191
Arrdc2,209,201,209,522,383,314
B3galt6,393,311,428,296,350,237
Hic2,262,311,273,477,505,343
Prodh,353,293,281,193,205,300
BC005561,238,255,320,254,256,262
Ccdc84,264,249,259,284,299,332
Gm15091,233,274,247,318,359,303
Srcap,314,368,249,180,285,208
1600014C10Rik,215,205,212,336,398,402
Odf2l,255,296,403,171,223,217
Foxc1,226,229,224,303,337,462
Elac1,228,162,227,369,373,278
Zfp973,307,252,297,229,326,308
Zbtb8a,396,322,370,247,173,278
Pnck,221,182,207,306,362,365
Lyrm2,194,285,225,260,273,243
Clybl,192,197,189,414,312,347
Zfp11,214,268,346,224,220,221
Tomm40l,233,348,270,329,359,204
Ppp3cc,290,204,288,253,291,270
Nr6a1,242,234,161,378,248,463
Gtpbp6,248,264,243,265,239,252
Steap1,85,114,78,474,485,372
Hps6,249,219,174,259,339,283
Adgrb1,181,272,357,292,292,342
Ap5s1,290,294,257,280,362,275
Hist1h2ac,363,466,553,176,222,197
Rgs2,325,306,253,322,213,440
Aplf,286,264,280,298,228,222
Metrn,353,289,369,278,359,258
AI429214,207,192,258,261,320,348
Fhl1,323,316,383,358,275,348
Syne3,284,426,386,260,207,261
Zfp248,308,254,257,219,230,332
Fastkd5,294,329,342,330,209,266
Aldh4a1,196,282,215,337,259,277
Rilpl2,250,264,209,319,360,380
C87436,343,305,290,231,307,247
Efna3,113,78,125,435,720,472
Fam185a,377,249,233,276,210,294
Spata7,296,301,301,326,242,307
Uros,177,218,353,354,294,351
Lipt2,267,299,291,316,336,281
Wnk3,183,269,242,327,305,223
Per3,184,195,224,359,285,336
Mtfp1,405,412,324,165,202,197
Dnajc25,258,286,374,209,225,304
Atcay,274,426,372,261,212,186
Gm20300,191,171,181,401,558,396
Cpt1c,199,247,189,309,379,457
Ercc1,399,269,250,256,203,275
Zfp661,291,285,263,377,255,276
Gss,330,281,241,289,252,245
Tmem260,282,274,198,381,274,278
Tmem170,252,228,281,361,215,396
Zfp637,275,245,255,290,244,250
Cacna1g,191,291,244,265,274,259
Gpn2,328,357,369,238,234,224
Serinc2,279,228,179,308,272,195
Atf3,175,130,134,472,408,449
Fer1l5,228,182,193,312,369,288
Bbs9,261,280,258,247,399,258
AA465934,313,379,337,194,229,188
Timm10b,224,351,341,236,371,213
Sergef,288,328,342,230,291,367
Zranb3,355,355,245,209,284,219
Wdr53,184,298,274,302,293,282
Gin1,208,269,290,249,260,236
Slc38a6,285,207,208,318,342,359
Fam118b,237,409,419,256,244,236
Dbndd1,181,172,198,406,467,424
2810006K23Rik,242,384,214,167,239,156
Gm8096,303,198,278,271,223,280
Scnm1,305,241,295,200,296,333
Myh8,243,203,188,422,281,321
Bend6,216,193,240,298,494,279
H2-Q4,196,168,223,447,364,365
Sparcl1,86,61,103,414,574,406
Prorsd1,397,280,223,240,265,259
Mfsd2a,361,197,275,211,297,365
Ttc30b,177,178,170,248,288,443
Cenpp,306,377,305,248,193,203
Fam167a,276,233,250,193,284,288
Igfbp6,104,106,83,407,445,346
Fdx1,265,222,260,260,296,324
Inpp5k,165,171,136,357,413,276
Tcf7,380,349,398,260,258,219
Nudt10,267,285,296,204,284,274
Gtdc1,259,259,157,307,231,262
6330408A02Rik,274,238,231,240,298,314
Gins3,421,487,388,176,147,166
Garem1,241,313,466,238,245,243
Parp9,296,197,205,280,315,289
Ifi35,249,293,297,387,250,236
Oscp1,326,277,434,247,385,254
Rnaseh2c,392,489,352,183,210,140
Tmem110,347,328,226,250,265,302
Apon,290,246,199,268,303,280
Dnajc17,288,252,197,289,224,290
H2-Q10,187,166,196,356,288,372
Ispd,190,220,258,268,255,244
Ndufaf6,296,268,244,230,222,258
Polm,241,319,327,200,355,246
Dffb,282,305,262,200,182,273
Nudt16l1,421,267,275,272,300,295
Ankrd24,163,243,266,317,332,260
Nudt18,211,196,241,288,307,427
Lrrc27,205,131,180,490,496,434
N4bp3,317,203,290,326,270,311
Myo10,322,327,268,248,291,270
Mkrn3,187,222,288,350,254,242
Gpld1,220,344,311,222,311,314
Syn3,183,227,136,401,236,303
Zfp964,204,224,232,314,452,322
Gnb1l,424,353,308,164,205,235
Cyb5r2,146,131,131,489,415,461
Ccdc30,191,179,237,255,312,357
Zbtb49,283,263,265,292,318,239
B630019K06Rik,205,213,224,312,307,257
4632415L05Rik,234,295,277,365,231,292
Micall2,136,149,127,449,255,366
Cyb5d1,305,356,273,239,259,236
Tmem62,263,291,268,143,212,242
Efcab2,272,287,212,224,216,309
Dppa2,240,425,319,354,232,186
Lhpp,235,232,254,259,243,224
Camk2b,218,244,207,282,366,478
Pigw,293,250,279,311,294,318
Bbs7,186,227,219,395,221,277
Kank4os,253,246,284,264,251,185
Pik3c2b,210,231,235,304,263,333
Tcirg1,403,217,313,298,221,286
Orc1,302,247,369,189,141,115
Alkbh6,344,365,249,243,306,360
Zscan2,188,252,212,331,258,431
Guca1a,200,176,211,266,369,345
Itga7,154,115,165,426,393,321
Mtmr7,218,260,196,279,350,374
Zfp971,341,377,401,161,261,263
Ndst2,285,263,302,332,201,377
Tmem63a,174,134,184,414,318,374
Pnmal1,149,159,196,500,283,439
Hdhd3,322,230,187,326,310,349
Cenpx,446,339,396,136,191,244
Slc39a13,289,340,251,191,193,188
Ankle1,327,288,386,236,158,207
Mfsd4a,263,220,251,284,244,345
Cfap45,269,168,216,213,268,337
Pld2,288,281,248,284,367,288
Slc26a10,162,213,187,305,226,294
1810026B05Rik,271,247,245,324,251,271
Prr18,185,153,206,367,258,325
Fbxl8,307,280,278,235,279,325
Ccdc107,348,193,258,295,275,271
Zscan20,234,187,216,352,357,285
Zkscan7,204,130,168,310,286,376
Rab39,252,150,187,323,358,232
Rasl11a,403,354,315,86,111,112
Stard9,210,202,212,312,316,246
Fez2,229,228,171,256,276,408
Gm15127,230,235,145,296,261,400
Eme1,342,355,490,168,156,160
Pcdhac1,242,166,179,317,310,305
Zfp235,272,255,329,287,254,298
Arhgef9,128,137,166,353,341,309
Zfp688,247,246,228,325,385,415
Zscan22,283,238,277,289,211,319
Slc35d1,414,265,214,279,204,234
Zfp970,284,298,228,378,203,219
Snx33,207,180,230,279,218,242
Ephb2,228,161,193,387,291,282
Rhebl1,303,343,302,202,299,226
Hscb,184,171,243,253,222,239
Adprm,243,186,183,250,261,288
Plekha7,268,227,227,261,249,192
Smim11,363,244,233,213,209,219
Trmu,426,265,198,224,189,194
Cox4i2,100,67,97,379,428,343
Zfp182,186,199,216,292,356,315
Zfp808,238,351,329,349,290,215
Zfp689,238,326,331,251,335,278
Anapc15,285,372,353,185,182,183
Socs5,247,237,213,276,412,283
Nudt1,360,303,243,193,197,226
Msra,202,227,332,224,276,214
Armc2,84,81,114,408,409,414
Ube2cbp,220,322,260,233,166,226
Gatm,354,347,235,209,262,172
Nxph4,109,89,125,387,332,344
Begain,190,245,276,314,176,309
Clec18a,193,297,265,190,289,325
Tfpi,299,304,294,176,264,209
Nat14,292,289,226,274,414,313
Matn4,287,218,276,394,244,210
Usp35,161,110,172,331,388,351
Decr2,219,208,246,421,350,332
Ercc2,266,289,179,254,209,247
Fam184b,189,178,232,205,338,247
Oplah,252,183,183,439,269,382
Nckipsd,273,307,314,275,241,154
Aaed1,166,122,221,273,286,356
Rpp40,263,439,196,206,283,210
Zfp53,184,275,238,336,317,272
Diaph2,241,228,309,270,298,286
Pigv,236,154,217,380,252,256
Pqlc2,199,184,208,299,262,299
Vasn,376,554,217,192,203,192
Samd11,246,156,206,322,492,315
Caprin2,298,311,279,267,248,171
Magea2,209,225,276,367,260,278
Mgst3,220,238,217,261,424,289
Neurl3,213,250,268,219,319,296
Pde3a,129,135,153,360,260,214
Acot1,123,150,146,277,487,510
Rccd1,213,211,176,282,174,288
Dedd,235,261,244,280,303,258
Zfp968,273,282,255,241,259,283
Pvr,180,212,184,254,257,217
Sned1,107,97,68,385,431,408
Tlcd1,234,174,207,334,322,372
Zdhhc1,246,192,164,326,298,313
Atat1,180,203,212,296,210,265
Lhx4,116,79,98,389,318,506
Smim26,251,302,261,176,184,277
Srrd,372,157,204,161,236,210
Zfp458,226,132,179,298,340,332
Osbpl3,267,208,377,215,208,180
Otx1,240,331,257,173,336,192
Tmem175,290,237,160,303,356,301
Gas6,141,102,133,397,309,453
Tmem230,219,237,235,315,206,237
Ctns,209,143,254,351,289,341
Sfxn2,324,291,398,188,168,197
Phf19,318,471,410,181,115,145
Eef2kmt,233,268,227,267,366,265
Ehhadh,191,313,146,224,316,313
Apool,219,212,161,250,220,325
Fam69a,254,284,222,267,264,202
Glt1d1,232,277,240,267,199,207
Rpl22l1,239,219,204,297,234,322
Snupn,235,237,188,279,220,298
Katnal2,286,283,204,201,360,261
Cdk10,278,297,278,244,266,273
Trp53i13,274,218,224,304,264,403
1110012L19Rik,236,223,208,206,306,320
Zswim3,281,239,324,281,217,216
Zfp954,209,224,185,311,353,261
Mir684-2,315,241,301,191,263,202
Ago4,148,206,143,348,423,392
Pdk2,142,166,134,402,227,257
Cacng8,257,235,223,311,338,255
P2rx4,144,143,137,419,265,528
Atg4a,253,203,199,230,236,288
Ctla2a,258,259,288,169,191,145
Dnajc4,274,172,247,232,264,217
Fam109a,255,242,238,150,201,201
Pi16,150,163,108,399,329,404
6530402F18Rik,88,94,114,426,360,556
Pfkfb4,222,142,143,239,325,362
Hsd17b11,194,171,191,321,381,326
Atxn7l1,183,276,170,298,284,231
Pyroxd1,180,340,209,223,182,236
Kbtbd4,249,303,308,121,284,233
2700097O09Rik,194,350,266,242,331,210
Spsb2,252,199,210,243,228,303
Dennd4b,313,259,308,293,276,186
Zfp472,202,265,269,187,189,167
Armc7,194,364,290,219,328,194
Myl6b,262,265,259,274,236,293
Gm3417,334,286,314,260,164,215
Rad54b,337,338,311,218,164,220
Alms1-ps2,318,262,314,225,158,257
Usp27x,234,209,205,211,290,238
Orai1,214,126,119,285,257,245
Sorbs1,346,235,373,255,233,326
Sgms2,214,158,207,227,228,232
Pnpla3,108,155,134,300,420,363
D3Ertd751e,192,265,200,234,253,416
Ccdc191,238,239,198,280,227,255
Clip4,185,176,187,225,232,341
Coq8a,154,131,158,397,370,355
Tmem238,243,304,306,244,272,210
Hddc3,203,218,236,322,346,259
Wdr45,221,184,197,289,307,320
Zfp873,230,202,278,271,191,273
Nkiras1,222,281,232,181,236,222
Socs3,169,199,225,259,237,264
Polr3gl,186,213,167,321,291,247
Dyrk2,348,199,258,255,173,289
Phka1,261,246,217,271,279,209
Adamts9,354,208,313,237,249,250
Lnx1,285,271,208,239,191,209
N4bp2l1,72,106,145,252,389,406
Coq8b,203,177,171,395,341,292
Tmco4,196,268,206,223,264,276
Col13a1,126,128,138,387,271,447
Zfp965,205,330,201,197,231,182
Mfsd8,323,251,217,291,336,167
Rhoq,126,186,126,374,315,225
Zfp959,221,259,287,220,229,267
Slc16a2,230,163,177,276,258,249
Il17ra,315,252,187,163,172,167
Zfp273,140,227,187,266,362,303
Ttc39a,180,183,197,288,303,220
Ccdc28b,169,197,188,258,271,288
Swsap1,229,222,208,199,271,287
H2-Q1,193,196,159,208,249,274
Wdcp,232,289,159,203,204,191
Ttc30a1,201,168,163,270,278,333
Mbd4,307,337,154,326,325,233
Gstm5,134,226,141,246,253,266
Nrbp2,161,201,189,238,303,254
Spata6,239,233,264,256,280,265
Eid2b,153,190,243,283,239,376
Rhot2,242,316,235,272,239,231
Sestd1,189,385,251,286,201,219
Pradc1,321,307,285,176,163,184
Rpp38,210,192,244,257,214,204
Rnf113a1,259,223,225,253,386,248
Fkbp14,279,235,194,274,177,295
Lpar4,123,145,144,444,395,514
Pms1,247,211,235,133,212,208
Exo5,231,203,192,239,332,347
Filip1,267,249,244,248,280,254
H2-Q5,145,215,156,240,202,302
Fut10,317,319,186,160,193,206
Nsun4,254,253,231,259,246,256
Mfsd13a,262,276,237,203,240,268
Pyroxd2,102,133,145,304,293,325
1190007I07Rik,288,250,225,242,285,201
Ebpl,284,127,253,357,307,347
Zufsp,262,198,204,192,240,264
Kansl1l,170,180,194,293,264,263
BC024978,253,271,160,222,236,266
Lysmd4,183,186,241,249,253,245
Adgrv1,204,161,234,297,381,237
Mplkip,216,226,279,226,284,282
Cox17,267,237,180,220,287,183
Cela1,220,255,264,341,241,214
Mrgpre,201,173,140,300,324,260
Fam174a,166,164,227,299,250,300
Rps6ka5,192,234,179,347,254,223
Fbxo27,234,185,177,196,284,411
Cnnm2,147,191,157,405,263,262
Zfp28,225,169,186,291,337,232
Ccdc138,215,241,326,224,279,241
Scrt2,138,138,176,278,267,274
Ccdc40,196,170,153,312,266,236
Wnt3,179,162,163,299,320,368
Cyp4f13,133,118,96,276,350,294
Wdr31,305,253,333,172,241,261
Hspa12b,157,138,183,328,216,260
Ccdc126,241,279,230,193,206,232
Fkbp1b,207,175,169,267,410,298
Qpctl,262,281,340,255,269,300
Zfp947,178,305,237,282,255,272
Dcp1b,172,189,209,334,203,257
Rbm41,287,243,265,202,350,193
Nudt22,205,202,235,169,199,150
Dock10,206,169,215,261,308,284
Fancf,208,229,200,203,278,257
Klhdc1,155,155,141,269,313,320
Slc7a8,117,88,71,321,421,390
Ccnj,325,266,295,236,149,162
Zfp950,258,262,223,286,253,261
Pstpip1,125,141,150,335,222,219
Map3k15,220,211,154,175,297,295
Casp8,255,207,292,150,159,270
Tnfrsf23,149,146,139,374,315,332
1810010H24Rik,101,48,81,294,533,309
Radil,163,217,207,280,205,316
Pter,229,216,223,208,288,211
Wdfy4,206,183,205,244,240,246
Pik3cd,173,182,144,413,248,221
B4galnt1,269,143,140,295,240,263
Cited1,181,200,212,217,216,320
Churc1,199,176,142,373,321,219
Rpia,256,260,277,194,226,244
Fam98c,159,254,232,200,197,272
Homez,159,188,245,279,264,284
Myh2,166,190,219,337,259,255
Nr4a1,327,299,309,200,159,173
Ndufa4l2,59,42,43,552,380,333
Itgb3bp,290,309,267,252,219,184
Rpl21,290,396,318,230,207,160
Kdm8,172,271,299,214,229,198
Tmem216,260,226,255,197,245,211
Ficd,160,181,167,248,293,302
Cdh24,177,175,123,307,354,219
Dusp22,253,246,182,232,310,285
Zfp940,333,172,197,225,349,199
Zc3h6,139,128,145,244,356,314
Snhg20,285,213,296,150,208,196
Rpp21,228,252,260,290,158,182
Slc26a11,196,201,170,347,223,281
Spsb4,194,265,272,216,240,217
Nthl1,255,203,264,282,183,213
Ggact,186,197,253,256,217,193
Ppcdc,179,178,146,263,216,298
Slc25a26,196,187,166,183,277,246
Hdac8,176,259,249,321,275,268
Btd,229,157,242,267,269,219
Pgap2,146,178,145,237,307,251
Prickle1,230,223,214,261,256,306
Mtmr10,206,245,237,198,196,250
Sspo,108,69,83,542,462,368
Tex9,244,248,225,116,136,254
Zfp438,229,177,218,284,250,343
Zfand1,271,165,159,226,234,323
Tram2,140,207,175,233,281,230
Adcy3,185,223,265,165,352,290
Zdhhc16,223,211,229,227,211,233
Mboat1,321,277,313,185,145,160
Ptprr,281,345,316,107,146,112
Frs3,159,133,172,319,323,286
Zfp189,169,218,254,262,327,336
Fchsd1,209,188,194,213,297,274
2810468N07Rik,129,144,190,347,321,293
Gipc2,243,224,184,229,266,309
Slc38a11,31,66,57,392,337,360
Arhgef15,93,122,83,385,326,270
Rnft2,181,93,124,246,385,385
Stambpl1,230,253,187,226,303,190
Ccdc66,199,277,169,240,317,223
Alyref2,398,215,292,139,181,187
Ada,379,302,307,178,145,98
Mmgt2,266,232,230,256,263,198
Atxn1,128,89,105,261,398,294
Mterf4,225,228,206,317,184,271
Adamts10,272,278,355,185,193,158
Prrt3,178,275,264,181,223,182
Tmem17,257,297,180,177,222,219
Zmym1,270,228,309,182,143,124
Smyd4,311,288,248,191,199,134
E130307A14Rik,229,268,157,272,244,264
Zfp119b,181,134,172,249,289,253
Zfp809,214,220,241,192,186,179
Crem,229,247,148,218,221,270
Ptger3,98,75,102,336,315,449
Cdc42ep2,86,66,104,383,309,388
Zfp449,181,192,198,271,260,255
Zfp764,261,236,260,172,171,239
Nemp2,240,192,272,197,227,182
Ankrd39,282,234,173,175,217,195
Camkk1,245,272,238,209,254,201
Sertad1,192,266,245,271,226,247
Zscan12,163,239,250,211,209,159
Atp5s,226,153,177,320,272,265
Dock3,226,224,232,146,179,160
Gm5071,217,151,258,210,229,223
Tatdn3,197,169,227,276,185,221
Clmp,139,188,250,208,259,250
Proser2,343,399,264,67,69,55
Tsku,95,150,152,274,304,219
Osgepl1,196,207,198,213,243,224
3110040N11Rik,180,147,219,199,202,257
Ddx59,291,162,206,446,268,215
Tcf7l2,267,196,215,143,282,176
Gm15663,180,165,192,259,287,204
Zfp36,260,223,197,156,177,198
Tigd2,213,271,151,254,257,211
Cyfip2,117,158,109,298,252,376
Cox11,235,200,250,196,199,162
Bend5,245,228,295,159,168,153
Col11a2,328,184,252,227,263,263
Lpar6,202,176,154,215,186,171
Arhgap22,216,277,290,121,158,138
Wdr25,245,144,254,206,206,314
Mapk1ip1,248,187,152,274,254,318
Fbxo41,81,107,121,419,313,323
Angptl6,172,100,116,397,323,383
Slc25a42,131,132,119,203,312,425
Naif1,263,233,198,196,128,209
Prdx6b,212,217,235,146,188,128
Bphl,134,97,122,371,321,255
Klhl28,136,171,166,237,279,218
Dpm3,175,210,199,312,245,187
Cd74,21,24,42,388,353,317
Nradd,248,131,197,193,286,227
Mgat4a,195,291,213,222,158,228
Fbxw4,140,106,128,182,279,373
Glrb,147,131,142,351,283,357
Ctnnd2,188,183,142,253,168,183
Folr1,217,286,173,207,166,212
Cisd3,205,156,159,166,222,265
Prrxl1,142,185,148,214,216,301
Dtd2,250,154,264,171,172,159
Rai2,139,159,115,194,278,235
Cgnl1,201,218,179,176,170,179
Srd5a3,151,125,213,257,170,211
Ocel1,191,221,202,158,188,220
Cyp26b1,320,302,302,89,143,177
Oprl1,233,132,194,305,274,248
Arid5a,194,154,171,264,332,215
Itpkc,217,200,183,200,267,227
Cklf,292,262,201,184,155,122
Fbxo17,196,145,151,172,218,322
Mgll,301,209,203,174,209,172
Borcs5,221,178,217,219,234,190
Hoxc10,215,200,316,288,262,192
Colgalt2,91,85,102,355,355,292
Akap6,178,145,157,180,162,257
Gnpda2,261,231,174,282,267,247
8430429K09Rik,171,190,196,173,227,215
Trip10,256,305,194,156,123,165
Sh3bp2,167,212,182,274,207,235
Tspan5,204,147,178,284,340,228
Abcc10,254,128,183,208,268,292
Vkorc1,207,223,187,149,212,190
Zfp85,102,190,168,296,240,213
Cradd,243,263,188,202,163,267
Dpyd,255,239,210,198,172,214
Fancl,154,223,150,223,211,150
Zfp711,196,179,229,212,205,234
Zfp874b,164,142,154,344,185,266
Malt1,137,369,129,206,169,201
Mthfd2l,245,261,203,244,198,249
Nme4,248,176,252,214,199,276
Pecr,238,235,379,164,185,188
Neil1,113,147,115,290,226,298
Asnsd1,179,145,265,199,256,199
Prrt4,17,17,16,382,374,361
Tppp,125,124,134,332,253,385
Myd88,184,293,247,191,144,211
Dclre1c,292,292,211,161,199,187
Sgsh,226,194,170,256,199,188
Rhox4a,157,219,193,166,120,191
Bcl11b,227,150,198,323,172,230
Abhd18,129,128,161,302,230,318
Nubpl,155,197,162,277,298,169
Oxsm,169,135,157,243,343,373
Pcdha8,92,123,113,219,294,244
Scn5a,234,200,226,180,147,149
Ero1lb,123,167,176,211,229,235
Zfp983,122,132,175,247,347,226
Acyp2,320,340,286,113,150,203
Fbxl15,269,286,227,205,196,220
Dpm1,178,244,158,199,262,241
Ltk,168,146,153,184,215,145
Zfp967,233,204,175,241,200,248
Epb41l4aos,173,265,219,271,185,207
Tnip2,197,201,213,185,237,285
Zcchc24,53,41,45,307,407,286
Igfbp2,71,95,100,350,378,359
Rhox4a2,268,217,253,194,185,182
Ciart,71,96,88,330,220,367
Cbr3,323,253,318,155,253,157
Cript,145,209,234,283,170,180
LOC102639505,174,186,156,212,185,206
Tfap2b,171,190,180,194,238,235
Tha1,208,148,208,183,206,224
Gpr176,154,131,178,309,240,241
Cfap46,148,155,173,244,254,244
Hist3h2a,148,134,111,291,284,269
Tvp23a,200,175,165,256,195,214
Gata3,227,174,285,161,177,178
Trmt2b,127,220,159,260,165,268
Kcnd1,101,125,162,302,345,310
Rab15,100,171,143,247,255,230
Glrx,198,184,219,168,188,185
Zfp712,134,160,109,200,268,310
Snx16,206,251,165,157,265,217
Cpeb3,175,156,139,193,169,266
2017-03-03 00:00:00,177,105,261,197,235,241
Sv2a,124,101,210,277,223,319
Nedd9,124,135,224,247,231,219
Prss36,124,147,157,208,299,217
Stxbp5l,172,143,115,311,297,269
Sdsl,235,281,211,195,171,121
2310009B15Rik,156,225,188,280,212,204
Rasgrf2,137,139,116,243,267,252
4933416I08Rik,175,203,175,256,227,151
Ly6e,174,123,106,225,425,232
Ankrd42,179,231,243,219,184,254
Ftx,189,193,190,236,179,153
Crnde,246,137,184,215,209,279
Fam188b,160,261,173,193,144,172
Zfp563,153,239,172,289,221,175
Fgd2,189,177,188,262,175,250
Serac1,150,195,190,213,193,183
Ccdc18,329,240,222,148,187,203
BC029722,222,178,186,195,374,206
Kcnq5,185,164,139,209,255,267
Zfp839,118,167,125,315,225,280
Cxx1c,205,153,173,184,265,220
Fam114a1,200,159,190,184,214,168
Grtp1,140,178,145,257,285,197
Mageb2,141,179,116,214,217,236
Airn,61,105,65,298,326,251
Acp6,158,143,145,204,262,289
Gm30948,115,76,107,385,268,282
Zfp934,250,250,193,192,172,193
Fxyd6,244,164,177,150,152,130
Tchp,252,198,208,198,179,217
Pde4a,173,184,185,216,159,274
Vmac,104,153,143,332,342,253
Lhx9,327,260,257,125,162,103
Itprip,260,190,213,156,140,173
Abcb6,198,226,225,135,136,167
Slc22a15,161,185,158,266,244,280
Olfml2b,220,134,132,160,163,227
Fam195a,290,198,232,141,132,112
Map6d1,134,157,107,314,256,306
Rnls,194,216,188,205,155,149
Psrc1,224,171,191,136,165,131
Otp,278,193,255,187,225,206
Atg16l2,222,217,243,173,161,141
Pfkfb2,172,156,202,192,271,303
Idnk,187,157,143,234,229,191
Cdk5r1,152,246,199,258,167,160
Syde1,193,194,202,221,209,179
Metrnl,172,220,135,258,319,153
Cdk20,187,154,114,187,232,162
Snx32,138,121,169,306,279,256
1110032A03Rik,200,172,196,273,284,237
Rsph9,219,119,142,202,214,253
Hint2,150,165,185,205,237,191
Syt2,89,98,122,203,245,266
Frat1,171,147,237,221,207,212
Fbxo4,180,172,110,208,195,209
Zkscan14,146,119,149,334,201,232
Fam35a,171,243,233,169,182,198
Pdgfrb,63,43,60,294,368,296
Krt8,140,143,121,232,260,234
Spef1,137,162,160,213,141,186
Nfia,118,144,155,252,253,243
9130019O22Rik,209,187,281,184,231,179
Slc37a1,255,210,142,146,188,156
Cercam,159,191,144,224,193,177
Pigyl,167,205,214,174,179,163
Gm5535,184,152,170,203,218,199
Tyw3,179,212,179,172,146,205
Tcte2,141,146,106,229,253,251
Pigl,199,166,219,200,173,222
Hdx,218,178,238,220,180,195
Mrnip,188,179,133,237,169,210
Borcs7,152,164,187,292,211,220
Hhatl,45,34,40,355,281,469
Chic1,146,199,154,246,244,201
Naip2,100,84,139,339,253,311
Mon1a,300,278,216,150,144,165
Zfp213,222,170,204,195,141,161
D930016D06Rik,128,173,161,227,260,281
Wdfy2,146,159,123,311,190,295
Gstm7,63,63,97,361,261,341
Atl1,144,182,148,175,215,286
Acacb,96,185,135,159,245,225
Tert,198,166,214,213,217,273
Gm16001,178,152,173,173,171,222
Matn3,246,212,226,117,152,113
Hrh3,231,357,167,100,135,123
Npepl1,180,212,172,193,236,217
Itga2,156,168,168,210,187,184
Cdsn,44,53,51,437,365,301
Mtrf1,174,130,141,183,216,204
Nmnat1,157,188,215,230,207,204
Tmem150a,162,102,209,164,260,211
Elmod3,176,148,199,253,174,209
Ticam1,122,183,187,180,220,213
Iqcc,138,139,113,215,196,190
Tmem38b,207,130,133,214,245,277
Cgref1,160,129,124,213,196,296
Msx1,230,252,266,138,131,112
Hist3h2bb-ps,131,158,162,253,197,200
Tmem200b,310,223,154,121,125,136
Msantd2,195,209,219,182,172,130
Zfp992,129,104,168,298,292,208
Pinx1,205,214,217,157,155,139
Zfp30,137,148,136,198,280,284
Snhg4,255,254,284,153,133,130
Rpain,235,205,160,174,138,139
D1Pas1,166,169,228,146,185,146
Wars2,222,151,198,292,213,176
Lipt1,161,204,175,183,182,276
Zfp94,153,166,173,176,200,238
2310033P09Rik,212,215,213,171,141,142
Mfsd3,136,164,166,250,189,222
Tmem241,141,142,181,180,350,246
Slc46a1,129,144,193,177,184,241
Tpk1,132,96,102,238,247,195
Nmi,167,164,180,217,147,192
Myh1,112,153,149,175,229,212
Nek8,200,202,241,174,187,183
9430038I01Rik,148,204,131,173,193,183
Hebp2,163,119,177,196,226,255
Dgkq,224,219,173,158,126,164
Coro1a,227,197,174,131,136,136
Zfp385c,17,14,13,349,452,341
Spaca6,292,198,221,156,117,91
Prss41,140,146,136,215,226,222
Mab21l1,129,155,158,240,191,201
Zfp846,183,149,165,215,227,156
Rasgrp2,72,194,134,226,231,219
Edil3,170,180,195,160,170,229
Irgm1,165,178,102,207,282,244
Tmco6,137,140,181,202,144,174
Arhgef4,201,260,158,183,195,200
Echdc2,211,123,182,137,203,148
Ifitm3,186,169,165,237,208,281
Rgs9,152,168,192,226,290,225
Zfp128,195,195,148,316,165,165
Tmppe,168,188,232,172,174,155
H2-T23,115,103,100,260,228,296
Nxt2,217,249,252,189,158,108
Pot1b,248,248,278,88,166,117
Snx29,224,145,122,190,256,249
Ttc32,186,184,222,210,184,167
Mettl23,103,139,132,221,190,288
Il1rap,168,151,118,246,239,181
Gm14393,192,111,138,215,208,147
Pank1,183,191,191,182,186,191
Zfp341,237,158,156,167,198,167
Gm5141,276,215,215,145,196,161
Vps37d,117,140,164,166,211,205
Fbxl12,138,124,116,149,167,267
Stx3,159,254,140,189,167,142
Agap2,202,208,179,150,205,151
Kcnq1ot1,213,157,191,149,209,122
Lipo2,205,150,184,185,173,168
Rapgef3,77,85,110,297,212,262
Ldlrad4,204,248,259,123,90,109
Lcmt2,134,217,122,201,186,211
Slc32a1,120,136,160,206,207,200
Trmt10a,142,157,154,145,159,153
Apex2,166,243,214,188,115,114
Sec16b,196,200,156,178,174,176
Brdt,122,111,122,200,195,262
Kctd21,131,114,113,210,286,270
Itgbl1,122,114,108,182,334,279
Fam124a,108,166,93,242,260,288
Lncenc1,89,106,118,239,219,212
Pgam2,145,122,152,146,271,184
Igip,125,165,146,306,201,226
S100a1,111,153,96,269,229,291
Angptl2,168,192,149,171,182,157
Agtr1a,148,171,211,228,179,223
Ikzf4,126,114,113,220,217,186
Mt3,161,201,228,173,89,147
Prkd3,205,174,240,160,181,163
Ppp1r21,137,229,134,197,205,182
Ttc12,179,137,128,146,173,179
Cox16,149,142,205,225,138,130
Filip1l,161,110,90,242,169,226
Sertad3,180,163,143,222,197,170
Usp2,101,82,106,268,218,215
Ubxn11,109,114,139,227,223,242
Abcb1b,208,221,200,88,89,75
D2hgdh,131,108,136,194,216,245
Rfxank,169,159,174,182,173,189
Nfatc2,176,134,89,243,232,215
3830417A13Rik,144,145,153,171,166,161
Xndc1,245,201,231,136,117,244
Retsat,177,190,227,128,189,95
Alpl,105,112,75,286,206,241
Slc26a6,222,188,143,114,164,204
Star,197,158,240,226,170,135
Rhbdf2,119,128,113,211,206,209
Pyurf,147,163,136,201,191,270
Zc3h11a,161,133,163,215,223,160
Tmem38a,141,95,133,309,265,199
Cd1d1,200,139,173,161,189,208
Igsf9,112,152,195,146,207,206
Yap1,160,199,225,151,129,145
AU041133,125,141,139,129,196,233
Eps8,59,65,64,212,202,263
Fbxw17,154,128,167,110,195,127
Htr6,281,209,308,120,102,151
Myo16,273,185,224,149,145,128
Ankrd13d,166,115,91,203,256,284
Mettl25,132,160,152,193,191,154
Tceanc2,135,110,121,220,170,192
Fkbp11,177,184,269,91,124,94
Kcnt1,14,13,16,364,403,280
Nqo1,188,112,135,167,205,167
Mt2,125,111,93,176,239,205
Grin2d,167,174,145,179,244,189
Zfp991,130,120,146,159,144,183
Mrm2,125,163,187,133,178,141
Lrch2,151,185,176,85,117,106
Tubd1,203,162,196,110,105,117
LOC108167848,144,116,143,194,190,166
Hbegf,291,181,244,94,76,86
Creb3l1,90,91,106,275,264,269
Rora,64,57,54,247,287,281
Llgl2,193,149,170,135,116,125
Rnf112,101,82,84,288,299,215
Lbhd1,202,241,119,143,113,135
Letm2,94,130,109,225,222,198
Myh11,214,164,192,152,135,147
Zfp119a,151,137,150,165,221,234
Npr2,82,63,70,193,263,241
Tbx1,77,92,94,245,230,194
Hcn1,116,129,132,257,217,210
4933407K13Rik,121,188,162,201,110,142
Nadsyn1,106,193,117,266,180,130
Wnk4,141,111,160,183,239,229
Gcnt2,210,296,167,105,100,77
Gfra1,73,69,56,271,360,241
Zfp93,183,182,204,202,176,262
Tmod1,201,199,213,100,112,153
Nphp3,197,173,164,162,159,189
Ankdd1b,176,192,218,133,109,169
Hacl1,148,105,148,179,180,239
Irak2,76,100,98,268,200,303
Aldh3b3,125,110,141,163,190,200
Dmpk,148,153,160,226,139,173
9130023H24Rik,137,154,122,142,181,274
Siae,133,134,127,202,213,159
Adap1,83,130,121,146,222,258
Dqx1,272,311,314,63,54,59
Zfp287,150,130,215,167,151,129
Pigh,154,182,195,178,158,175
Trim45,154,121,122,150,177,163
Ppp1r13l,113,121,128,241,205,162
Ttc7,156,153,229,148,180,171
Dact1,71,71,80,192,348,242
Plpp6,125,130,100,223,182,187
Immp2l,107,99,111,223,228,251
Adm,40,33,34,344,258,298
Vwf,82,136,92,211,229,316
Six3os1,165,84,172,169,192,163
Prelid2,68,60,75,226,298,270
Rfx2,167,157,138,153,222,129
Gfpt2,134,133,121,189,250,201
B3glct,162,165,214,158,182,184
Gm8909,110,111,94,197,168,265
Ttc9,117,93,82,221,228,184
Shc3,80,89,95,269,248,295
Accs,147,101,103,258,206,241
Ppp1r3c,69,54,62,283,230,211
1600020E01Rik,155,140,182,148,213,167
Lrrn4cl,160,95,94,252,154,197
Mafb,63,54,97,366,302,197
Fam131b,233,134,167,139,190,110
Prkd2,162,186,97,154,101,209
Vangl1,115,209,154,133,160,162
Zfp667,140,155,117,178,262,183
C1ql1,69,63,56,199,255,311
AI854703,194,127,221,213,139,209
1110034G24Rik,125,112,125,130,127,192
Fev,140,136,99,158,177,203
Zfp772,144,164,136,195,197,151
4930522L14Rik,113,155,193,125,114,103
Hist1h1e,150,133,159,153,216,187
Gm20939,110,73,126,243,118,207
Acox3,163,130,116,129,220,288
Mreg,211,123,147,141,147,139
Gm5113,151,142,121,236,222,145
Fer1l6,12,17,18,345,281,249
Gadd45a,82,79,84,175,278,363
Gemin7,178,193,220,121,116,132
Zfp600,157,178,115,130,162,191
Gcfc2,179,124,256,135,118,112
Casp6,111,103,171,151,160,134
1700024F13Rik,205,279,248,90,121,81
Tfap2a,123,156,140,131,110,174
Mxd1,169,105,138,220,127,197
1810032O08Rik,138,148,148,89,159,158
Cnih2,120,134,162,127,205,201
Zfp607b,144,173,144,176,158,173
Wnt9a,48,56,53,191,194,253
Kdelr3,134,144,141,198,167,200
Lrrc28,143,114,123,156,180,178
Ece1,38,53,47,311,288,229
Slc16a10,141,158,141,161,159,116
Anxa11,166,120,113,181,232,226
Them4,128,92,185,182,239,198
Evpl,27,34,35,291,271,339
Frem1,70,87,95,169,226,228
Zfp949,143,187,112,138,166,191
Trpm5,20,32,25,320,358,241
Acer2,137,125,123,209,157,258
B3gnt9,104,96,119,204,226,183
Shbg,165,124,160,128,222,151
Inafm1,149,166,234,140,136,109
Dact2,151,134,103,177,144,153
Ptafr,127,163,151,171,105,187
Prx,195,191,244,99,179,116
Zfp953,131,166,111,195,136,143
Tuft1,179,108,153,128,165,164
Jrkl,121,149,123,160,185,183
Pmepa1,208,207,233,60,88,98
Fut11,159,110,123,175,133,137
Aste1,184,185,172,171,159,118
Mageb1,123,124,87,178,191,152
Gdf7,148,150,137,143,149,189
Cilp,4,6,5,275,346,207
Hcrtr1,171,249,176,98,110,76
Acot11,69,118,104,244,196,240
Zfp781,184,146,153,174,165,191
Cdkn3,165,228,230,122,100,134
Lingo3,89,60,103,263,278,128
Sri,144,218,130,107,138,140
Arid3b,176,153,150,139,106,156
Adamtsl2,411,357,277,18,16,17
Cyp2u1,111,125,121,164,144,198
D17H6S53E,167,165,178,204,145,136
Lyn,201,219,222,104,169,129
Ptpre,98,92,98,157,142,208
Cenpo,211,173,210,107,108,137
Gas2,109,81,118,195,151,149
Cd40,128,121,101,254,239,206
Zfp939,145,134,176,167,105,188
Mterf1a,105,120,154,202,202,142
Rhov,133,123,117,212,188,227
Grcc10,158,143,181,161,112,205
Cks1brt,241,202,197,74,104,93
Tmem218,103,95,129,189,138,163
Hoxc6,168,180,186,102,120,93
Zfp3,126,131,168,181,175,180
Ap5b1,136,144,157,196,257,181
Cdkl3,189,134,149,154,158,143
Gm2381,106,120,150,197,120,140
Zfp831,83,79,103,223,242,211
Clcf1,113,161,129,231,159,230
Tfr2,127,90,110,169,159,143
Tmem266,115,146,102,178,170,147
Bambi,195,237,241,82,57,61
Rab13,153,109,163,162,157,171
Rrad,119,160,151,119,113,100
Pcdhgb2,102,179,119,206,197,188
Chst13,54,58,65,234,229,248
Icosl,163,146,183,138,142,166
Gm6524,156,142,143,117,110,158
Lats2,120,135,151,154,134,124
Zfp658,263,287,184,132,142,109
Fan1,181,158,158,155,155,137
Ttc30a2,136,77,133,146,206,141
Plcl1,94,137,132,172,138,165
Ccdc88c,63,102,86,260,234,145
Bvht,110,106,162,213,201,170
Eno4,190,177,164,84,91,98
Ets1,200,130,91,160,157,127
Prelid3a,176,188,158,202,157,158
Mif4gd,126,125,157,185,135,219
Lhx6,146,101,102,159,169,179
Smim8,160,151,118,197,140,167
Tmem120b,155,137,184,136,133,230
A930004D18Rik,160,106,153,163,208,184
Tph2,196,179,166,94,115,95
Zfp956,133,173,134,160,133,138
Chst10,130,165,179,142,137,134
Irak4,148,141,193,165,117,134
Rida,178,191,219,157,133,145
Dll1,60,99,79,208,161,233
Gk,131,131,190,99,101,141
Tmem86a,158,115,123,130,174,190
Fahd1,69,96,110,193,244,220
Cdk15,107,73,49,197,205,234
4930550C14Rik,129,144,99,161,154,150
Rhox4e,187,160,202,96,136,123
Hexim2,188,135,142,154,164,172
Fcgrt,70,99,81,195,164,210
Hoxc4,121,116,179,130,162,133
Nat6,186,83,120,153,183,185
Wbscr27,65,72,62,191,196,181
5031425E22Rik,127,163,113,117,152,156
Cox6a2,29,29,27,360,211,340
Hyi,137,104,149,166,204,152
Tpcn2,220,189,158,129,108,93
Rab2b,132,122,186,221,184,200
Hspbap1,147,123,176,125,111,146
Lysmd1,119,111,148,193,201,144
Ppm1k,109,117,103,266,174,269
Adcy7,140,116,88,209,234,307
Cutc,141,156,165,140,136,139
Dlgap1,173,112,102,139,175,135
Zfp935,101,131,145,159,216,189
Mir692-1,198,232,212,130,113,124
Gpt,234,159,166,208,89,110
Fkbpl,176,127,120,126,119,117
Slc1a7,61,72,51,224,273,192
Wdr78,95,114,126,218,119,140
Tmem29,123,113,121,131,238,159
Napepld,107,102,66,222,141,140
Gm35315,123,147,90,215,219,136
Zfp874a,117,130,147,151,110,155
Trpt1,107,195,151,155,216,134
Magea1,122,156,118,169,188,117
Rex2,135,129,114,126,153,141
Eci3,127,131,102,163,242,131
Rsl1,98,113,194,137,132,174
Smim4,169,219,146,84,104,120
Ccpg1os,75,100,86,223,220,188
Ovca2,106,112,117,153,120,234
Trim16,203,113,114,172,202,153
Morn1,113,103,102,189,174,173
Sft2d3,125,108,154,175,166,151
Eya1,125,119,141,139,154,95
Podxl2,50,68,56,222,194,172
Mob3a,101,151,128,169,91,130
Phf7,137,140,133,136,136,132
Fosb,240,287,248,29,24,24
Cyb5rl,157,102,128,153,172,150
Zscan18,95,119,160,166,83,184
Xpa,138,171,122,156,142,122
Myh14,97,64,88,248,177,196
Lhfp,65,118,109,188,187,179
6430573F11Rik,150,127,121,145,146,186
Polg2,94,139,86,116,144,130
Zfp980,133,126,122,113,143,134
Sstr2,254,185,203,118,78,79
Exoc3l,123,126,155,182,138,120
Zfp58,116,131,76,122,125,154
Crhr1,50,50,64,297,229,270
Bgn,107,86,98,137,165,213
Kctd11,160,151,139,150,182,128
Stat1,124,120,159,178,177,154
Eda2r,21,21,23,361,202,266
2700099C18Rik,174,157,181,153,110,122
Tstd3,139,111,127,164,133,155
Zfyve21,99,97,109,137,158,130
Ttc38,100,97,104,163,178,175
Pipox,49,51,52,183,237,190
Tmem169,116,83,113,144,232,162
Znrd1as,139,104,84,122,127,152
Map3k14,114,112,123,179,242,197
Dusp28,169,181,139,138,163,151
Mcee,104,114,122,121,137,148
Abhd6,126,172,127,177,118,147
Rbm24,49,55,71,139,142,214
Frk,222,239,234,52,51,53
Magea5,138,130,155,130,186,175
Ube2l6,121,143,137,130,169,120
Rmdn1,91,116,104,103,165,216
Prkg2,232,219,250,36,35,30
Mppe1,138,113,175,130,118,163
Ephb3,127,136,105,130,158,197
Hist1h4i,175,140,201,102,112,81
Abhd15,121,88,101,158,159,202
Zfp810,88,115,106,207,256,177
Emc9,67,99,95,157,133,143
Tctn1,127,133,129,126,171,108
Pars2,107,142,123,121,106,163
Rhox4c,175,154,133,130,148,106
4932443I19Rik,192,139,160,113,140,139
Klhl34,123,131,153,188,151,193
Tmem121,133,119,91,152,132,137
Irf9,108,133,129,115,104,142
Greb1l,55,91,89,152,125,179
Saysd1,107,133,131,108,184,131
Cyb561a3,112,126,103,190,112,146
Chst7,147,231,165,98,77,84
Cfap69,100,138,95,183,132,195
Lifr,113,146,118,165,168,140
Ddt,138,125,134,119,109,181
Zfp52,177,110,123,148,161,120
L3hypdh,138,146,128,136,122,127
1110002L01Rik,107,117,109,170,164,159
2410004I01Rik,178,201,166,80,75,78
Mb21d1,200,168,209,139,76,97
Crebl2,93,132,113,161,149,158
Zcchc18,144,93,128,142,192,126
Gpr3,107,94,100,199,168,174
Rab3b,48,40,47,194,254,152
Dusp15,101,164,103,123,155,147
1700084J12Rik,324,154,167,100,162,118
5730409E04Rik,124,73,106,144,175,161
Aoc2,162,171,178,158,104,85
Slc16a14,76,65,59,260,232,149
Bcl6,131,140,112,194,143,115
Pkd2l2,153,121,122,126,109,161
Sec14l2,151,143,125,185,132,147
Dtwd2,104,156,138,177,151,107
Rhox7a,137,117,94,163,133,162
Igdcc3,69,99,73,213,187,145
Zc4h2,136,122,140,152,111,170
Cyb561d1,125,108,123,185,151,177
Tmem251,112,192,136,87,117,125
Tmeff2,207,128,145,103,95,127
Ppara,67,83,76,277,155,175
Abcd4,124,114,101,151,186,169
Tuba4a,110,123,144,123,98,122
Mpp7,126,139,138,134,121,137
Glcci1,104,83,175,140,142,111
Cntn3,162,126,134,176,159,163
Kcnn1,102,69,91,186,204,130
Myh4,152,105,106,116,164,136
Sdhaf3,122,100,128,182,174,147
Epha10,40,38,37,294,248,186
Tspear,121,114,125,183,83,141
Sfxn5,113,110,137,164,161,120
2010001A14Rik,141,143,127,162,134,142
Fbxo16,110,155,97,152,167,129
Rnf32,87,81,100,159,156,113
Dapk2,95,109,116,134,184,153
1700030J22Rik,89,85,84,131,180,166
Cebpzos,134,97,135,122,178,155
Mapkapk5,129,114,120,107,108,164
Rhox4g,151,130,113,119,151,75
Alkbh2,130,152,189,121,128,120
Zfp169,85,95,119,184,141,134
2310039H08Rik,114,116,129,137,118,92
Fez1,109,122,132,109,155,157
Lsp1,141,130,151,96,90,107
Hykk,92,157,86,113,168,202
Tcea2,154,165,111,154,94,156
Isl2,94,116,94,161,116,120
Cgn,94,102,149,137,130,124
Slc9b2,222,177,247,56,66,55
Grap2,116,108,165,107,111,90
2310015A10Rik,98,86,105,140,139,122
Carmil2,190,81,156,153,122,139
Slc18a2,168,117,134,140,180,142
Rnf8,150,121,165,145,167,148
Lyl1,86,64,95,167,233,182
Gm5434,135,105,124,137,148,130
Ddx58,131,117,115,205,148,134
Aspg,126,121,139,76,116,114
Arsk,113,86,117,114,99,114
Aldh1a3,116,105,132,124,204,91
Rbp4,88,76,82,208,228,130
Mthfsl,148,137,145,125,150,115
Jak3,105,96,109,160,130,139
Morn2,156,122,128,95,97,146
Chchd7,123,139,180,132,77,130
Tnfaip8l1,130,125,98,144,138,144
Lix1,212,207,225,19,19,36
Cbr2,35,31,42,229,254,187
Sh3bp4,122,115,123,153,127,112
Aldh5a1,71,55,88,162,131,129
Spsb3,127,149,128,101,93,119
Itgb4,97,93,73,158,151,166
Tead3,69,83,87,153,170,219
Shroom4,100,124,97,108,137,88
Defb42,132,82,75,195,168,136
Lamb1,76,74,104,183,135,110
Ccdc71l,93,137,149,140,91,113
Ccdc177,18,22,28,146,180,231
Igf2,60,131,121,119,156,154
Zfp691,104,173,147,109,103,146
Col5a3,85,44,73,162,187,227
Gstm6,39,62,43,165,162,202
Lhfpl5,85,83,76,155,157,176
Nfatc4,78,121,134,161,101,158
Cebpd,148,124,121,159,126,139
Mttp,93,84,110,152,137,108
Ryr1,164,180,133,90,104,93
Megf11,64,51,57,269,201,168
Sh3d19,173,165,94,91,144,113
Ppp1r3b,46,40,44,235,146,206
1700001O22Rik,91,79,110,155,153,135
Scn1a,82,101,129,159,145,114
Mnd1,114,138,99,113,88,73
Zfp619,87,108,97,123,144,90
H2-T22,119,69,76,192,143,174
Mdga2,105,153,119,126,107,129
2810013P06Rik,120,115,158,132,125,124
Calcrl,65,62,77,130,211,156
Celf5,149,77,81,171,131,126
Cfap61,104,127,107,128,116,84
Trpm4,121,95,126,103,143,155
2310040G24Rik,103,118,111,179,169,117
Got1l1,53,73,43,166,173,200
Stx11,95,120,152,116,100,133
Prickle3,114,84,108,152,175,111
Lhx3,80,113,108,143,148,147
Tshz1,68,90,76,201,145,200
Akip1,134,135,139,91,89,144
Ccr10,92,102,109,155,105,209
Pros1,175,134,153,143,144,95
Rgs10,96,108,133,145,160,113
Dusp26,37,36,43,218,168,185
Lrrc56,102,66,112,109,131,194
Ecm1,128,145,122,108,111,127
Irx5,114,115,115,136,160,158
Gm42372,57,50,71,175,167,161
Fbxo48,183,132,134,88,102,79
Pcdhb22,69,82,68,156,165,176
Il27ra,113,167,162,84,108,94
Adm2,59,60,68,142,171,251
Slc9a7,89,66,63,145,117,238
Ctdspl,99,117,118,126,125,93
Rgs9bp,78,89,128,134,159,172
Clmn,70,62,53,171,139,136
Glb1l,101,92,106,169,143,136
Vamp8,97,94,106,133,150,109
Setd4,128,135,124,98,79,109
Rhox4b,97,105,133,80,113,86
Mterf1b,121,80,101,184,180,153
Gng7,103,86,92,133,213,145
Nrg4,86,101,94,110,203,210
Fam72a,196,230,177,80,64,74
Mok,124,110,163,123,102,117
Zfp90,153,139,115,126,132,117
H2-Q2,64,91,92,118,173,153
Ubxn10,121,111,111,151,125,187
Hspb6,117,157,97,117,121,121
Tll2,24,39,33,184,155,179
Zfyve28,167,122,128,93,110,84
Spats1,79,79,82,137,129,158
Sync,52,81,76,239,160,214
Fbxl7,108,163,100,139,125,161
Slc25a43,73,130,133,149,135,132
Kcnc4,34,46,45,196,188,195
Cdca7l,127,148,116,126,140,79
Adal,104,94,114,125,143,116
Pantr1,159,124,142,87,119,105
Itpr2,84,87,69,116,167,146
Cspg5,54,72,43,160,187,139
Astn2,109,151,132,101,80,124
Mettl18,133,115,116,98,83,91
Cmpk2,77,77,64,190,229,161
Rwdd3,87,87,85,133,116,111
Zfp560,88,112,99,118,118,122
Lockd,162,153,123,98,105,73
Xrcc3,141,157,143,73,88,75
Dleu2,115,126,137,126,117,116
Aldh3b2,135,83,94,144,182,127
Plekhg4,113,138,155,90,90,132
Galm,126,142,99,119,87,110
Sgpp2,67,86,125,90,134,179
Catsper2,101,86,131,86,170,142
Kcnh4,122,70,147,84,178,139
Shank1,108,88,88,178,184,145
Sat1,78,83,87,109,165,133
Ankrd37,82,70,77,155,183,124
Cpm,107,76,76,184,144,220
Taf9b,130,123,133,67,74,134
Zfp354a,181,107,111,91,121,156
Sirt5,99,117,96,125,129,116
Xkr4,47,47,42,186,184,117
P4htm,101,76,109,163,133,141
Svbp,84,121,93,88,113,103
Sycp1,136,117,104,137,137,199
Ybey,130,91,105,94,179,105
Fen1,149,174,114,62,59,75
Endod1,121,108,122,107,120,110
Tcte3,132,129,119,96,144,125
Pkn3,205,103,197,96,65,90
Cyp4f37,104,118,161,118,118,120
Ribc1,96,116,105,76,105,129
Zfp566,89,134,89,102,104,67
Fbxo36,66,62,70,185,168,156
Pcdhb16,50,65,78,142,183,118
Fam132a,92,64,92,122,132,136
Rhox4d,138,126,175,115,76,67
Slc16a13,112,154,125,89,110,72
Ikzf5,107,132,112,122,99,79
Npas3,80,65,61,136,213,116
Tjp3,99,108,106,115,140,163
Pcbd2,106,129,123,109,138,110
Efs,76,56,57,161,125,189
Bdnf,56,55,72,151,85,135
Zfp593,89,87,120,89,155,156
Eva1c,198,110,117,97,104,136
Ttll3,100,105,105,120,113,118
Nudt15,104,145,148,86,51,88
Ypel1,76,69,87,120,148,154
Cep126,108,100,137,104,88,97
Phpt1,76,111,86,126,81,187
Trp53cor1,46,60,39,123,190,148
Thy1,3,2,2,233,206,188
Zfp607a,117,133,108,140,114,92
Pcdhb11,55,48,54,171,205,213
Tirap,99,124,126,87,109,80
Amhr2,48,61,54,118,223,144
Lamc2,84,62,67,166,127,164
Slc16a12,180,143,205,25,26,26
Plekhh2,132,81,97,116,106,102
Gtsf1,99,82,114,113,125,167
Sfxn4,68,93,98,152,124,133
Mycl,20,19,19,225,199,244
Ccdc167,85,118,91,132,101,133
Myof,150,123,193,64,91,69
Angpt2,175,137,148,99,66,85
Rspo1,87,45,70,178,114,183
Tinagl1,116,97,129,143,94,81
Gm10069,147,154,120,72,99,105
Car11,52,48,46,168,175,125
Zfp595,128,153,103,103,85,139
Agtr2,4,7,7,235,167,196
Fhit,85,83,100,137,127,142
Hist1h1d,102,85,72,110,156,124
Ccdc15,139,88,141,88,87,109
Asb16,96,138,83,76,105,123
Morc4,138,140,106,120,107,96
Sirt4,97,148,99,136,118,160
Fam161b,108,153,107,104,76,108
Cdkl1,74,81,73,133,175,113
Plek,74,65,49,130,116,150
G0s2,6,5,7,220,236,216
Cntnap2,78,58,59,141,186,183
Nlrx1,113,84,83,125,131,118
Idua,64,53,55,111,137,225
Gm12060,80,106,79,128,125,104
Fv1,91,124,103,127,99,137
Ptgr1,200,138,116,48,54,40
4930513N10Rik,124,113,134,83,108,78
B3gnt3,105,77,111,114,104,122
Cracr2b,120,130,90,131,125,97
Ttbk1,134,106,105,83,100,66
Rsph1,98,81,101,103,94,125
Ldhb,96,81,115,98,120,67
Synpo2,100,92,95,120,117,103
Lmo3,119,85,113,105,125,87
Dnase1l1,119,132,90,101,97,116
Dand5,73,87,58,112,99,98
Ophn1,97,83,119,126,115,100
Rec114,95,62,79,149,98,172
Rffl,72,77,61,95,150,114
Dhrs11,95,92,90,162,111,135
Gm2016,109,95,117,117,87,96
Pcdh12,57,84,87,166,147,148
Bloc1s3,52,76,86,160,126,180
Grhl1,122,191,173,68,58,92
Rasl11b,141,99,153,56,42,41
BB287469,134,85,138,117,105,75
Gm4027,93,129,100,125,109,77
Zfp14,62,69,55,134,136,110
Zfp72,101,84,131,109,99,107
Bend7,88,72,75,174,124,81
Gm4961,150,148,172,75,78,70
Aamdc,91,71,71,95,155,88
Itpka,63,109,76,106,154,98
2210408I21Rik,102,133,153,102,79,95
Smagp,86,120,71,127,120,104
Zc2hc1c,104,57,81,104,144,147
AI987944,91,98,101,109,130,134
Haus5,134,167,105,75,78,90
Sqrdl,89,90,53,140,148,174
Shd,85,113,75,99,153,145
Gm20604,112,135,162,112,101,81
Jazf1,86,69,56,110,168,106
Ssc4d,72,98,61,126,126,123
Mob3c,121,134,88,122,114,111
9530051G07Rik,107,98,71,105,107,98
Nudt7,82,74,77,140,181,186
Zfp455,79,75,65,119,186,121
Mettl4,91,100,88,145,107,118
9330151L19Rik,83,83,85,103,129,104
Slc7a7,70,80,63,140,129,129
Adat3,90,116,127,79,112,75
Sag,145,103,103,63,58,62
Aox4,82,63,68,104,153,119
Myh7b,19,20,21,186,222,178
Bbs10,63,71,80,130,140,128
Rnf125,112,143,86,98,85,85
Mmaa,81,92,58,126,124,111
Dbx2,74,88,99,116,148,153
Tmem8b,88,62,73,127,156,155
Mylpf,101,142,81,67,80,79
4933417G07Rik,125,102,136,95,95,77
Pxylp1,45,35,41,189,140,148
Vwa1,53,61,56,144,135,117
1190005I06Rik,99,107,134,90,93,86
Mfge8,91,94,105,137,87,91
Pcdhgb4,77,101,95,111,102,97
Tmem42,110,125,87,127,125,121
B230206L02Rik,70,61,70,130,159,127
Lgi1,89,126,111,98,112,73
Zfp653,116,125,132,80,81,74
Ropn1l,58,62,57,148,146,154
Mterf2,116,83,75,98,96,93
Hist1h2bq,113,76,105,97,114,84
Hist1h2br,117,100,105,100,105,134
Prkcz,78,37,69,113,166,139
4933439C10Rik,73,81,77,158,123,115
D130040H23Rik,87,70,76,101,127,76
Adgrd1,39,55,48,156,119,141
Pid1,21,27,24,203,160,194
Cdk6,78,90,93,122,91,91
1700030C10Rik,47,53,54,125,133,161
2210408F21Rik,113,98,129,87,105,71
Emp3,105,114,78,105,88,116
Als2cl,42,37,32,97,149,153
4930520O04Rik,113,84,116,97,96,78
Trim14,74,99,94,160,112,160
Akr1b8,97,115,123,121,100,130
Dnajc12,121,116,100,118,82,74
Myo1e,91,79,78,101,115,108
Tgfb3,93,106,94,98,128,117
Pcsk4,64,69,79,127,132,123
1600002K03Rik,104,135,102,93,99,123
Ctf1,72,58,37,127,131,125
1700037C18Rik,90,86,114,69,100,106
Irs3,65,54,54,160,148,119
Sdhaf1,82,74,68,151,128,86
Fam229b,105,90,78,90,148,123
P4ha3,104,103,115,48,75,68
Ttll11,66,67,61,130,128,146
Calhm2,117,110,108,71,112,102
Pdlim2,94,75,68,113,138,123
Efcab11,107,130,104,91,95,99
Zfand4,141,95,107,86,115,106
Rhox4f,113,115,127,67,58,76
Strip2,102,67,132,100,94,83
Fkbp7,71,87,79,102,115,165
Mamld1,142,106,114,95,84,90
Iqsec3,95,56,88,119,117,112
Ggt5,38,37,31,190,155,117
Zfp979,63,89,58,121,92,102
Ifi213,39,32,30,175,209,104
Slco1a6,72,63,55,80,101,106
Magea8,98,70,91,89,111,81
Rnf26,127,107,139,129,98,71
Osgin1,34,39,44,167,172,154
Asah2,68,62,97,112,126,92
Zfp599,137,166,122,71,102,76
3300002I08Rik,93,89,142,142,93,113
Gm15417,67,72,98,135,127,126
Zfp174,61,55,84,123,114,127
Khk,75,88,116,102,131,82
1600019K03Rik,67,99,77,105,82,134
Enpp3,99,70,66,154,116,120
Epor,93,132,99,79,100,92
Trim65,93,103,152,80,68,92
Cyp3a11,95,96,107,67,106,129
Epha4,58,68,84,150,138,111
Ccdc96,60,100,109,91,68,62
Zfp54,121,57,87,105,99,102
Rad51b,135,127,123,66,88,82
Trmt13,81,70,120,70,102,107
Id4,119,168,124,59,35,55
Hist1h2bg,98,76,118,95,112,111
Gm6578,82,79,120,106,57,97
Slc43a1,97,176,78,71,67,100
Gbx1,84,77,99,89,127,83
Masp1,35,34,28,135,199,155
Aqp5,69,60,70,89,126,104
Styx,105,97,102,78,82,91
Nat8f4,76,84,89,76,113,103
Serpine1,101,152,127,81,76,61
Ap4b1,93,57,105,95,86,86
Porcn,40,53,57,151,141,144
Ttc39c,92,78,62,115,138,115
Tmem158,80,128,116,52,69,73
Lyrm7,82,71,77,118,108,124
Pcdha7,75,71,78,142,114,105
Pcdha3,76,98,69,93,103,123
Plpp7,85,86,82,81,125,123
Tbc1d8,95,110,55,140,90,113
Hoga1,49,48,63,110,146,110
Lhfpl1,23,20,21,160,142,169
Spag1,107,104,108,64,57,59
Th,74,67,75,106,108,66
Col4a1,32,40,50,134,172,125
Pon2,129,83,129,103,83,88
3110009E18Rik,84,100,138,93,94,96
Srsf12,20,16,19,102,175,132
Heg1,65,58,74,90,123,81
D16Ertd472e,117,126,118,63,47,57
Necab3,96,103,82,91,73,100
6720489N17Rik,116,100,132,47,51,76
Cacng5,7,5,5,172,168,157
Six5,83,89,122,120,120,87
Ppp1r1c,74,56,66,123,120,124
Fst,211,175,186,13,19,22
Hif3a,22,32,23,169,149,152
Pin1rt1,138,114,99,94,109,82
Eme2,94,77,94,71,73,88
Siah3,53,59,60,104,154,142
Gpd1,70,83,83,137,108,84
Pcdhb19,52,48,59,147,97,99
Kcnh3,39,50,50,118,100,133
Prrg2,92,88,70,99,122,95
Gm15545,71,86,91,116,89,127
Ggct,86,106,84,86,86,95
Wdr74,115,115,102,101,91,81
Il18bp,97,105,69,83,69,73
Ypel4,65,77,41,110,103,117
2500002B13Rik,96,91,64,101,86,191
Nr4a2,92,83,76,115,89,109
Crlf1,34,33,45,146,187,169
Arhgap4,106,87,71,78,77,63
Pcdhb21,52,81,68,103,96,133
Nrip1,90,70,79,116,86,106
Hgf,104,118,83,88,63,94
Atp6ap1l,66,64,63,114,141,103
Gal3st3,65,44,47,106,94,118
Fam212a,55,84,74,76,117,96
Flt3l,36,33,33,160,142,150
Asap3,69,57,44,82,100,120
Fam217b,52,62,68,137,138,104
Gramd2,78,75,75,132,101,93
Shpk,75,51,34,140,165,141
Tmem119,134,158,119,47,51,51
Trmo,64,99,67,108,116,79
Zfp534,47,55,46,106,117,94
Ccdc163,104,89,71,74,103,86
Gm3716,71,54,34,119,155,168
9230110C19Rik,61,87,60,109,82,79
Kank3,69,71,45,181,94,129
Pde1a,61,65,78,110,127,98
Irgm2,19,19,16,171,168,183
Myo18b,158,157,169,21,30,22
Comtd1,80,79,74,100,101,95
Reps2,27,29,32,169,138,83
Nuggc,109,94,66,118,84,93
Tspan12,110,122,103,66,54,42
Cmtr1,85,103,88,77,98,99
6430571L13Rik,67,47,51,165,110,139
Triqk,44,51,48,143,94,131
Zfp677,79,83,65,128,88,90
Rsg1,137,111,99,66,55,51
Zfp951,73,78,67,109,68,102
1300002E11Rik,92,72,105,70,99,84
5930430L01Rik,86,66,93,88,116,86
Gsta4,88,80,77,103,84,106
Tmem8,77,79,84,109,101,75
Mzf1,93,134,86,69,83,116
Zkscan4,56,83,71,71,111,116
Socs1,90,96,130,106,97,119
Nudt13,82,77,82,81,87,111
Bdkrb2,163,121,137,40,31,38
Fam122a,89,75,80,124,91,75
Zswim7,89,102,101,72,96,53
Fam196b,50,44,64,94,134,121
Grb10,80,109,72,89,96,112
Itga2b,45,59,42,156,137,77
Kcp,55,34,50,98,120,144
Hist2h3c2,56,69,56,123,124,95
Amt,63,85,63,82,111,125
Hist1h2ak,111,140,117,45,55,56
Foxa1,82,101,90,65,94,73
Stk36,65,91,65,97,113,91
Itga4,59,76,79,65,100,83
Rhpn2,71,87,100,77,82,83
Gm8675,85,117,95,53,44,47
Fgfbp3,102,95,75,62,84,97
Nmrk1,66,52,57,77,126,91
Htr3b,160,181,151,15,12,14
Dnajc28,61,60,43,104,132,138
Oxld1,56,65,53,102,107,105
Zfp184,116,102,111,85,69,120
Ldb2,82,91,58,95,104,98
Shroom2,57,44,55,100,91,98
Foxd2os,142,99,129,54,48,56
Lag3,60,66,68,73,94,103
Specc1,76,91,85,83,58,45
Rbm4,89,74,70,74,70,81
Zfp418,89,66,82,60,81,105
Gm807,99,107,73,57,67,72
4933421O10Rik,46,94,76,125,70,126
Fdxacb1,80,68,76,89,71,52
Dusp23,57,77,63,115,101,90
Gp1bb,111,84,64,114,71,88
Dok5,105,99,64,60,85,96
Abcg4,81,101,69,80,94,78
Npas2,33,37,51,115,125,131
Megf10,82,95,79,87,87,79
Ttc25,50,47,58,120,100,104
Slc36a2,113,95,134,52,55,45
Ccdc8,56,56,38,87,99,91
Pcdha1,53,66,52,98,99,121
Zfp870,103,77,115,59,55,74
Cdk18,61,46,54,150,131,96
Hist1h2be,66,79,77,111,117,95
Tnni1,93,75,65,115,105,84
Kbtbd6,86,88,98,116,79,95
Aqp11,68,71,79,95,73,103
Gm11127,44,40,52,135,79,113
Tmem191c,52,62,47,129,107,77
Oma1,95,100,76,83,84,70
Tapbpl,79,71,53,78,87,98
Gt(ROSA)26Sor,117,134,74,103,95,101
Hist1h2bj,90,87,57,82,101,95
9530077C05Rik,58,93,67,90,104,116
Ccdc141,88,60,64,118,106,102
Lrrc51,73,35,86,111,72,96
Chrnb4,76,54,69,120,75,84
Cdh15,103,50,107,72,81,73
Mamdc4,65,82,69,51,69,62
Tmem254a,66,88,62,69,99,84
Tmem254b,65,52,75,89,88,56
Chst14,101,94,71,86,74,86
Papolb,69,81,98,106,81,61
Ccdc189,55,69,67,92,125,127
Yipf2,88,72,64,95,88,91
A330076H08Rik,26,20,21,116,166,113
Cyr61,108,129,109,49,29,40
Camkmt,101,72,62,109,109,67
Prdm11,70,106,118,86,78,95
Msrb2,81,107,74,75,83,84
Ffar4,29,29,39,108,191,134
Unc13c,10,13,8,126,139,120
Gm14204,58,61,86,102,111,93
Ocln,42,55,45,81,110,137
S100a16,6,6,5,202,158,178
2300009A05Rik,56,63,78,105,95,82
Glyctk,70,66,77,113,86,81
Ccdc73,73,71,99,75,84,89
Trip6,104,99,90,75,57,107
Mettl7a2,57,51,51,133,88,88
Neu3,56,54,83,98,72,123
Elmo1,74,81,66,106,122,55
Ankrd9,104,93,68,80,60,84
Cyp3a44,50,81,57,117,80,110
Adgrf4,130,142,117,28,28,30
Magea3,80,88,48,53,124,79
Cep112,61,86,74,86,73,80
Rhod,73,101,77,66,74,62
Endog,106,83,123,47,69,66
Calml4,31,40,41,109,135,105
Hist1h2bh,65,64,69,72,77,83
Kifc2,53,32,26,124,118,105
Slc37a2,70,80,67,80,63,86
E430018J23Rik,56,74,60,75,94,106
Rims1,41,62,68,78,101,80
Tmem254c,56,95,49,105,74,72
Gm7102,65,92,75,60,107,45
Smarcd3,113,91,63,82,78,81
Btbd17,29,24,30,124,154,115
Sp140,62,61,70,64,75,72
LOC102634389,89,64,52,96,87,89
Adcy1,58,51,51,99,111,80
Neat1,65,93,58,52,72,112
Hpse,14,11,11,140,98,182
Rab4b,74,68,69,65,58,100
Mthfs,57,57,57,73,97,114
Ccdc33,23,32,28,72,115,162
Pm20d2,56,49,87,111,98,92
Cxcr4,134,143,133,19,19,19
Gm17768,67,72,63,70,86,96
Pdzd7,23,27,34,139,129,129
Klf8,70,96,64,94,109,84
Iqck,71,86,109,62,76,61
Pcdhgb1,66,62,50,82,102,74
Zbtb42,61,67,64,82,114,56
Hist2h2be,62,75,66,96,77,115
Hist1h2ab,88,163,121,51,46,60
Hist1h3b,109,149,101,40,42,53
Bcar3,42,52,69,103,129,121
Gm3604,50,55,56,91,75,84
Bbs12,82,90,91,80,70,63
Galnt2,86,65,82,70,76,59
2410141K09Rik,65,49,54,87,88,61
2900076A07Rik,73,63,68,84,72,77
Zfp981,49,48,88,91,97,77
Tmem200a,30,34,29,146,106,104
Gng8,50,74,56,61,64,57
Tpmt,59,63,87,87,71,85
Slco2b1,80,69,67,90,75,106
Plp1,89,60,73,79,72,94
Smpd5,56,63,56,106,135,80
Il4,63,67,83,82,83,95
Zfp112,67,56,53,70,110,90
Ldb3,43,43,37,150,96,89
Slc16a8,40,48,61,118,95,78
Hmcn2,36,38,40,104,116,91
Tigd5,80,78,67,110,66,89
Atp7b,55,34,36,123,119,107
Sema7a,65,68,56,73,54,87
Vwa7,29,44,35,129,149,111
Vsig10l,48,35,29,95,90,97
Gnat2,78,134,91,55,67,47
Wdr20rt,68,57,51,63,72,59
Olfm2,53,50,113,76,64,76
Slfn4,86,57,103,70,74,66
Irak3,62,55,89,83,80,64
Zfp583,55,51,76,86,109,89
Olfr784,78,41,49,70,109,80
Rad9b,68,60,62,75,96,91
Etnk2,15,20,15,143,104,105
Hypk,84,66,83,67,94,64
Cpa2,68,91,84,54,43,82
Fa2h,2,2,2,132,137,129
Tmem74b,38,50,33,109,143,132
Spin4,88,90,93,44,41,48
Mr1,34,35,26,105,85,113
Tmem81,77,65,53,65,79,76
Zfp286,62,68,58,105,85,102
2700038G22Rik,85,96,96,45,34,45
Col9a2,31,23,23,109,99,134
Phactr3,89,101,107,56,53,38
Hist1h2ba,92,56,60,83,84,60
Mturn,20,21,26,176,144,99
Agbl3,70,70,55,93,91,87
Fhdc1,26,31,38,92,94,90
Zfp78,72,68,63,86,101,94
Tgm3,31,44,28,135,83,98
Mblac1,56,77,61,83,84,71
2310034O05Rik,85,52,74,58,66,95
Kctd12,87,110,81,47,63,66
Serpini1,55,70,86,94,53,70
Trmt61b,77,69,79,66,65,62
Pcdha5,53,77,93,65,65,75
Pknox2,58,68,87,55,75,70
Panx1,53,43,61,59,100,67
Psmb9,45,55,52,83,99,98
Tmem37,104,113,155,32,34,35
Mtcp1,52,67,64,69,77,90
Plekhg3,63,68,91,70,46,42
Mageb3,53,67,48,115,82,90
Lyrm1,79,61,80,67,84,108
Fam129c,42,64,49,57,71,89
Wdr89,87,63,76,47,46,43
Gm7030,50,39,69,101,147,100
Etfbkmt,75,57,70,74,60,76
Espnl,44,37,50,78,85,114
Crispld2,40,55,42,86,87,116
Loxl3,61,68,50,72,75,56
2900011O08Rik,13,15,14,146,120,160
A830010M20Rik,58,70,48,89,69,89
Rbks,86,70,66,68,67,73
BC065397,60,79,64,57,66,63
Amigo3,109,94,81,58,59,49
Scara5,4,6,6,139,106,137
Fahd2a,40,49,57,74,109,72
Prokr2,66,86,91,43,54,85
Abca17,79,72,50,116,68,82
Opn3,63,79,71,47,64,65
3110062M04Rik,73,75,58,78,48,52
Echdc3,39,46,68,70,94,61
Pxdc1,26,18,20,96,144,138
Smr2,85,81,84,59,52,50
Matn2,43,45,49,124,74,102
Zfp524,39,68,58,79,64,73
Ptgfr,23,19,20,104,128,129
Gm5124,112,100,102,52,38,51
Zbtb3,81,53,48,58,70,71
Tmem106a,53,50,43,103,155,115
Hist1h3h,74,99,77,43,35,35
Rab3il1,51,51,56,83,66,102
Hist1h3i,115,104,81,40,38,36
Tgif2,65,69,70,68,55,61
Ccl28,54,48,33,121,84,70
Peli3,42,52,41,110,60,90
2510002D24Rik,69,89,80,62,84,51
Fam107b,78,73,72,63,68,62
Il15ra,63,83,90,56,73,55
Dock2,203,136,73,10,12,13
Slc2a4rg-ps,72,96,43,57,59,68
Arhgef37,44,61,56,78,140,112
Zfp786,49,50,60,65,71,114
Hist1h3c,95,107,73,44,41,35
Soat2,45,50,54,91,93,82
Gm5128,61,106,85,58,49,58
F630040K05Rik,24,20,34,112,97,87
Rassf6,36,30,37,111,134,122
Flywch2,54,40,64,80,91,66
Mamdc2,5,10,8,140,106,129
Anxa9,43,66,66,54,79,83
Pcdhb18,35,42,40,96,105,93
Akap5,62,68,66,67,40,81
Acy3,67,63,61,87,71,60
6430584L05Rik,27,36,33,99,105,104
1500011B03Rik,63,52,53,62,81,80
Nhej1,76,55,83,66,54,51
Fam124b,30,36,38,92,125,156
Hist1h3f,93,95,93,41,35,34
Dse,71,54,59,82,95,96
Gm7903,86,70,105,61,73,56
Stk32c,57,62,67,98,85,85
Cfap74,86,85,99,30,48,38
Tceal1,59,51,54,55,83,65
Gstm3,37,51,59,82,108,93
Trim13,53,77,44,51,73,113
Hist1h3e,92,78,130,38,32,27
C7,20,18,27,114,93,132
Tdrp,55,40,44,77,76,74
Arhgap20os,85,85,77,42,58,49
BC051226,57,55,41,60,81,79
AA986860,47,59,47,109,75,101
Ddb2,53,44,36,94,81,63
Angptl7,32,30,24,83,80,100
Hist1h4a,96,72,83,41,47,52
Gon7,86,97,70,63,54,57
Hhipl1,66,52,56,74,57,65
Ifitm10,69,60,65,55,48,60
A430046D13Rik,38,46,41,85,67,76
Ppp1r3e,36,47,48,81,72,65
Chrnb1,66,50,39,65,61,77
1700003E16Rik,54,45,54,103,62,79
Hist1h4h,85,108,70,58,47,48
Ptrh1,68,99,86,59,65,52
Serp2,66,58,65,40,61,53
P2ry6,34,21,22,121,110,114
Ggta1,13,13,19,102,126,114
Amz1,45,44,45,88,81,69
Map2k3os,75,60,60,55,49,58
Greb1,58,68,80,42,71,76
Kirrel2,19,25,19,109,96,104
Thumpd2,63,74,76,51,54,48
Gatsl3,59,49,48,53,50,68
Nfkbid,56,43,57,71,56,54
Hist2h2ac,39,24,32,88,78,82
Cfp,45,70,50,86,69,51
Susd4,51,46,49,84,66,103
Zc3h12a,81,63,68,50,71,64
Ppm1j,13,14,11,116,91,116
2500004C02Rik,52,53,65,51,68,65
Cyb5d2,28,51,59,83,70,97
Tnfrsf21,68,51,66,65,57,74
Cerkl,30,29,29,118,91,87
Hist1h4k,71,56,70,43,40,42
Gyg,54,40,34,65,63,108
9030612E09Rik,43,45,40,71,108,68
2810001G20Rik,60,60,68,56,66,82
Zcwpw1,39,36,48,50,75,66
Tmem203,52,47,55,62,44,72
Rtl1,39,49,32,100,90,105
Rab26os,65,70,50,39,62,51
Fam110b,51,49,43,86,73,86
9130221H12Rik,65,71,39,52,48,64
Klhl3,34,47,42,85,108,78
1600029O15Rik,48,39,31,82,60,78
Zfp108,62,54,53,64,77,51
Map7,16,16,20,76,79,99
Foxl1,34,41,28,68,80,92
Gm7233,42,44,50,70,94,112
Hist1h3g,86,113,94,43,25,39
Col4a2,16,23,15,141,91,134
Gm904,65,67,47,48,51,66
Slc18b1,60,73,55,55,62,39
Phex,25,18,16,78,101,78
Nod1,42,55,54,68,83,93
Cartpt,58,82,61,74,51,46
Ptch2,83,55,42,73,67,77
Tmem86b,100,52,47,58,58,69
Zfp987,35,27,35,61,70,79
Tnfsf12,29,36,28,77,119,116
Ddc,33,43,45,65,50,100
Iqcg,73,66,65,88,64,44
Zfp114,63,45,70,57,71,62
Plscr1,72,75,102,45,33,37
Myo7a,14,10,15,113,104,114
Rd3,5,3,4,112,116,121
Svip,29,23,18,83,61,102
Sct,156,93,118,18,13,12
Tmem63c,52,57,49,75,74,77
AW146154,64,47,64,65,62,68
Slc25a45,49,44,39,70,72,104
Tusc1,63,50,62,53,41,88
Ybx2,40,33,39,97,82,92
Jag1,56,55,52,60,68,71
Tnfrsf13c,42,30,32,86,82,89
Tmem141,52,37,34,57,84,89
Hist1h3a,100,81,74,22,20,25
Upp1,91,79,101,54,37,50
Foxr2,48,41,50,80,68,75
Fbln5,22,34,33,92,91,72
4632404H12Rik,77,47,54,45,71,44
2310030G06Rik,60,48,43,51,70,55
Ston1,52,51,70,65,62,83
Cd59a,27,37,28,70,84,92
Il2,55,66,71,101,62,43
BC067074,12,18,17,83,93,79
Dusp14,43,37,36,66,80,59
Med12l,38,40,64,84,63,79
Adssl1,41,35,37,91,70,62
Serpinb8,92,126,99,25,22,19
Tnfsf13b,102,106,88,38,38,41
Srgap1,53,56,63,73,61,42
Rab11fip4,61,50,62,60,52,47
Zfp109,54,41,73,54,51,73
2810408I11Rik,66,65,68,44,44,49
Ccdc187,3,4,5,117,121,108
Tmem71,66,61,73,65,62,61
Col20a1,39,41,36,94,102,64
Olfr1279,58,57,53,57,70,51
Gm527,47,50,44,83,102,55
Ctbs,42,44,56,65,84,77
Hist1h4f,65,87,78,36,39,30
Dnah10,29,29,33,77,78,95
Riiad1,69,64,55,57,56,51
Jpx,44,49,33,53,57,46
Gnal,48,57,53,45,34,52
Spaca9,30,42,26,86,116,66
Rdm1,75,45,39,54,75,57
Tec,41,54,45,54,78,61
Pcdha6,48,36,47,59,63,71
1700109G14Rik,56,55,65,46,45,60
Catsperz,68,63,64,45,74,36
5730508B09Rik,57,53,63,73,47,39
Pomc,39,43,48,80,56,75
Relb,45,41,65,89,72,69
Htatip2,57,32,45,69,62,70
Ccdc62,53,55,60,49,50,65
Abcb9,61,58,37,51,44,60
Kif9,33,35,42,60,82,82
Bbof1,40,31,50,72,97,53
Hist1h4j,74,72,69,36,45,37
Adam11,67,73,45,58,61,58
Glis1,92,50,73,42,53,46
Inha,46,39,42,67,54,52
Meiob,40,49,39,42,72,73
Fblim1,36,40,38,66,82,53
Draxin,33,51,40,68,73,92
Mtmr11,35,44,38,64,79,69
A330074K22Rik,27,19,26,78,87,71
Scnn1a,24,34,42,77,54,78
Sele,121,93,92,17,18,19
Cyp27b1,64,58,44,56,56,65
1700010I14Rik,49,44,48,76,67,63
Serpinh1,38,43,44,60,55,64
Hey2,52,76,50,68,80,75
Ankrd63,30,27,31,103,100,83
Zfp773,52,56,41,82,80,67
E130311K13Rik,39,36,44,73,56,82
Efna1,49,55,53,63,47,61
Chadl,56,60,45,68,59,44
Rhpn1,38,47,43,89,84,75
Zfp558,38,42,50,62,78,91
Drd1,15,19,22,88,105,102
H2-T10,31,42,42,90,64,72
Fam71e1,36,31,68,74,72,62
Fuz,51,34,57,45,43,47
Rhbdl3,33,21,40,84,68,85
Cyp4f17,61,53,35,79,62,73
Rnf225,105,90,65,35,28,34
Cib2,24,31,17,88,105,75
Doc2a,103,80,60,34,37,31
Bloc1s1,55,43,47,50,56,60
Depdc7,58,53,62,37,37,60
Rftn1,59,41,40,76,49,85
Acap1,44,46,49,59,60,63
Btbd6,45,41,48,53,51,69
Pqlc3,44,38,40,54,81,55
Frg2f1,53,35,34,60,66,63
Col1a1,40,32,37,59,66,64
1700020L24Rik,25,23,20,119,64,93
Tmem25,36,34,49,70,67,83
Cecr6,27,43,22,81,69,71
2610306M01Rik,46,60,49,64,66,53
Cux2,105,100,114,5,6,4
Lhx1os,35,51,39,63,58,60
Slc31a2,37,53,48,47,62,90
Sstr3,20,24,30,102,65,82
Klrg2,60,49,44,64,67,83
Lurap1,26,30,25,93,102,61
Exd1,48,52,41,67,53,79
Pygm,39,35,34,86,74,78
Wnt5b,56,56,60,43,53,63
Rwdd2a,50,46,45,69,63,63
Fam105a,50,66,49,81,54,56
Mx2,22,32,26,104,64,72
Leng9,43,44,60,62,58,59
Elmo3,54,50,68,41,47,58
Mettl24,23,23,24,54,69,71
Tmem14a,52,40,50,58,68,58
Dusp9,56,74,70,34,32,27
LOC102639982,54,47,51,47,69,44
Zmat1,53,43,51,60,64,47
Npr1,34,42,49,73,59,68
Nap1l2,47,47,47,72,67,65
Parp14,37,38,31,84,82,85
Ctla2b,51,92,73,46,32,56
Syt3,25,20,30,80,84,78
Murc,59,86,81,28,32,30
0610040B10Rik,53,46,33,53,66,64
Gprc5b,63,62,70,60,33,29
Magea6,41,55,69,66,55,57
Fbxo47,39,56,44,67,54,52
Hist1h4c,56,64,68,31,54,32
Irf5,50,63,55,37,51,55
Gm13446,34,54,35,75,77,68
Snord104,41,49,39,51,41,47
Stard6,53,41,37,68,75,68
Gm5065,55,52,44,73,64,56
Vsig1,54,42,46,67,39,53
Fam109b,37,38,45,56,55,53
Hist1h3d,46,64,60,31,39,39
Ccdc184,38,41,40,68,72,42
Epas1,35,35,29,82,54,64
Dmtn,37,35,29,87,48,76
3110056K07Rik,47,69,47,56,45,40
Ap1s3,60,63,64,60,42,53
H2-DMa,34,31,45,63,49,68
4930452B06Rik,32,48,39,64,51,61
Vamp5,64,52,41,48,55,80
2810403D21Rik,35,35,42,56,59,75
Obscn,65,56,41,53,32,46
Themis2,16,11,15,71,92,97
Pkdrej,43,52,58,51,72,69
B230217C12Rik,43,51,36,55,46,67
C8g,46,33,31,69,60,55
1700007K13Rik,14,18,20,97,57,125
Gm11696,48,36,40,53,57,95
Cox7a1,25,22,22,70,87,79
Slc25a34,9,8,7,82,91,100
Cyp3a16,64,58,75,36,30,43
F8,39,54,39,58,69,42
Fam20a,28,24,25,63,72,72
Tesk2,65,60,58,41,48,42
Zic1,55,53,72,39,47,39
Hist1h4d,72,81,54,26,28,34
Apoe,46,45,41,33,46,32
Cd1d2,49,40,65,40,57,56
LOC102640772,35,38,28,60,63,114
Jph2,32,34,33,56,70,74
Ccdc89,42,48,46,48,63,86
Setmar,36,39,31,81,51,44
Fsip1,38,52,32,44,59,49
Caly,34,32,39,74,69,78
Zfp963,50,32,35,99,53,68
Gm38402,40,39,43,73,46,73
Trim7,27,20,17,86,100,75
B4galnt3,15,13,17,79,63,70
Pth1r,45,33,31,91,61,65
Rpusd3,46,49,45,42,49,38
Platr26,17,18,19,84,105,73
Gucy1a2,43,62,59,33,55,51
Mapkapk3,60,65,51,46,34,46
Slco2a1,29,32,32,78,92,79
Galntl6,40,39,37,36,53,44
Sema3g,41,52,56,52,37,46
Col15a1,45,56,63,52,43,50
Nlrp4a,35,49,51,54,43,68
Fam198b,16,16,18,62,81,63
Gm1976,30,21,30,56,57,79
Phlda2,79,71,70,33,20,29
Mir9-3hg,70,47,44,46,56,52
Sh3yl1,42,54,47,39,52,59
Gm2237,53,43,52,42,46,38
Cnbd2,35,37,32,45,37,71
Zfp429,39,40,44,58,57,68
Itgal,42,35,37,64,70,52
Gys2,56,44,48,70,45,53
Tlr4,23,22,23,67,72,72
Tmem144,52,61,39,42,26,40
Col14a1,18,23,26,73,85,55
Cd274,60,57,44,41,83,52
Jmjd8,49,63,53,33,54,41
Hist1h4n,62,55,71,37,25,36
Pigf,48,53,65,33,43,35
Slc17a7,17,20,14,73,69,77
Dnhd1,38,35,52,52,80,58
Ppil6,25,20,35,60,87,84
Dlk2,22,14,19,61,73,88
Rufy4,60,68,64,32,30,32
Slc5a12,26,34,36,71,49,63
Hist1h4m,40,86,50,42,39,34
Ccdc159,45,34,39,79,55,64
Catsperg1,24,32,28,50,45,71
Zdhhc23,55,43,55,41,48,52
Coro6,22,24,15,82,52,69
Scn1b,11,13,12,89,73,72
Naaladl1,60,66,44,34,60,50
Wdr5b,44,51,59,51,47,45
H2-Bl,29,26,24,64,85,66
Nexn,49,56,47,26,46,31
P2ry2,31,26,23,70,51,67
Fsbp,54,45,45,49,70,52
Neb,33,37,37,56,54,63
Gpat2,41,27,31,66,55,65
Atp6v1g2,41,41,42,34,57,67
Park2,22,21,20,83,75,64
Lipo4,35,35,41,45,52,40
Grin3b,41,63,51,42,32,28
Hist1h2bp,71,52,43,45,54,38
Tnfaip8,59,26,37,48,40,60
Pcdhb14,28,19,33,60,70,74
Slc28a3,36,49,49,34,37,43
9930012K11Rik,44,28,42,52,56,32
Slc12a8,39,39,33,47,58,48
Sdc4,45,53,42,50,55,37
Adamts20,69,71,87,25,26,18
Mpzl3,34,47,55,35,58,54
Pde4c,41,41,39,52,48,36
Aim1l,18,25,21,81,89,85
Chrm2,15,18,22,65,86,97
LOC101056159,38,34,28,47,69,51
Gm11733,20,23,23,71,97,70
Mogat2,16,13,19,67,92,76
Slc25a35,22,19,21,65,77,59
Serping1,22,26,25,55,56,80
1700088E04Rik,47,48,30,46,66,37
Mdfi,28,23,31,59,57,66
Pear1,63,44,76,29,28,40
Fstl3,49,44,51,34,26,23
1810044D09Rik,33,44,39,47,46,54
Tbx3,101,93,116,2,3,2
Gm1661,31,52,34,43,53,48
Fam81a,35,48,38,43,56,46
Entpd2,10,17,11,84,65,88
Pcdhgb6,47,43,29,66,53,65
Tmem163,38,37,41,48,33,50
Matk,33,35,51,62,49,57
Vstm2l,55,61,48,33,36,37
Ttc9b,90,57,94,17,11,13
Pld1,31,31,16,59,62,61
1700012D14Rik,46,35,37,49,44,54
Slc36a1os,36,44,23,48,54,61
Tmem44,23,21,19,62,57,62
Ttc23,39,37,44,54,43,36
Gm4262,38,49,53,43,33,53
Omp,46,29,47,39,44,35
4632427E13Rik,43,49,53,45,52,41
Lipa,41,44,41,42,52,46
Il20rb,52,46,49,36,38,34
Col5a1,14,14,9,52,97,78
Tcf15,40,37,32,48,47,39
Akr1b7,10,15,11,78,98,73
Efhc1,26,30,29,45,54,61
Gipr,18,26,31,62,45,69
Ttc41,29,34,55,47,45,44
Cyp2c55,45,39,54,34,44,51
Platr20,47,81,59,28,27,27
Chrd,21,28,29,68,58,53
Dnah17,32,37,49,54,32,45
Neurl2,46,33,30,48,56,49
Tph1,75,72,77,9,6,9
Dyrk4,16,14,16,86,88,50
Cxcr5,35,29,29,45,41,41
Dmrtc1c1,28,30,40,57,63,41
Degs2,61,53,60,40,34,25
Hist1h2bk,49,31,46,46,53,42
Isg20,11,11,11,73,67,83
Acrbp,28,42,31,60,60,45
Olfr44,30,30,36,54,49,52
Gm36210,30,36,34,43,36,49
Gm13710,37,41,35,42,60,46
BC028528,33,29,32,49,51,52
Gm31520,49,28,48,33,58,57
Pih1d2,59,46,38,37,46,41
Trim36,52,43,53,33,37,58
Zfp551,34,25,34,53,65,54
Vwa5a,40,49,37,43,35,57
Ccdc173,52,32,30,56,43,56
2410018L13Rik,37,24,31,55,43,62
Akap3,45,25,25,53,38,83
Gm29260,77,95,53,12,13,11
Dnase1l2,45,48,54,44,52,37
Gm9899,38,23,24,47,68,39
Gm10516,33,36,29,47,57,42
2410012E07Rik,56,48,46,30,32,27
Cfap126,22,24,26,60,57,66
Sp7,33,35,33,59,53,50
5430416N02Rik,43,48,39,31,33,43
Naip6,27,20,22,53,51,61
Pex11g,25,26,27,53,43,56
Tmem220,22,33,26,40,51,46
Carns1,32,29,32,53,54,60
Kbtbd3,44,38,44,55,46,47
Mettl7a3,28,31,39,40,39,53
Kcnab3,41,62,68,30,29,41
Pcdhb3,26,35,30,66,73,58
Zbtb11os1,36,33,42,40,43,60
Galr2,22,23,19,49,45,56
Wisp1,29,19,19,61,42,58
Thsd4,7,7,7,74,113,89
Dll3,32,37,28,51,42,50
Evc2,36,50,48,33,24,31
Gdf9,31,30,33,42,36,68
Ell2,46,24,39,56,62,54
Cmc4,42,36,37,47,46,41
Rap2b,54,43,44,48,34,38
Dsel,40,43,51,37,31,23
Spag4,45,49,29,35,35,29
4632428C04Rik,34,40,47,44,33,37
Klf2,53,33,32,41,46,49
Cd180,19,19,16,59,67,54
Cryba2,9,15,10,68,80,71
Afmid,24,34,23,47,60,41
1700029J07Rik,35,34,31,45,56,66
Ppl,4,5,5,77,70,107
Kif6,55,62,62,20,22,20
Prrt1,35,27,24,43,43,59
Zfp697,57,46,34,56,28,47
Fam178b,30,41,23,41,35,46
Pcdha10,19,29,29,65,42,60
Ndrg1,7,7,9,76,87,85
Hes7,28,44,39,35,37,46
Slc24a5,39,50,49,31,31,30
Adhfe1,18,15,23,45,54,68
Angptl4,27,27,27,46,43,60
Avil,10,11,12,83,65,66
Zfp473,38,45,45,26,52,46
Susd1,27,24,24,54,39,51
Fhod3,36,41,26,47,50,43
Rasl10a,12,11,12,54,63,102
Dnaic1,31,30,40,45,59,55
Gng3,23,23,20,68,52,54
Adcy4,40,37,35,40,49,57
Capn11,35,44,31,44,43,40
4930555A03Rik,30,34,34,41,61,58
A930005H10Rik,34,30,40,38,30,24
Nphs1,30,28,29,52,46,59
Gcnt4,29,41,36,44,24,44
Ggn,58,51,33,34,49,37
Zbed6,32,33,27,47,59,45
Gm7967,19,17,15,72,69,86
Plekhf1,47,45,56,25,29,28
Syne4,24,26,16,58,52,65
Slc46a3,21,23,26,50,59,70
Gfra2,39,36,36,39,30,28
Mgst1,35,49,41,41,37,39
Nupr1l,21,34,35,49,56,39
Mmp23,37,51,26,39,38,25
Grrp1,24,33,22,56,47,48
Atrip,71,80,44,27,16,30
Zdhhc14,28,29,35,41,41,33
Ccno,28,31,41,50,57,38
Ces5a,10,14,13,66,81,115
Patj,35,22,25,75,40,45
Pla2g4c,39,57,68,15,18,20
9530059O14Rik,34,44,43,38,28,22
Zfp300,47,39,43,38,26,44
Zbtb16,13,11,15,64,60,62
Spata2l,23,29,26,33,44,54
Rdh14,26,37,28,46,28,42
Slc10a6,22,29,33,50,54,39
Ccdc171,36,35,33,50,35,50
Fam161a,33,34,34,54,41,38
Susd2,56,50,51,27,27,19
Mark1,33,38,23,40,40,44
Nap1l3,22,20,24,61,51,51
Hist1h2bb,48,34,60,30,34,30
Mmp19,36,42,36,36,42,37
Prrx2,36,24,38,43,43,41
Gsto1,42,55,52,27,31,33
Fcor,33,46,46,46,36,31
Myl9,57,42,59,29,25,31
Spry3,27,19,19,49,50,49
Zfp69,40,40,54,26,32,30
Gm16793,26,24,28,76,69,44
Acvrl1,50,38,32,44,31,42
LOC102635707,12,15,12,76,69,64
Slc25a29,21,27,29,39,48,54
Svep1,38,27,42,32,31,48
Glt8d2,59,43,34,39,36,32
Tbc1d2b,35,32,66,26,27,35
Gpr68,42,51,61,23,17,16
Notum,22,26,26,53,53,39
Pcdha2,27,40,35,49,72,54
Hist1h2ae,37,54,52,29,27,20
Snapc5,33,54,48,33,26,33
Rbpjl,31,20,22,39,40,46
A530032D15Rik,43,66,42,27,40,59
Tmem255a,35,23,30,63,41,47
Sumf2,25,23,38,61,56,63
Zfp457,25,36,30,34,38,48
Mkln1os,26,24,21,55,44,60
Cbln3,7,10,7,62,56,86
2017-09-01 00:00:00,35,30,38,42,36,38
Acot6,21,21,25,52,54,50
Btbd8,37,28,23,61,40,35
Vmn1r139,42,32,28,31,34,26
Nr2c2ap,38,43,40,29,36,26
Cldn34c1,34,34,34,48,26,33
Dennd2d,17,14,23,52,60,70
Asb5,44,45,51,37,35,33
Nrarp,53,35,46,35,28,25
Alox5ap,25,22,29,47,47,51
Cers3,34,34,31,40,43,39
Hes5,29,32,31,42,33,33
LOC108168148,22,24,17,41,47,65
Schip1,27,42,38,25,33,46
1500015A07Rik,52,49,41,38,43,37
Oasl1,31,30,29,40,50,61
Rnf223,48,50,27,29,29,37
Kcnip2,65,58,45,24,22,25
Sgol2b,70,39,49,30,20,26
D930028M14Rik,30,22,25,66,44,37
Dnah1,24,28,22,45,27,40
Mylk3,20,19,21,55,70,38
Gm16576,20,30,29,36,44,41
Ssh3,26,26,36,37,39,33
B3galt4,24,28,24,25,61,51
Ager,37,46,50,46,53,28
Ldhd,24,21,19,45,56,40
Rpgrip1,41,34,67,20,28,24
F11r,46,46,48,18,35,27
Hoxb6,32,30,37,37,39,35
Lrrc36,38,36,37,31,34,28
Kcnh1,24,37,20,39,56,48
Clec11a,13,25,26,53,62,39
2310010J17Rik,24,36,25,42,28,47
1700029I15Rik,35,27,37,39,51,41
Pnpo,32,36,26,28,36,44
Lrtm2,9,12,10,50,49,66
Gm16432,32,33,33,45,31,43
Pramel3,41,34,50,28,30,31
Gm17399,30,38,33,24,29,41
4833422C13Rik,33,21,44,33,43,36
Chrm3,12,17,14,71,60,65
Nr1h3,42,74,60,30,28,23
Gm14137,29,39,23,40,34,45
9130024F11Rik,58,27,37,35,37,30
Mir124a-1hg,19,20,23,45,45,58
Tmem240,17,17,24,56,61,63
4930578M01Rik,36,28,30,40,33,38
Gpr135,31,32,51,33,33,53
5430405H02Rik,34,41,28,33,39,33
4933430I17Rik,12,21,20,53,70,54
Olfr912,38,31,48,26,31,33
Unc13b,16,18,20,64,67,55
0610009L18Rik,20,26,27,47,46,38
F13a1,62,71,61,15,19,26
Slc30a2,11,9,10,44,63,66
Mir5125,29,29,36,27,44,40
Adamts6,28,30,28,27,42,38
Sema6c,20,26,23,43,29,49
Spata13,15,12,21,38,85,58
Mir22hg,24,26,37,31,45,30
Stmn4,5,5,5,60,74,53
Ccdc116,45,35,32,29,36,36
Zfp879,23,22,25,41,34,50
Gstt1,16,21,19,42,58,56
Ccdc74a,43,42,63,29,22,20
Gm16223,23,24,44,35,42,55
Spa17,27,25,22,48,46,41
Zc3h12b,32,31,33,30,34,50
Tas1r3,32,37,38,36,35,28
Lgals4,28,20,31,55,40,41
Bmpr1b,58,45,52,22,23,26
Dhh,41,37,36,26,45,45
Gm11944,29,25,22,41,35,29
Vps25,49,44,40,27,24,25
Trim17,17,16,16,45,52,37
Gm3636,36,53,41,29,26,26
Xrra1,33,33,21,48,32,46
Ptpru,17,17,15,47,44,63
Il6,13,11,12,61,85,71
Duox1,22,16,23,48,43,50
Fam92b,14,13,15,59,59,63
Igsf5,40,42,41,19,23,27
Rac3,54,40,32,20,35,25
Gm15023,43,48,27,32,30,29
Ccdc122,34,46,30,28,31,26
AI427809,12,11,9,46,84,48
Nespas,57,47,42,28,23,20
Slc35f3,30,31,36,36,39,38
Cxcl1,25,24,23,43,41,55
Abcb1a,48,50,61,9,17,18
Zfp456,31,38,30,35,34,43
Slc25a27,27,25,31,40,45,35
Lexm,29,19,23,43,39,62
Efna4,23,22,30,36,42,35
Bspry,27,29,40,43,50,38
Tnfrsf25,26,34,25,37,50,39
Gpr63,18,21,17,40,36,43
Stk33,14,12,9,42,63,53
Psd2,15,15,19,41,73,63
Tram1l1,23,28,35,41,39,34
Gm13238,40,37,41,32,25,32
Ptprt,8,12,8,53,87,48
C130036L24Rik,42,47,29,26,33,36
Pcdhb6,22,23,20,45,32,36
Gm13031,44,43,24,22,32,30
Hist2h4,7,8,10,50,95,58
Ccdc103,26,35,22,36,61,40
A230103J11Rik,23,21,30,40,32,41
Onecut1,19,17,26,48,46,64
Slit1,7,8,4,63,56,57
Dbndd2,37,33,34,26,32,32
Tigd3,36,32,31,36,25,29
Nckap5,26,16,18,44,41,34
Itga10,40,40,40,28,30,25
Serpinb9,36,32,31,40,35,33
Naip5,14,21,23,40,48,39
Gm16023,44,31,45,26,20,23
Igfbpl1,33,36,34,25,29,21
Pfkfb1,32,33,40,27,24,32
Nudt6,37,43,42,39,31,22
Fam228b,19,31,28,50,59,35
Lnp1,18,29,25,43,32,45
Tex26,19,25,25,39,36,42
Plac1,31,43,29,28,36,31
Colq,3,3,2,58,57,72
Cetn4,23,21,37,43,21,41
Cp,22,29,27,44,37,32
Mutyh,25,29,36,30,23,26
4933439K11Rik,25,23,23,44,41,35
Ccdc3,29,38,31,28,33,35
Tmem116,24,19,21,49,36,47
Tmem35b,18,23,27,27,27,57
Il17d,18,26,27,36,49,40
Nrip2,12,21,17,40,53,52
Hsd11b2,30,22,25,31,34,30
Has3,23,31,31,33,33,30
Armcx6,16,26,28,63,38,41
Prrg1,6,4,4,55,69,53
Cfap54,19,26,14,62,51,45
Ccdc106,33,31,33,28,35,29
Cst6,30,29,29,43,36,44
Col7a1,28,41,34,26,29,27
Sema4a,44,38,33,31,24,30
Msh5,23,22,28,36,42,28
Fam151b,42,30,29,38,35,33
Zfp972,30,32,25,34,45,37
AV320801,24,35,35,22,28,24
Sh3tc1,34,36,29,28,31,31
Il34,22,18,16,47,53,33
Aqp3,10,11,10,60,48,53
Parvg,35,28,32,30,27,27
Batf3,35,37,28,24,28,23
Nxpe4,23,37,26,41,28,33
Krtcap3,18,22,21,29,27,23
Medag,36,36,39,34,33,28
Slc22a4,20,23,21,41,30,31
2210011C24Rik,23,19,24,46,36,40
Gm5169,3,3,3,43,64,72
Padi2,5,6,6,53,44,63
0610038B21Rik,35,23,31,43,30,39
Mst1r,22,25,22,28,34,48
Gzmm,33,40,27,25,22,28
Rab11fip5,8,9,9,48,49,40
Nup210l,37,37,37,23,22,23
E030013I19Rik,37,42,36,25,27,20
Dnase1,30,34,30,24,27,24
Arid3c,22,20,20,53,30,40
Cpz,29,28,36,25,18,32
Tmem53,10,6,7,59,61,37
4921531C22Rik,27,36,33,27,45,36
Exoc3l2,16,17,12,33,34,38
Grik4,47,35,28,30,20,30
Nectin4,10,10,12,58,59,53
Pbld2,20,23,27,29,32,32
9030617O03Rik,7,12,13,42,58,55
Plch2,10,12,9,65,46,47
Naip1,21,20,19,50,51,47
Syt9,35,28,36,26,30,25
Dhx58,24,29,35,39,46,27
Fam169b,57,56,65,14,9,10
Rpp25,31,20,21,41,30,30
Klhdc8a,26,26,27,36,36,32
AA543186,39,26,28,34,30,38
Lrrc9,23,24,31,38,34,42
Rmrp,32,32,34,25,25,32
Mir124-2hg,17,23,21,46,38,28
Adamtsl5,13,15,10,30,58,46
Slc2a4,24,17,21,35,40,38
Pde8b,26,28,29,33,38,25
Trpc1,35,23,21,32,28,45
Fam163b,54,47,57,5,6,4
Gm35339,16,23,14,40,38,34
Abcc3,28,25,26,35,43,36
Lrrc29,29,19,30,34,26,34
Klf5,44,37,41,26,17,23
Sgk3,36,50,34,29,23,24
Rab9b,32,18,27,36,41,33
Gfi1,14,18,14,45,37,47
Ankrd34b,32,33,21,28,28,21
Masp2,20,20,16,30,42,34
Nkain4,10,12,14,42,58,35
Hist1h1a,45,36,36,15,17,17
1700109H08Rik,25,22,32,34,27,25
2610027K06Rik,37,44,35,21,15,15
6820408C15Rik,11,13,13,41,50,55
Nat8f1,25,18,31,36,33,26
Catsperd,16,13,21,46,47,52
Abcb4,16,14,13,62,45,47
Trpc7,54,34,62,15,13,11
Efnb3,35,42,37,28,26,16
Prox2,24,24,15,25,24,45
LOC105246056,19,28,16,26,33,26
Ccdc88b,27,32,32,29,26,24
Pdlim3,26,26,38,30,22,19
Egf,20,30,27,23,31,44
Necab2,24,19,18,42,46,32
Pbxip1,18,28,23,33,33,24
Tmlhe,32,28,26,29,26,25
Wfdc15a,37,40,41,31,21,20
Panx2,9,11,9,37,34,46
F420014N23Rik,50,42,28,21,22,26
Ptchd1,16,20,18,45,40,32
Gm10046,23,21,24,28,27,47
Plcd1,24,16,18,43,46,35
Gm20324,25,32,27,32,30,32
Rpph1,24,38,33,19,24,24
Kcnj11,9,9,10,64,42,38
Nrap,18,21,15,48,46,19
Olfr78,33,35,39,18,18,31
Nap1l5,16,15,18,37,48,30
Eng,24,39,33,28,17,24
Prelp,39,31,34,18,25,22
Arl5c,44,33,37,29,29,28
1700034H15Rik,19,19,18,29,45,40
Acot4,16,18,18,49,39,47
Arhgap28,28,21,27,25,32,29
Fn3k,10,8,9,46,57,39
LOC101056073,23,31,25,31,37,33
Adgra1,19,20,22,25,31,22
D330041H03Rik,18,22,31,35,39,53
Slc25a47,35,32,25,28,22,26
Cst12,20,17,13,43,37,37
Ankef1,15,21,17,26,28,27
Pcdhb15,7,11,11,57,42,49
Col2a1,24,26,26,22,30,24
Pcdhb4,16,24,24,30,30,44
Ttll9,28,30,32,26,40,27
Steap3,42,56,29,16,10,16
Lrriq3,31,23,16,32,45,35
Car14,27,29,22,30,42,34
Tmem102,19,18,20,39,33,45
Rcsd1,25,22,16,33,37,42
Izumo4,18,18,19,30,37,29
Slc25a13,24,33,22,21,29,31
Slc41a3,15,15,17,37,36,48
Ak8,20,20,22,39,42,40
1700056E22Rik,10,9,14,51,44,37
Aqp1,1,1,1,54,47,71
Ccdc65,18,14,17,48,35,33
Popdc2,19,24,27,38,34,40
Gm17733,29,25,34,35,23,29
Lpin3,25,25,31,29,28,31
Cntnap3,2,2,2,49,58,53
Inpp5j,7,5,5,33,59,42
Gm15708,24,27,31,25,31,31
1700080O16Rik,32,33,23,30,32,21
Nme2,39,23,37,24,35,20
Dll4,6,5,5,37,58,60
Pxmp2,25,39,37,16,19,14
Ccdc69,19,28,30,24,32,27
Ino80dos,30,19,28,26,28,26
Rtbdn,15,13,16,43,42,34
Lrch4,29,29,47,23,27,24
Lrrc10b,5,6,7,59,52,49
Gm21319,23,34,33,19,31,16
Mlf1,31,31,32,16,11,18
Mchr1,14,21,15,38,43,44
Mdk,28,32,28,20,22,22
Lrrc2,53,55,50,5,6,6
Smco4,20,22,25,29,38,34
6030443J06Rik,22,17,21,40,34,50
Mfsd2b,14,23,20,40,41,36
Trpm3,45,34,36,22,24,22
4930486L24Rik,27,31,42,20,18,19
Lrguk,21,24,13,37,25,34
1700095J03Rik,8,6,5,60,40,41
Ocstamp,17,23,16,38,45,23
Scube3,28,20,25,21,42,23
B430212C06Rik,22,21,24,33,32,34
Lrp1b,6,10,10,42,48,40
Cyp46a1,19,17,17,28,44,34
1810021B22Rik,20,15,22,44,47,44
Gsap,27,34,24,20,21,24
Hist1h1b,23,38,30,21,22,18
Glt28d2,29,31,29,18,26,17
Cish,26,28,25,29,22,29
Rgs14,28,25,28,28,25,26
Il33,33,24,27,28,22,28
Ntf5,21,24,21,48,30,29
Zic4,32,27,29,33,24,27
Pag1,17,23,32,25,30,21
2610528A11Rik,45,35,27,26,22,27
Catsperg2,13,11,11,51,35,31
Fam43b,21,16,20,40,47,51
Zfp459,24,25,28,29,24,20
4930503E14Rik,15,16,17,38,31,39
Gm7008,31,37,31,20,15,19
Plekhg6,27,20,16,27,32,34
Hmga2,30,21,24,26,29,38
Adamts16,20,14,16,38,25,37
D430041D05Rik,51,34,41,15,15,21
Cyp39a1,30,31,35,23,25,11
Tnnt1,26,29,24,24,40,27
Slc16a5,28,23,28,26,26,22
Rasgef1c,24,14,23,28,34,43
Esr1,12,9,12,33,37,60
Calr4,22,18,14,30,36,25
1700001J11Rik,30,24,26,40,25,30
Apobr,13,25,26,40,35,22
Large2,28,14,22,25,37,29
Galnt16,12,12,13,52,41,40
Rnf207,15,15,14,33,39,30
Dclk3,24,46,33,12,20,15
Particl,17,20,21,47,35,31
Plag1,20,40,36,20,23,17
D130043K22Rik,13,13,13,33,45,33
Lbp,6,8,8,54,32,57
Ntsr1,4,3,4,60,75,71
Hoxb5,12,12,14,29,48,36
2810408A11Rik,22,21,20,39,32,35
1700026F02Rik,28,22,25,24,20,29
Hpdl,45,21,35,16,17,22
Otoa,10,10,13,39,48,41
Zic2,23,16,18,31,30,22
Ccdc80,14,20,15,30,36,34
Tlx3,29,47,33,13,18,16
Ddn,30,33,28,19,10,16
Kcnq4,4,4,3,59,35,52
Ddo,6,6,9,40,49,47
Adam8,25,24,32,29,20,20
Spata9,31,25,24,21,26,19
Fbp2,18,28,13,32,29,33
Dok7,22,21,16,29,26,23
BB218582,14,18,16,28,32,30
Acot5,19,11,15,47,36,33
Tulp2,23,15,14,36,35,44
Gm2001,30,30,29,22,19,20
1700008J07Rik,32,32,39,17,15,20
Gpr75,25,18,18,33,27,27
9330102E08Rik,19,19,19,38,37,24
Tmie,7,9,5,54,41,53
Apold1,18,19,25,28,27,28
Gm10785,20,18,20,29,27,24
2700046G09Rik,22,16,15,33,31,37
Dnah2,24,31,20,19,39,24
E230016M11Rik,34,16,17,33,31,25
Dnd1,29,33,25,16,19,17
Vax2os,25,21,22,28,31,28
Hsd17b14,17,13,14,37,43,35
Pcdhgb5,17,23,17,26,51,29
Mlxipl,28,20,26,24,20,22
Zfp354b,19,23,29,20,26,23
Gm5617,14,18,20,27,27,34
Dgkg,4,4,5,31,33,32
Fxyd2,26,28,27,33,28,28
Shroom1,15,14,17,31,42,27
Gsg1l,6,8,11,32,30,40
Frrs1,41,31,41,13,12,10
Gm8267,16,18,16,27,26,22
Snord100,30,36,31,15,21,15
Ankrd34a,17,24,21,31,33,27
1700096K18Rik,11,16,15,38,32,29
Sdcbp2,20,13,15,40,33,26
Fgf10,6,8,6,44,43,60
Ovgp1,28,23,24,21,23,19
Ush1c,19,16,14,31,41,40
Pnma1,37,40,32,17,19,20
Cdnf,15,17,18,35,46,27
Hist1h2bl,29,21,40,18,19,18
4931440P22Rik,26,21,27,20,20,28
Slc2a10,12,9,11,43,35,48
Tpbg,36,38,38,14,14,14
Fgf18,9,9,8,29,33,47
Gp1ba,29,30,21,27,28,22
Sphk1,12,12,13,44,39,33
Sigirr,25,23,24,20,21,25
Sorbs3,13,13,12,34,29,37
Adamts13,24,17,22,25,31,33
Tst,25,31,21,29,24,33
Cyp1b1,22,19,15,28,30,26
Igtp,10,13,11,41,37,48
Kcnk6,31,29,37,11,15,14
Cacna1d,4,4,6,45,38,44
F730043M19Rik,17,23,29,47,36,32
Gm2897,30,22,25,27,21,19
Gm16551,27,22,25,32,28,24
Olfr694,24,23,22,30,23,20
Baiap3,16,17,17,28,29,22
1700120C14Rik,27,28,30,19,13,15
Zfp804b,18,12,19,34,31,34
Gpr179,4,3,4,40,51,40
Prokr1,22,25,18,23,31,25
P2rx6,11,8,6,49,48,37
Rimbp3,17,30,28,29,24,32
Il15,10,10,10,36,28,37
Ephb6,14,18,17,38,39,27
Fhl4,18,17,18,41,26,42
Cage1,11,16,11,29,30,33
Phldb3,18,14,13,30,37,34
Ifi205,13,8,12,33,31,31
Ccdc142,22,27,24,25,18,14
Gm5577,28,26,30,17,14,26
Gm2762,30,42,33,18,16,22
Gm2012,2,1,1,35,61,39
Cd46,18,17,24,25,32,28
Ptprq,35,48,44,4,3,5
Upp2,20,19,21,22,26,30
Syngr4,32,23,22,20,21,26
9230114K14Rik,24,27,28,19,25,17
9330104G04Rik,15,14,14,40,38,24
Ackr4,23,14,19,38,31,19
Hoxc8,13,15,20,47,25,21
Hist1h2bn,20,30,34,11,15,14
Tshr,13,12,10,40,40,36
A530058N18Rik,8,8,9,29,41,34
Efcab5,21,34,31,16,26,13
Isoc2b,14,12,11,29,40,31
Nat2,24,25,24,20,24,25
Col9a3,21,17,20,18,24,20
Meg3,12,10,15,43,27,29
Arhgap9,19,23,24,27,26,27
Thnsl2,19,21,16,22,23,19
Ano3,24,26,26,21,21,21
Toporsos,22,21,28,19,22,16
Pcdhb10,9,5,8,50,28,33
Prtn3,10,7,9,38,41,34
Fam46b,16,20,25,21,27,26
4930558J18Rik,31,25,24,20,15,27
Gm9918,14,10,10,42,25,30
Atp2c2,3,3,2,52,40,37
Arhgap29,25,20,17,23,29,23
Plekhn1,24,27,26,20,14,17
Pnldc1,34,29,31,14,16,11
Sp6,19,20,24,30,19,17
Capg,19,14,20,36,27,28
Arntl2,10,9,12,43,36,36
Zfp663,28,24,22,24,17,17
Hist1h4b,23,36,24,15,14,17
AY358078,18,22,22,20,15,15
Dnaja4,11,9,8,25,33,40
Gab3,18,16,22,30,33,39
Edn3,35,36,36,9,7,11
Scn11a,21,19,16,26,21,17
Gm10488,0,0,0,39,57,37
Hmgcs2,6,7,6,39,29,28
B230208H11Rik,31,22,21,18,12,15
Ifi211,10,9,11,37,33,32
Rell2,12,10,11,25,37,29
E230029C05Rik,19,14,17,28,36,34
3930402G23Rik,22,22,25,18,16,19
Ncf2,13,12,13,33,27,38
2610035D17Rik,26,24,21,18,23,20
Slc11a1,23,40,22,17,13,14
Mypopos,15,17,18,27,15,21
Gm10487,0,0,0,42,37,30
Pgbd1,27,19,21,20,21,21
Enkur,17,17,18,28,27,37
Sbsn,12,9,10,32,37,41
Cfap77,16,23,25,22,17,36
Mrap,15,14,13,23,29,24
Inca1,11,13,16,35,29,34
Nnat,18,25,28,19,22,28
A430035B10Rik,13,16,12,35,30,28
Bcl6b,27,23,33,13,18,16
Slfn5,30,24,25,21,17,14
Tspyl3,18,23,21,17,13,17
Gm16523,27,30,23,15,16,27
Prcd,9,5,4,25,40,39
Clec2l,14,16,9,34,30,40
Sat2,21,22,24,17,23,16
Myl4,21,16,21,20,16,20
Kcnip4,18,21,20,26,16,17
Unc13d,15,12,13,35,20,30
Gm15559,11,11,10,29,45,28
Nudt16,18,17,16,27,19,33
Etohd2,13,14,11,25,27,32
Lpar5,12,11,14,29,38,32
Fam160a1,12,15,16,30,32,20
A330069E16Rik,13,21,25,28,24,23
Ggt1,18,19,21,15,24,17
Ppp1r3d,7,8,7,39,22,25
Ptpn6,16,17,14,21,26,22
Tcf7l1,15,9,9,36,38,33
Il6ra,13,9,13,32,38,28
Mbp,11,11,11,38,35,28
Drc3,14,10,14,26,20,30
Gm42380,24,36,33,18,12,18
Mettl21b,20,18,17,17,22,24
4930415O20Rik,20,19,13,29,27,34
A3galt2,24,22,22,24,15,16
Phf11c,30,28,32,13,16,10
Sdc3,4,3,5,49,43,43
Fgf21,1,1,2,44,39,37
H2-T24,15,16,16,17,26,20
Mmp9,7,8,8,38,34,32
Hacd4,20,17,17,26,24,25
Gpr1,11,14,12,30,34,32
Tas1r1,20,18,19,23,19,20
Gramd1c,16,24,20,17,16,15
Saxo2,16,14,11,31,22,22
Gm10575,17,21,21,21,17,12
3110070M22Rik,15,18,17,18,18,19
Mageb18,13,13,18,24,20,25
Kif17,9,12,9,31,29,26
Hyal3,19,18,11,20,29,18
Ggnbp1,23,22,19,19,28,21
Muc6,15,16,18,20,22,21
Oasl2,15,18,17,24,27,24
Nckap1l,14,15,16,27,21,36
Micalcl,17,24,25,11,17,17
Hist1h2bf,15,16,19,27,16,25
Mroh8,12,16,22,22,21,25
B230217O12Rik,16,17,16,21,22,23
Spata1,10,17,21,18,21,20
H19,19,20,30,16,16,14
Pde1c,18,22,23,16,14,17
Sorcs2,8,9,9,35,31,28
Pcdha12,10,10,16,30,37,26
Ing4,24,20,19,18,27,25
Lcat,23,25,25,13,21,16
Cdk3-ps,21,20,20,21,19,18
Fam78a,14,7,13,24,26,23
Mfsd4b5,20,20,16,19,18,26
Paqr8,14,12,13,35,28,21
Actn2,27,25,31,10,9,9
Itgb3,5,8,5,43,51,37
Klhl10,11,13,14,28,32,21
Hkdc1,13,16,16,26,20,18
Tymp,20,21,19,19,18,16
Adamtsl4,27,18,26,11,11,15
Zscan4c,15,15,13,25,28,28
Olfr222,16,13,12,30,29,16
Tmem178,31,27,24,14,17,24
Fam179a,21,17,18,21,22,21
Trim55,7,6,6,36,24,37
Ulbp1,30,16,24,17,9,13
Upk1a,10,16,22,29,23,24
3110039M20Rik,33,21,29,11,14,13
1700024B05Rik,20,18,16,22,17,24
Gng10,25,19,23,15,14,19
S100a7a,4,7,6,27,35,36
Ptgis,30,17,17,20,18,14
Cdo1,18,18,17,15,16,16
Fam50b,2,3,2,30,39,42
Spata33,17,16,13,22,28,23
Zfp957,19,18,26,24,14,24
Gm28453,23,28,37,8,12,13
Naalad2,18,12,16,28,34,30
Tmem79,19,20,23,8,14,14
Apol7c,17,15,12,23,25,26
Dmkn,7,6,7,29,30,30
Zmynd10,8,5,6,33,37,28
Pate2,12,16,15,23,26,26
Npas1,27,20,30,14,16,17
Dcbld1,25,20,22,13,11,14
Ccdc78,29,18,26,16,16,17
Dpcr1,21,21,25,12,13,17
Hsd17b1,22,18,17,18,23,18
Pacrg,10,10,9,37,34,24
LOC100862413,12,8,7,26,24,27
Gpr137c,8,11,8,38,35,26
LOC101055939,15,17,13,22,18,21
Klc3,15,13,15,23,26,19
Tusc5,4,4,4,30,29,27
Grik1,20,25,24,11,14,13
Sh2d6,17,18,17,15,20,17
Gm14819,0,0,0,37,46,32
Gm10486,0,0,0,36,29,43
Gm14632,0,0,0,35,38,34
Btnl10,1,1,1,25,25,41
Nat8f2,17,15,14,30,22,23
Mcoln3,22,22,20,16,15,18
Pdgfra,9,9,12,27,25,27
Mfng,8,6,7,34,32,26
Arhgap27,7,6,7,32,27,29
E130218I03Rik,5,7,6,19,53,39
Grik3,20,25,27,9,8,9
Zscan4f,12,13,13,25,22,28
Hs3st1,7,7,9,25,26,28
Fam227a,9,9,10,34,22,23
Med9os,18,15,11,24,16,20
Tdrd9,9,15,12,20,25,31
Gabra2,8,11,10,29,28,18
5430421F17Rik,16,20,17,28,21,20
Plek2,17,18,12,22,26,18
Itgb2,8,12,8,20,23,23
Fam186b,4,3,4,36,34,36
Exoc3l4,13,11,12,22,26,23
Dnase2a,14,22,18,14,21,22
C330013E15Rik,8,10,10,22,23,27
Plch1,10,16,15,20,21,22
Barhl1,16,13,14,21,15,20
Ephx4,8,7,5,32,22,23
Nrtn,3,3,4,35,37,35
Spag6,9,9,9,20,22,21
2810029C07Rik,18,18,14,17,16,24
Abhd11os,14,18,12,23,18,16
Eepd1,22,21,22,12,13,23
U2af1l4,25,19,12,18,18,19
9330159M07Rik,17,18,18,15,15,20
Olfr6,17,17,13,18,20,17
Vmn1r112,14,14,15,15,21,20
Tbc1d10c,16,22,16,19,17,16
Gm15706,19,15,30,14,15,14
Eaf2,15,17,17,21,16,28
Sema5b,13,16,18,20,18,20
Tspan32,13,7,9,21,19,25
3110045C21Rik,20,14,18,17,18,21
Slc6a17,3,3,3,33,28,29
Vmn1r157,23,16,18,18,16,18
Vmn1r132,13,16,21,23,16,16
Kcnk2,25,22,24,14,12,8
Drp2,13,10,7,20,26,24
Cldn15,19,31,20,13,17,21
Cox6b2,17,11,16,21,18,31
1810024B03Rik,24,19,23,22,19,18
Kcnk12,7,6,6,24,25,28
Bdh2,21,36,30,4,4,5
Gm10654,24,13,15,16,20,19
Gm5083,16,12,11,27,21,25
1700013F07Rik,4,4,4,23,30,23
Hist1h2bm,26,17,26,11,16,12
LOC100862415,11,13,11,18,19,23
Slc39a5,29,22,26,8,11,8
Pianp,16,12,19,13,14,14
Gm14023,16,12,13,18,17,21
4732491K20Rik,13,12,14,15,20,13
Ica1l,13,12,10,20,22,21
Pld6,17,20,19,12,15,12
4930581F22Rik,12,12,15,15,19,18
Adgrg1,3,3,3,34,46,27
Pcdhb9,3,5,3,34,26,33
Olfr149,11,11,10,20,28,24
9330136K24Rik,24,15,14,19,15,12
Gm12992,24,31,19,8,9,11
Gm1141,12,24,15,18,14,14
Gngt2,24,24,23,7,7,12
Trim54,13,14,10,18,27,18
Gm11549,4,4,3,32,26,23
5730488B01Rik,21,18,17,16,14,18
A330009N23Rik,19,19,16,22,21,14
Nudt8,18,20,18,16,14,22
B3gat2,21,16,14,14,14,13
Gm20735,14,16,15,20,15,15
Dcxr,15,12,14,19,16,22
Il11,15,12,12,16,17,19
1700007L15Rik,20,23,19,17,13,12
Gm7995,14,16,20,17,12,23
Gm16907,23,22,30,10,11,10
Dok3,19,25,17,12,15,12
Arhgap30,22,20,19,11,13,14
A530016L24Rik,5,8,6,30,23,23
Gm20257,22,24,16,14,17,23
Dnm3os,9,8,9,24,21,26
Cfap65,3,2,2,34,23,35
Adam1a,17,14,21,12,20,12
B3gnt2,11,16,9,24,19,20
Kcnn4,7,7,4,27,16,30
Pcdhb13,10,8,9,25,17,27
Magea10,16,16,16,20,15,15
Nxph3,8,8,12,22,27,23
Usp18,15,22,17,16,13,18
Syt13,9,10,10,31,24,27
Lrp2bp,13,13,17,21,21,19
9430037G07Rik,14,13,11,15,18,13
Pkhd1,16,28,19,11,13,14
Mgat5b,3,3,3,28,38,33
Lbh,12,7,8,27,23,24
Zscan4a,9,8,8,25,29,27
Card14,11,10,9,26,21,24
Rasl12,16,14,19,22,15,16
Grm2,27,19,19,9,11,9
Gm42067,17,22,17,10,18,19
Calr3,14,17,18,13,19,13
Sytl1,10,13,21,24,22,20
Cngb1,14,14,13,14,16,21
Amh,24,16,24,12,10,12
Kctd19,10,11,11,22,18,34
Gm17619,16,12,16,18,21,13
Mafa,11,7,10,18,26,26
D330050G23Rik,12,14,14,24,22,16
Gm14459,10,10,10,23,20,23
Hunk,5,6,6,32,26,29
Tmem59l,11,12,13,18,17,23
Bcl2l12,12,13,14,15,21,18
1700021N21Rik,10,13,7,21,19,25
Dcst1,9,12,9,23,21,13
Abcg1,2,2,3,29,42,33
5730405O15Rik,17,11,7,25,24,22
Sapcd1,15,21,10,19,19,17
Gm3696,21,18,22,11,13,11
Fbxl12os,14,17,14,16,20,14
Arhgap18,17,18,17,12,14,16
Galnt4,12,15,13,24,18,15
Cfd,16,16,17,14,20,15
Prkcg,7,9,12,27,20,19
C130083M11Rik,21,17,13,17,12,17
1700086P04Rik,12,14,18,20,15,16
Grk4,13,17,17,16,16,18
Sytl3,20,30,20,7,11,7
Aire,11,14,16,13,11,19
Otog,1,1,1,26,26,34
Lims2,18,15,23,12,16,15
D930048N14Rik,19,14,14,15,15,13
Dnah7c,19,16,12,14,16,19
2310068J16Rik,14,14,9,17,15,14
Ccdc68,13,14,12,26,17,19
Pcdhga9,11,13,19,17,18,20
A930006K02Rik,19,19,22,13,11,13
Tm6sf2,14,15,16,12,14,11
Erfe,15,11,10,13,16,18
Tsacc,13,14,12,24,15,17
Birc3,18,17,15,21,17,14
Ccr7,14,12,11,20,26,20
Car7,9,10,9,19,17,14
Kif4-ps,15,26,20,8,10,7
Vdr,30,23,29,4,3,5
Iglon5,10,9,7,32,19,17
Cdkl4,16,15,18,12,18,16
Gm3591,13,20,20,12,15,9
Ccl27a,12,8,10,18,15,24
Isg15,11,8,10,21,20,20
Gm11423,9,12,12,17,17,12
Egfem1,14,12,11,16,24,18
Wdr93,7,9,10,17,18,21
Kctd14,8,11,7,21,27,20
Gm6598,21,15,13,23,16,16
Lefty1,12,11,11,21,18,15
Fzd9,20,14,18,9,11,19
Col6a3,0,0,0,39,37,33
Tor4a,15,13,19,19,15,16
Ccdc36,20,10,9,20,19,15
2810454H06Rik,17,15,10,18,16,20
Prr15,14,13,13,22,14,21
Aifm3,2,2,3,21,27,22
Wscd2,13,12,10,17,20,15
Uba7,12,7,6,19,28,26
Mcc,4,3,2,34,26,31
1700030K09Rik,14,10,9,16,23,19
Srrm4os,11,12,11,21,23,29
C2cd4a,14,17,20,10,13,11
Magea4,11,8,12,27,24,22
Gm13547,10,14,10,18,18,18
Lbx2,17,20,21,9,13,7
Ffar2,7,9,9,18,25,20
Insl6,12,17,13,15,15,18
Zfp791,7,7,9,20,19,15
Jam2,9,15,9,17,17,21
Plcxd1,24,20,22,8,9,11
Olfr69,12,11,12,25,17,25
Ppp1r3f,11,7,7,22,18,23
Prom2,8,8,7,18,20,21
St3gal6,16,15,15,17,18,18
Mir8091,14,14,15,19,15,18
Gcsam,3,3,2,29,33,25
Tmc4,16,13,18,12,16,15
Stap2,12,12,13,18,17,19
Ankrd61,14,15,24,13,11,13
Gm5523,5,5,6,17,24,19
Nkd2,4,4,4,25,21,27
Snora33,14,16,12,11,17,20
Ugt1a6b,13,19,16,13,17,14
A930033H14Rik,9,14,15,19,14,16
Gm21992,19,13,12,11,13,14
Slc6a20b,16,13,15,15,12,15
Slamf9,2,3,3,21,29,33
Doc2g,12,13,20,18,20,15
Rdh5,13,25,17,12,13,10
Icam5,15,17,17,11,13,13
Lipo1,20,16,14,20,10,14
Ctrl,14,15,17,20,11,13
Gm10037,11,8,12,13,15,17
Npc1l1,8,8,8,23,20,19
Tmc7,22,11,13,7,9,11
Cfap157,22,16,15,12,17,9
1700042O10Rik,16,14,14,13,11,14
8030423F21Rik,2,2,2,27,31,25
Spata20,8,6,8,20,19,22
Jsrp1,14,17,18,12,15,13
Pcolce2,20,23,24,3,3,4
Naprt,21,23,16,9,11,12
Dapp1,4,3,5,28,28,23
Abhd3,8,10,10,18,26,18
Pmch,16,19,12,16,9,11
Gm10409,14,23,14,12,17,12
Rapsn,12,12,11,16,16,16
Serpine3,11,12,18,21,14,16
Car6,1,1,1,22,29,24
Tmem91,16,15,17,13,14,11
Sult6b1,12,9,11,17,20,19
Nkapl,10,13,10,14,20,18
Hhipl2,11,13,16,23,14,14
Tlcd2,10,7,10,21,18,17
Ilk,23,20,21,9,7,7
Zscan4d,9,8,8,15,10,16
Nudt17,7,6,7,24,31,20
Gcnt1,14,14,9,15,15,14
LOC100861615,21,14,17,11,15,12
Slc17a9,10,10,11,18,19,15
Selenov,10,10,11,28,17,25
Insrr,6,8,9,23,16,23
Hoxb3,8,7,6,21,16,28
4930503B20Rik,7,7,9,24,27,22
Fgf15,18,16,14,12,15,14
Gm20219,8,9,11,20,15,26
Pcdhb8,6,7,8,22,20,22
Gjd3,12,17,20,11,13,16
A230083G16Rik,19,14,14,14,10,12
Timp4,11,14,17,7,14,11
Gm14379,12,17,15,13,12,17
Gm19434,31,24,28,6,7,6
4930480K23Rik,10,10,10,15,18,14
Myo1a,10,13,20,13,17,13
Samd15,17,15,20,10,11,11
Gm15787,16,18,12,16,12,13
A930024E05Rik,6,7,5,27,25,26
Hoxc5,16,19,17,12,13,11
Ptges3l,9,9,10,22,13,20
Stac3,17,14,13,9,11,15
Eid3,20,17,21,6,8,5
Cnmd,11,8,11,19,22,22
Atp8b3,13,12,12,13,17,12
Notch4,15,17,20,11,12,15
Spx,23,20,20,11,11,12
C1qtnf1,7,8,8,27,25,17
Ikzf2,7,10,9,24,17,19
Chrna7,17,16,25,9,9,10
1700109K24Rik,8,11,7,20,18,13
Noxo1,11,11,13,13,15,17
1700102P08Rik,13,17,16,12,14,16
S100a14,10,8,8,14,17,17
Rgs11,6,7,4,22,27,24
Abcg2,19,18,14,14,14,14
Erbb2,22,13,14,8,12,9
Apoa2,11,14,11,18,18,17
9630001P10Rik,10,8,6,17,22,22
Tigit,13,14,13,20,16,13
Zfp36l1,11,8,6,19,23,18
Far2,13,16,12,10,11,11
Fgf14,11,7,8,21,17,19
Cacnb4,8,8,9,23,14,19
Pcdhb7,6,5,4,23,19,17
Styxl1,9,8,11,16,24,22
Gjc2,7,5,5,17,21,20
B430010I23Rik,13,14,19,11,14,11
Tbxa2r,14,21,21,6,8,9
Mfsd7a,11,12,14,13,15,9
Rbm3os,14,18,14,17,16,11
Pla2g2c,8,7,8,18,29,16
Pld4,7,12,8,12,18,12
Gm10421,9,15,12,16,17,21
Gm11732,3,3,4,23,21,28
Col6a1,5,7,5,25,20,18
Lmntd2,10,9,10,19,22,22
Pcdhga12,9,10,9,11,15,19
Vill,10,18,16,13,11,12
Nos3,10,12,9,18,15,18
Tmem88,9,9,13,14,18,17
Bmp5,10,10,10,23,14,12
Pnma5,14,18,14,11,11,10
Ptger1,15,13,14,12,11,15
D5Ertd605e,10,16,16,14,19,23
C4b,15,14,18,14,12,15
Nrsn2,10,9,9,20,16,15
Nlrp6,8,8,6,20,18,20
Rmdn2,14,16,15,10,9,10
Corin,12,12,11,15,15,19
Panx3,0,0,0,22,28,26
Gm16701,12,10,21,13,17,15
Pcdhga8,12,12,12,14,17,20
Zscan4b,13,6,10,17,21,18
2610203C22Rik,13,16,11,19,16,17
1700001P01Rik,14,14,13,16,11,15
Cyp4f14,11,10,12,15,14,16
Lingo4,10,8,6,12,19,15
Adam33,12,10,9,18,16,18
Efhc2,11,9,7,17,16,13
Fam65c,11,14,8,14,12,20
Tnfrsf4,18,13,10,12,13,14
Mir8116,6,4,5,22,21,17
Ly96,9,16,14,10,10,17
Scml2,10,9,9,13,14,14
Duox2,5,4,4,23,33,20
1700128F08Rik,10,21,19,10,12,9
Fermt3,13,17,15,9,10,9
Aarsd1,17,23,18,6,8,6
Pkd1l3,9,12,15,19,12,14
Ccdc39,12,13,11,12,13,15
Npy,16,25,18,3,3,3
Pabpc1l,10,10,10,19,14,22
Smim17,11,14,9,15,14,15
Fam71f1,9,7,7,14,19,21
Gm6121,1,1,1,36,21,23
Dppa4,12,12,10,15,18,14
Lrp8os3,10,8,10,17,15,11
Arhgap15,22,19,20,7,8,8
Hopx,6,5,7,32,18,24
Lca5l,19,13,9,14,8,14
Fscn2,13,17,15,9,12,14
Gm19710,18,12,16,9,15,8
Btc,16,16,22,9,7,6
Zbtb32,11,13,11,11,13,21
Fmo1,7,7,7,21,20,14
Tmem140,11,10,11,11,14,12
Icam1,14,14,11,10,7,12
Phyhip,5,4,6,27,28,20
Plau,18,17,13,10,13,13
Ccdc151,8,7,7,19,14,22
Gm12359,15,17,15,11,10,10
Adcy2,10,9,10,20,18,16
Snai2,12,10,14,13,11,9
Teddm2,11,12,10,12,13,13
Pfn4,13,14,16,16,21,13
Cmklr1,8,7,7,17,21,16
Nhlh1,4,5,4,23,26,22
Gm10653,14,10,11,21,12,14
Arhgef6,15,22,21,7,6,9
Zscan30,14,10,15,14,10,14
Sds,11,8,9,15,16,19
Chst15,21,27,23,2,2,3
Gm16675,10,7,10,15,18,18
Zdhhc22,10,12,11,17,14,14
Zmynd12,9,7,9,20,14,16
Slc16a4,11,7,9,18,15,24
Snhg9,20,17,25,5,6,5
Qrich2,6,6,6,20,17,18
Stmnd1,15,13,10,11,12,13
Kcnk4,12,10,10,18,14,16
Cd27,3,2,3,25,16,22
Pcdhgb7,7,6,8,16,20,12
1700040D17Rik,9,14,11,13,13,9
Gpr132,1,2,1,22,26,22
Slpi,14,20,19,7,5,5
Col28a1,3,2,3,31,20,25
Ripply2,7,8,11,11,17,13
Gpsm3,12,15,15,11,13,9
Magi2,7,9,8,18,14,12
Kcnk10,12,12,13,9,13,7
Lin7b,16,13,13,13,10,9
Rem2,10,10,7,17,18,12
Prr22,18,16,14,7,12,11
Slc22a29,15,13,11,13,12,13
Gucy2g,9,13,11,11,13,9
Wisp2,10,9,7,13,18,12
Wnt2b,7,10,8,12,11,14
B3gnt8,12,14,17,11,13,11
Drd2,14,13,11,11,10,8
Pdc,11,12,13,11,15,15
2410017I17Rik,16,18,16,12,12,10
Gm16062,15,21,20,10,6,7
H2-M5,11,6,8,20,13,19
Pla2g4b,12,9,11,11,14,16
4930507D05Rik,20,19,15,9,10,7
1700067K01Rik,21,20,19,5,6,5
Gm14525,1,1,1,18,19,18
Ankrd23,10,8,12,14,14,17
4930429F24Rik,16,12,11,9,16,13
Klhl41,12,17,13,9,9,7
Aoc3,14,14,11,9,12,12
Gm8300,12,11,10,8,11,12
Hpx,11,10,11,12,9,11
Gm16861,10,10,10,13,11,14
Sfn,6,8,7,20,12,15
1700113A16Rik,17,19,16,11,9,9
BC026585,15,9,16,16,10,14
Fbxl22,10,9,9,14,12,11
H2-M2,10,11,11,13,15,18
Pcnx2,2,2,2,22,25,19
Cd164l2,6,8,7,19,15,14
Tenm2,5,7,5,18,23,17
Otogl,5,4,5,23,23,19
Jmjd7,24,16,15,8,8,8
Dab1,19,27,22,4,3,4
Fbp1,11,7,6,18,17,14
Slc5a5,18,11,19,9,6,8
BB557941,3,2,2,24,20,19
Oaz3,11,10,9,12,13,10
Fosl1,12,11,9,12,15,12
Zfp982,11,11,16,12,12,17
1110017D15Rik,12,18,17,7,9,7
Gm16982,7,8,8,14,18,15
Mctp1,11,15,12,9,13,10
Artn,8,7,6,18,15,18
Pdxk-ps,10,10,11,11,13,10
Gm32031,8,10,8,11,16,11
Kcne1l,3,3,4,18,18,19
Gm19461,6,6,5,14,18,26
2017-09-04 00:00:00,8,14,5,13,15,12
Foxs1,0,0,0,17,21,20
Syna,12,9,10,19,13,11
Gm10324,16,11,17,9,8,9
Smox,7,9,10,18,14,12
Mylk2,4,4,4,21,17,22
Tnfrsf18,6,4,3,18,21,22
Dnah7a,8,15,11,10,12,12
Gm9958,12,12,9,12,11,11
Gm26839,8,6,9,16,18,14
Kcnmb4,13,11,11,12,11,11
Gpr62,16,14,17,8,7,11
Mroh5,10,10,14,10,10,15
B230311B06Rik,12,13,13,10,10,13
Cd59b,8,7,6,16,24,16
P2rx2,18,21,14,6,5,4
A430057M04Rik,15,9,12,15,12,11
Syce2,14,15,14,6,9,8
1600014C23Rik,3,4,4,20,16,21
Cldn34c2,11,11,10,10,8,9
Slc47a2,7,6,6,13,16,12
Tstd1,8,8,8,13,16,18
1700028J19Rik,14,10,16,11,9,11
Mansc1,6,7,5,15,11,13
Pnoc,6,5,5,17,16,17
3010001F23Rik,8,8,8,14,15,12
3300005D01Rik,20,25,14,7,6,9
Smim18,8,12,6,21,17,13
Cspg4,4,3,4,28,22,18
Gm7134,15,15,9,10,8,9
Enpp6,7,7,6,11,21,23
Pigz,4,4,3,26,20,19
Adora1,4,3,3,17,21,14
4933411K16Rik,5,6,6,18,14,24
B430319G15Rik,17,8,8,9,9,11
Cfap221,24,16,15,2,2,2
Ahsg,3,5,4,14,15,19
Ccdc148,7,9,7,17,21,12
5033417F24Rik,10,12,10,13,12,12
Cldn9,2,2,2,18,19,19
Lrrc46,7,6,7,15,17,15
Phospho1,8,11,10,10,10,13
Tmem88b,10,9,8,13,13,18
A330040F15Rik,6,5,9,15,19,16
Ttc21a,8,8,6,14,18,18
Cort,13,10,13,8,9,13
Psg16,4,4,3,18,20,19
Upk1b,5,5,5,16,18,17
Gm15735,17,16,9,7,7,7
Lat2,9,11,8,11,8,17
Galnt15,5,3,4,23,17,18
S100a3,5,6,5,15,14,17
Ctf2,11,14,17,10,6,9
Npm2,12,13,10,9,6,9
Slc30a3,9,9,14,14,14,10
Lepr,11,9,11,8,13,9
Pex11a,9,8,7,20,13,9
Lekr1,9,12,10,7,9,11
Snord34,13,10,9,10,10,8
Pmel,10,13,9,10,10,10
Wfdc1,3,3,3,22,16,15
Prr33,10,7,7,15,13,12
Gm19705,5,7,6,13,13,18
Snord83b,11,15,12,9,7,6
Adtrp,5,3,5,20,22,16
B230216N24Rik,10,9,7,12,12,11
A930017K11Rik,11,12,13,8,7,10
Cxcl10,17,14,12,7,6,10
Scn4a,8,7,8,14,17,18
Tbx6,7,8,7,15,11,16
Cdcp2,3,2,2,22,18,20
Tssk1,10,7,14,10,15,12
Ttll13,8,8,8,14,14,13
Comp,4,7,6,15,11,14
Esam,5,5,4,17,18,14
Tdo2,11,15,11,7,10,8
Gpr182,7,7,7,12,13,13
Platr8,8,14,16,8,13,8
Abca4,13,12,14,10,15,16
Cybrd1,14,10,10,12,11,10
Pkd1l2,11,7,8,11,11,10
Tgfbr3l,3,7,7,24,16,18
Gpr20,1,1,1,16,17,33
Snord32a,13,9,8,9,8,8
D030068K23Rik,5,7,8,12,13,13
Gm14827,11,16,12,6,7,7
Tomm6,10,11,9,12,9,10
Lrrtm1,11,6,9,13,11,12
Cend1,12,15,15,6,7,8
Fgf2,7,8,5,13,11,16
Mfsd4b2,8,9,9,11,13,17
Pcdhb12,4,4,4,20,15,14
Atad3aos,10,10,12,10,10,11
Atp1a4,10,8,12,11,11,12
Adgb,4,3,3,20,22,21
Hipk4,9,11,8,7,8,11
Pdf,13,17,10,11,11,12
Sh3bgr,7,13,8,14,13,9
Eya2,10,10,9,10,16,9
Gm5934,10,6,8,14,16,12
Accsl,9,8,7,14,13,16
Tal2,12,10,12,12,11,7
Gm14167,10,8,11,10,11,9
Fam83h,10,7,10,14,10,10
Itgb7,8,9,7,11,9,13
Rem1,8,8,9,10,15,16
Sptbn2,13,11,12,10,8,8
Rho,9,6,7,11,17,12
Vmn2r29,9,9,9,13,13,15
Trpc6,7,6,6,14,12,11
Hydin,6,4,7,17,15,13
Tcam1,12,11,14,7,8,10
Gpr156,7,7,9,12,10,15
Ube2v1,11,10,8,11,9,9
