gene,undifferentiated,differentiated
mt-Cytb,124624,106893
mt-Co2,86145,73159
mt-Atp6,85163,71324
mt-Co3,83095,68208
mt-Nd4,65945,63792
mt-Nd1,64572,58718
Rplp2,48230,44924
Eef1a1,49864,37140
Hsp90ab1,46134,34058
Rpl41,39338,37125
Actb,41168,32130
Rack1,36824,35119
Rps21,36571,33560
mt-Nd2,34249,32268
Rps12,37487,28518
Rplp1,32233,29541
Rps26,27521,26630
Rps14,27775,25676
Rpl18a,23424,23138
Tubb5,27432,19070
mt-Nd3,22072,23589
Rpl31,22489,21614
mt-Co1,25179,18142
Rps24,23976,16018
Rpl37,20388,18622
Rpl32,20782,17522
Rpl8,20288,17928
Rpsa,19535,18653
Rps15a,21396,16774
Rpl4,20228,17312
Rps27a,21042,16391
Rps4x,20439,16877
Tpt1,21040,15995
Rpl11,18632,16099
Rpl7a,18476,16087
Gnas,21582,12794
Rpl7,18195,15782
Rps5,17275,15883
Ptma,20921,11981
Eef2,17099,15070
Rpl14,17624,13686
Rpl5,17101,13857
Fth1,13365,17241
Rps3,15408,13845
Rpl22,15916,13235
Ppia,16602,12426
Atp5f1b,14450,14087
Rps15,14079,14289
Rps23,15465,12825
Map1b,17691,10093
Rpl10,14858,12863
Scd2,14416,13201
Rps17,14435,13008
Rps25,15415,11645
Npm1,15618,11437
Rps20,13590,13051
Tuba1a,13486,12863
Ubb,13637,12606
Rpl23a,13208,12951
Btf3,14550,11295
Rps29,13054,12257
Rps9,13497,11438
Pcbp2,14480,10123
mt-Nd5,12840,11619
Rpl23,13031,11349
Fau,12668,11430
Actg1,14690,8776
Rps19,12103,11065
Rpl27,12178,10888
Rps7,12813,10110
Rps16,13069,9761
Pfn1,12714,10053
Rps2,11308,10503
Rpl30,10616,11069
Rpl12,11966,9680
Rps18,11077,10553
Pabpc1,11527,9657
Ldha,11629,9350
Rpl3,11194,9301
Uba52,10649,9754
Cox4i1,10554,9298
Hspa8,10634,9123
H3f3b,11247,8302
Maged1,11512,7888
Calm1,9959,9414
Hnrnpab,11242,8067
Rpl6,10201,9025
Rpl9,10376,8814
Rpl28,9853,9157
Gnb1,10291,8576
Ftl1,9843,8812
Mif,9191,9455
Rpl34,10439,8114
Mest,10776,7746
Aldoa,9304,9070
Gm57854,9303,9067
Rpl27a,9568,8651
Rpl19,9068,9144
Rpl18,9518,8630
Naca,10244,7698
Gnb2,9694,8228
Rps10,8978,8826
S100a6,8109,9682
Rps11,9273,8221
Rplp0,9153,8097
Slc25a4,9042,8096
Uqcrq,7550,9339
Prph,8592,8279
Rpl17,9414,7452
Prkar1a,9734,7064
Ddit4,7916,8828
Ndufa4,9566,7063
Chchd10,6259,10086
Rpl39,8534,7797
Psmb1,7815,8248
Rps13,8644,7326
Ddx5,9910,6048
Gm49804,8083,7860
Ybx1,9095,6797
Hsp90aa1,9593,6252
Eno1,8659,7168
Eif5a,8179,7616
Cox5b,7935,7776
Rps8,8938,6735
Rpl13,8359,7090
Eef1b2,8028,7188
Atp1a1,8937,6274
Rpl13a,8482,6714
Eprs1,8245,6764
Bsg,7368,7638
Set,8619,6357
Nap1l1,8907,6019
Cct4,8176,6638
Eif3f,7898,6846
Rps28,7225,7476
Rps27,8066,6615
Rpl36,7901,6732
Chgb,9035,5555
Lgals1,6964,7540
Atp5mc3,7745,6584
Pkm,7751,6561
Rpl38,7358,6944
Cox7c,6939,6959
Cfl1,7587,6131
Tuba1b,7474,6124
Rpl37a,7189,6285
Tcf4,8162,5253
Cct2,7336,6070
Tagln2,7069,6044
Slc25a5,6966,6016
Ywhaz,7320,5616
Uba52rt,6532,6329
Eif3h,6284,6312
Ncl,8368,4149
Ptges3,7154,5298
Rpl35,7075,5315
Chchd2,6296,6008
Aco2,6362,5796
Gapdh,5946,6166
Eif1,6473,5571
Asns,5262,6592
Vgf,5678,5988
Cct6a,6660,4985
Cox8a,5688,5830
Rpl10-ps3,5845,5612
Hnrnpu,6991,4364
Cox5a,5928,5412
Myl6,5982,5344
Hsp90b1,6462,4796
Atp5f1a,6291,4961
Ran,6489,4756
Cox6c,5852,5345
Acly,6994,4198
Eif3c,5760,5430
Sub1,6058,5056
Gm45713,6231,4840
Hspa9,5667,5328
Hnrnpa2b1,6690,4204
Rpl10a,5909,4960
Ranbp1,6626,4213
Arf1,6301,4528
Fscn1,6427,4398
Prdx1,6411,4278
Eef1g,5746,4874
Marcks,5470,5115
Calm3,5734,4842
Atf4,4772,5729
Tubb3,5198,5074
Eif4g2,5802,4453
Atp5f1c,5498,4753
Canx,5698,4550
Hnrnpl,6200,4026
Hand2,5477,4694
Psma7,5860,4305
Rcc2,5784,4290
Slc7a5,4942,5128
Vdac1,5290,4706
Hint1,5472,4518
Rpl21,5583,4301
Vim,5819,4016
Rars1,4922,4875
Hdgf,5266,4469
Sod1,4920,4772
Rps6,5379,4299
Micos10,5123,4526
Phox2a,6476,3171
G3bp1,5668,3942
Peg3,6375,3178
Arpc2,5480,4030
Eif2s2,4980,4484
Rpl36a,4752,4707
Cct8,5341,4111
Cox6a1,4508,4929
Srrm2,5650,3762
Rpl35rt,5220,4138
Cd9,5143,4178
Rhox5,4656,4610
Rac1,5020,4185
Lars2,4342,4842
Tcp1,5081,4037
Hnrnpa1,5542,3476
Atp5f1d,4508,4392
Cdc42,4708,3954
Pfdn2,4988,3630
Cox7a2,4482,4116
Ccnd1,4896,3688
Ywhab,4410,4155
Cct5,4417,4081
Cox6b1,4500,3961
Cct7,4367,4089
Psmb3,4644,3688
Ywhae,4638,3684
Hnrnph1,5284,2981
Rbx1,4676,3578
Rps3a1,4541,3702
Tpi1,4162,4060
Rpl15,4546,3636
Sox4,5275,2832
Fkbp1a,4514,3588
Hnrnpk,4568,3528
Cd81,3986,4094
Sdhb,3527,4538
Tbca,4794,3228
Cotl1,3674,4326
Eno1b,4288,3692
Dynll1,4480,3499
Gars1,3955,4020
Pcbp1,5055,2841
Snrpf,3846,3950
Atp5po,4001,3794
Ptms,4323,3466
Morf4l2,4477,3311
Mdh2,4208,3578
Phf10,3541,4210
Rpl24,4086,3664
Irf2bp2,4475,3262
Aprt,3655,4010
Capzb,4218,3424
Grina,3550,4054
Chd4,4782,2821
Atp5f1e,4016,3586
Slc38a1,4028,3544
Eif3d,4050,3488
Mdh1,3906,3624
Hspa5,3802,3715
Psap,4496,3010
Serbp1,4264,3218
Actn1,4334,3142
Hspe1,4012,3442
Atp5pd,3900,3552
Lsm7,4282,3092
Dpysl3,4696,2653
Skp1,4212,3135
Hspd1,3946,3392
Wdr89,3618,3701
Gnai2,3754,3477
Eif4b,4360,2871
Rplp2-ps1,3531,3612
Ppp2r1a,3921,3176
Calr,3639,3320
Sem1,3530,3428
Oaz1,4358,2594
Cacybp,3848,3091
Mapt,3500,3430
Slc3a2,3852,3021
Cyc1,3115,3740
Igfbp4,2924,3902
Fasn,3557,3225
Pebp1,3355,3400
Atxn2l,3601,3120
Fus,4326,2388
Ubc,3450,3254
Ppp1r14b,3688,3012
Baiap2l1,3768,2925
Srsf3,3875,2796
Sqstm1,3291,3353
Tcf25,3797,2845
Snrpd3,3624,3014
Gdi2,3796,2838
Olfm1,3751,2869
Ywhag,3601,3018
Uchl1,3684,2934
Ddx39b,3886,2674
Cst3,3331,3211
Eif4h,3666,2847
Eif3e,3628,2872
Crmp1,3543,2956
Hsbp1,3186,3302
Asl,4108,2374
Atp5mf,3468,3005
Wdr26,3718,2732
Gap43,3030,3360
Ywhah,3804,2552
Jund,3330,3007
Prdx2,3516,2814
Psmb2,3644,2681
Eif5b,3568,2753
Enc1,3452,2828
Rrbp1,3784,2466
Snrpd2,3189,3050
Txn1,3308,2926
Marcksl1,3880,2344
Eif4ebp1,2813,3401
Serf2,3360,2854
St13,3644,2544
Ctsd,3093,3080
Ndufc2,3269,2896
Nedd4,3742,2410
Dbi,3902,2232
Nfib,3606,2508
Cdk4,3514,2598
Tmsb10,3448,2649
Hmgcs1,2734,3300
Copa,3587,2440
Elob,2966,3051
H3f3a,3527,2486
Rbm39,3684,2326
Eef1a2,3472,2519
Rbms1,3594,2364
Slc25a3,3372,2585
Rps18-ps6,3187,2719
Psmd7,3280,2598
Ppp1ca,2994,2866
Psmb7,2844,3000
Son,3456,2383
Hmgcr,2929,2896
Ddost,3237,2558
Snrnp70,3698,2096
Alyref,3474,2312
Ndufb9,2833,2952
Rps27l,3602,2178
Uba1,3030,2727
Tubb4b,3074,2677
Eif3a,3910,1840
Atp6v0e,3129,2613
Ppp4c,3152,2571
Scd1,2938,2776
Prmt1,3058,2646
Rnf187,2781,2907
Pa2g4,3123,2557
Trim28,3291,2370
Atp5pf,2996,2658
Cd63,2928,2696
Mia3,3344,2279
Atp5pb,2872,2737
Ybx3,3068,2526
Psma2,2992,2572
Hnrnpa0,2922,2632
Xpo1,3289,2261
Tomm20,3289,2255
Chrna3,2944,2588
Cnbp,3316,2206
H2ac23,3117,2402
Ndufb11,2858,2655
Ppp1cb,3036,2470
Arid1a,3244,2254
Cox7b,3084,2414
H2ac24,3107,2390
P4ha2,3153,2329
Tsnax,2938,2541
Cbx6,3242,2238
Metap2,3276,2200
Psat1,2561,2860
Ppp2ca,3020,2392
Csnk1a1,3072,2332
Eif4g1,3238,2149
Park7,2618,2764
Cadm1,3424,1956
Eif3i,2891,2484
Cltc,2970,2379
Cox5b-ps,2640,2702
Ndufa6,2584,2729
Ddb1,2797,2513
Pdia3,2912,2394
Pfkl,2997,2290
Gpi1,2810,2468
Laptm4a,2840,2438
Map4k4,3052,2224
Srebf1,2802,2440
Cct3,2989,2252
Nme1,2766,2475
Ndufs2,2776,2464
Aars1,2818,2420
Uqcrb,2673,2557
Nup93,3488,1734
Banf1,2822,2385
Sf3b1,3188,2010
Tmbim6,2341,2850
Sdhc,2716,2464
Cs,2596,2583
Stmn3,2660,2499
Larp1,3032,2108
Swi5,2711,2419
Top2a,3468,1634
Ptn,2730,2360
Prrc2c,3127,1951
Caprin1,3060,1997
Ewsr1,3242,1812
Tpr,3224,1800
Romo1,2520,2499
Trir,2741,2266
Flna,2861,2133
Tkt,2412,2576
Gpx4,2476,2503
Rap1b,2983,1994
Rnf149,3047,1929
Kars1,2630,2335
Pfdn5,2758,2178
Pdap1,2667,2263
Rhoa,2593,2322
Fkbp4,2503,2411
Rgs4,2772,2140
Eif3m,2855,2052
Atxn7l3b,2770,2128
Atp6v1b2,2803,2087
Slc2a3,2797,2091
Fbl,2784,2097
Tecr,2455,2425
Atp5mc1,2449,2424
Gna13,2985,1880
Csde1,2814,2042
Dynlrb1,2468,2386
Timm13,2257,2593
Sec61b,2707,2134
Vcp,2657,2184
Emb,2935,1894
Mrpl30,2550,2265
Snrpb,2623,2190
Ndufv3,2518,2286
Arhgdia,2548,2249
Rbbp7,2724,2072
Hnrnpa3,2928,1863
Hdac2,3016,1762
Fdps,2094,2680
Nme1nme2,2581,2193
Psmb4,2312,2462
Slc38a2,2754,2014
Cd24a,2926,1830
Vdac3,2414,2322
Hnrnpc,2750,1978
Nsa2,2562,2148
Tubb2b,2270,2439
Rsl1d1,2620,2076
Dnaja1,2486,2191
U2af1,2694,1970
Larp4b,2488,2172
Nucks1,2833,1825
Sfpq,2944,1707
Ndufa13,2258,2380
Ddx3x,2933,1688
Srp14,2651,1970
Snrpe,2602,2016
Basp1,2574,2040
Pfkp,2502,2110
Clta,2556,2052
Alkbh5,2583,2016
Rrp1,2606,1991
Rpl26,2421,2159
Cnot6,2706,1869
C1qbp,2641,1934
Enah,2540,2034
Ssrp1,2656,1910
Hmgb2,2888,1676
Noct,2970,1589
Eif2s3x,2654,1895
Atp6v1a,2300,2240
Uqcr10,2374,2166
Wdr6,2353,2185
Adgrl1,2801,1728
Psma6,2543,1979
Fam162a,2539,1982
Psmd2,2550,1966
Acot7,2339,2175
Anp32b,2739,1766
Ube2c,2655,1849
Rnf126,2572,1918
Stip1,2435,2044
Ubr5,2852,1624
Arf5,2240,2229
Top1,2724,1744
Tle5,2138,2315
Mtdh,2493,1960
Ptbp1,2412,2036
Srsf2,2703,1739
Rbm25,3011,1417
Rbm8a,2377,2040
Ube2d3,2421,1993
Uqcrc2,2402,2004
Rpn2,2415,1990
Irs2,3155,1245
Pcbp3,2721,1679
Eif3l,2548,1849
Ndufs6,2182,2208
Bnip3,2319,2054
Tsn,2323,2032
Mprip,2474,1874
Shc1,2416,1916
Nars1,2308,2018
Elavl4,2743,1570
Srsf1,2694,1616
Mrfap1,2106,2199
Dut,2570,1732
Ndufa8,2369,1922
Phb2,2286,2006
Ndufab1,2221,2069
Egln1,2235,2049
Serinc1,2540,1738
Sparc,1875,2403
Cited2,2136,2136
Ghitm,2116,2154
Atp5mk,2522,1746
Csnk2b,2271,1986
Ciapin1,2067,2185
Rpl36al,2101,2145
Kpnb1,2489,1747
Erh,2521,1709
Snx3,2141,2074
Sptbn1,2489,1724
Eloc,2250,1961
Mat2a,2736,1465
Got2,2333,1859
Cbfb,2821,1359
Calm2,2486,1692
Snrpd1,2392,1785
Ankrd11,2790,1387
Cxxc5,2571,1602
Srsf7,2544,1604
Anp32a,2461,1686
Ifitm2,2365,1778
Kdm6b,2178,1964
Sqle,1859,2282
Psma1,2154,1985
Eif4a1,2309,1824
Cops3,2284,1844
Bclaf1,2702,1422
Lamp1,2242,1871
Bex2,2232,1872
Psmb6,2038,2065
Sars1,2058,2037
Ndufs7,2047,2031
Rad21,2558,1512
Atp5me,2111,1953
Cebpb,1912,2150
Hnrnpm,2578,1476
Rab6a,2204,1846
Eif4g3,2194,1844
Clcn3,2266,1770
Npdc1,2153,1879
Raly,2018,2013
Msmo1,1794,2230
Bub3,2338,1680
Fbxl20,2846,1155
Elavl1,2380,1618
Psma3,2233,1764
Ube2b,2446,1548
Gspt1,2435,1555
Spcs2,2159,1829
Cdc34,1946,2038
Dusp6,2163,1819
Fbln1,2084,1897
Nsg2,3023,956
Dnaja2,2198,1777
Snrpb2,2270,1698
Taldo1,2011,1954
Eif3g,2014,1947
Rtn4,2248,1711
Tesc,1824,2134
Slc16a3,2155,1802
mt-Nd4l,2257,1692
Brd2,2454,1494
Slc25a39,2032,1912
Macroh2a1,2262,1679
Lars1,2146,1787
Ak2,2420,1508
Rbbp4,2478,1444
mt-Atp8,2336,1581
Surf4,2134,1781
Midn,2312,1598
Sf3b3,2330,1573
Slc1a5,1941,1954
Cnot1,2292,1602
Tomm22,2092,1801
Nme2,2083,1810
Vdac2,2095,1793
Hmgn1,2131,1750
Lmo1,1877,1998
Ndufa12,2022,1852
Saraf,2008,1862
Nsfl1c,2168,1700
Sec61a1,1792,2070
Leprotl1,1778,2079
Polr2c,1967,1886
Ndufb8,1959,1887
Rab14,2112,1733
Rsrp1,2434,1410
Eif3k,2087,1748
Arf4,2079,1756
Srebf2,2010,1824
Kdelr2,2066,1763
Txnrd1,2124,1704
Taf10,1893,1933
Aamp,2103,1719
Lonp1,1790,2019
Ywhaq,2079,1726
Ube2m,1980,1822
Myl12a,2139,1663
Ndufv2,1982,1818
Tspan31,2059,1740
Uqcrh,2016,1783
Shmt2,2022,1776
Rab1a,2041,1747
Sf3b5,2006,1782
Ina,1917,1866
Idh3g,2087,1695
Klf7,2312,1467
Get3,1772,1999
Rdx,2113,1647
Atp5if1,1956,1800
Ncam1,2744,1010
Ndufb7,1864,1888
Uqcrc1,1816,1932
L1cam,2282,1456
Nop10,1984,1754
Hspa4,2092,1639
Cope,1798,1923
Gm8797,1849,1872
Gsk3b,2151,1560
Ganab,1996,1712
Gdi1,1994,1700
Pum2,2194,1499
Snd1,1996,1694
Eef1d,1960,1728
Mapk1,2081,1606
Csnk1e,2209,1478
Eif3b,2137,1548
Tardbp,2385,1298
Spock2,2402,1278
Smarca5,2170,1508
Snap25,2093,1584
Tgfb2,1837,1836
Atp5mj,1945,1727
Nono,2120,1505
Gnao1,1983,1642
Ube2s,1879,1744
Nsun2,2022,1591
Snrpc,1902,1701
Xbp1,1862,1739
Ppp3r1,2004,1594
Glrx3,2012,1577
Actr2,1864,1724
Arf3,1996,1584
Arl6ip1,2157,1420
Stmn1,2118,1458
Fads1,1760,1816
Samm50,1801,1772
Kdm1a,2124,1439
Afdn,2006,1552
Actn4,1960,1594
Csnk2a1,1963,1576
Uqcr11,1657,1880
Oxct1,1996,1541
Ptp4a2,1924,1610
H2az2,1982,1548
Laptm4b,1746,1783
Cstb,1771,1756
Vapa,2054,1470
Zfp706,1814,1703
Nfe2l1,1738,1768
Ndufa5,1688,1814
Nktr,2370,1130
Paip2,1934,1556
Psip1,2136,1352
Luc7l2,2253,1232
Psmd14,1971,1507
Rtraf,1982,1491
Snrnp200,1919,1554
Pbrm1,2012,1460
Ndufa7,1729,1738
Celf4,2226,1240
Ahnak,1509,1954
Ctnnb1,2075,1381
Ctbp1,1884,1568
Ago2,1902,1548
Nudt21,1945,1503
Bzw2,1846,1601
Rtn3,1890,1550
Xpot,1884,1546
Ube2i,2023,1404
Noc2l,1956,1468
Mthfd2,1795,1628
Itgb1,2009,1414
Tars1,1797,1622
Pomp,1704,1712
Tra2b,2178,1238
Msn,2043,1371
Ankrd17,2024,1386
Mrps14,1580,1829
Tm9sf5,1937,1468
Dynlt1b,1851,1552
Atp5mc2,1746,1654
Tomm7,1786,1613
Phf5a,1875,1522
Ndufa10,1687,1695
Ndufa1,1553,1822
Tspan13,1915,1459
Rer1,1758,1614
Prnp,1843,1528
Mlf2,1752,1618
Sap30,1898,1466
Sod2,1704,1656
Atp6v1g1,1642,1717
Snrpg,1986,1368
Huwe1,1976,1377
Acin1,2194,1153
Dynlt1a,1789,1549
Pdxp,1659,1676
Wnk1,2022,1312
Pdia6,1846,1484
Pik3r2,1512,1810
Hpf1,1800,1520
Ube2n,1952,1367
Anxa2,1890,1427
Arglu1,2141,1172
Ube3a,1944,1366
Nudc,1868,1442
Dnajc7,1744,1563
Polr1d,1818,1488
Glg1,1862,1443
Hmgb1,2196,1101
Gna11,1764,1529
Npepps,1877,1411
Smc4,2084,1203
Psmc6,1846,1440
Racgap1,2152,1134
Calu,1816,1464
Naa10,1696,1580
Rab2a,1762,1508
Eif5,1972,1298
Matr3,1952,1313
Ccnb1,1951,1306
Nutf2,1869,1383
Paics,1934,1313
Bax,1718,1529
Higd1a,1478,1766
Sptan1,1846,1396
Mybbp1a,1814,1424
Atxn10,1793,1444
Cavin2,1774,1460
Esf1,1748,1483
Acbd6,1592,1637
Sbno1,2036,1191
Cemip2,2073,1152
Purb,1946,1274
Psma4,1780,1437
Wwc2,2101,1115
Atp6v0c,1587,1628
Idh3b,1693,1522
Ndufa2,1487,1723
1110004F10Rik,1838,1365
Nhp2,1658,1545
Psme4,1704,1497
P4hb,1882,1318
Dynlt1f,1748,1450
Lypla2,1675,1522
Capza2,1872,1320
Arpc5,1997,1194
Rpa3,1943,1244
Ube2srt,1627,1559
Cdk11b,1823,1363
Ndufb5,1632,1551
Bzw1,1942,1238
Atf5,1482,1697
Dctn2,1634,1541
Hnrnpd,2001,1166
Tpp2,1896,1271
Odc1,1735,1430
Sf1,1912,1249
Tial1,1934,1223
Cd47,1628,1521
Cfap36,1605,1543
Pbx1,1966,1180
Smc3,2078,1067
Prpf19,1569,1576
Nipbl,1888,1250
Crip2,1798,1339
Prelid1,1542,1592
Dynlt1c,1707,1423
Dazap1,1850,1278
Kif5b,1779,1349
Myh9,1788,1338
H1f10,1909,1211
Cox17,1567,1552
Vars1,1566,1544
Ube2r2,1679,1430
Srsf5,1747,1362
Pgam1,1722,1383
Copb2,1774,1328
Cyb5b,1647,1455
Smarcc1,1947,1153
Ppig,1960,1138
Selenow,1192,1906
Lrrc59,1596,1498
Ncor1,1888,1200
Tmpo,1880,1206
Rbm17,1840,1244
Rabac1,1377,1706
Atox1,1728,1352
Prkaca,1526,1552
App,1630,1448
Strap,1640,1438
Yars1,1471,1603
Tnpo3,1662,1407
Ipo7,1706,1361
Gabarap,1602,1458
Txn2,1585,1475
Ret,2117,939
Sf3b6,1819,1233
Dkk3,1848,1204
Cyb5r3,1775,1275
Ndufb6,1646,1396
Mrpl15,1638,1404
Psme3,1810,1229
Srp72,1710,1326
Smdt1,1565,1470
Tomm70a,1679,1356
Rpl35a,1660,1374
Gm49383,1535,1498
Ciao2b,1602,1423
Selenok,1680,1343
9530068E07Rik,1662,1359
Ap1s1,1633,1384
H2az1,1808,1207
Psma5,1858,1157
Cops6,1587,1424
Mtch1,1656,1353
Myc,1970,1038
Mtch2,1652,1341
Etfa,1731,1260
Txndc9,1702,1286
Psph,1284,1703
Herc1,1784,1197
Irf2bpl,1716,1265
Psmc3,1540,1438
Derl1,1446,1530
Kif1b,1727,1246
Psmd3,1579,1394
Prpf40a,1871,1100
Cetn3,1700,1270
Tmed10,1645,1322
Psmd12,1638,1320
Ola1,1543,1412
Dhcr7,1309,1644
Cox7a2l,1478,1468
Usp34,1720,1222
Arpc3,1539,1402
Arf6,1600,1336
Psmd8,1537,1398
Dctn3,1537,1398
Celf1,1754,1179
Hnrnpdl,1772,1161
Lrrc58,1730,1199
Id1,2347,576
S100a10,1725,1190
Srsf10,1890,1020
Ssr4,1540,1370
Ppib,1577,1332
Psmd11,1551,1347
Rangap1,1643,1255
Stx16,1856,1042
Smarcb1,1517,1380
Nutf2-ps1,1650,1235
Ube4b,1675,1203
Rnf4,1732,1144
Eif2b2,1684,1187
Prpf8,1598,1271
Maz,1414,1455
Sec13,1535,1334
Srrm1,1708,1160
Mapk8ip1,1474,1393
Gpx1,1298,1568
Gstp1,1472,1393
Aurkaip1,1483,1382
Txnl1,1595,1269
Fubp1,1744,1118
Lsm4,1534,1327
Cox14,1499,1358
Gpm6b,1681,1175
Trmt112,1510,1343
Srsf6,1920,933
Arid2,1665,1186
Hsph1,1638,1211
Ddx39a,1685,1160
Hnrnpr,1760,1084
Ttc3,1824,1019
Nop58,1648,1194
Ndufs4,1575,1264
Zcrb1,1471,1364
Pcmt1,1516,1318
Prdx6,1618,1215
Clic1,1479,1352
Nob1,1493,1338
Cfdp1,1646,1184
Pcbp4,1570,1260
Mbtps1,1648,1180
Sf3b2,1746,1081
Tsfm,1604,1222
Picalm,1587,1236
Dst,1709,1110
Mrpl53,1583,1235
Amfr,1447,1363
Sdha,1460,1348
Psmc1,1478,1330
Snrpa,1505,1301
Sec61g,1575,1230
Aff4,1740,1064
Pfdn4,1665,1135
Manf,1480,1317
Chchd1,1627,1169
Gch1,1671,1121
Emg1,1570,1221
Prrc2a,1418,1372
Csnk1d,1529,1255
Atp2b1,1708,1074
Eny2,1512,1268
Dhx9,1831,948
Emd,1406,1371
Gls,1653,1124
Sh3bgrl3,1117,1659
Polr2e,1539,1235
Atp6v1e1,1510,1262
Nsd2,1653,1112
Ndufa9,1424,1341
Ogt,1728,1035
Hyou1,1481,1280
Rpn1,1575,1184
Tmed4,1537,1221
Ddx17,1657,1100
Pmp22,1860,895
Ppm1g,1529,1223
Smarcd1,1548,1192
Sf3a1,1557,1178
Tmem258,1412,1321
Gtpbp4,1528,1204
Erhrt-ps,1606,1124
Slc7a1,1551,1177
Farsa,1468,1259
Cd151,1458,1270
Mbnl2,1610,1115
Peli1,1668,1056
Ogdh,1467,1257
Srm,1363,1358
Larp4,1556,1162
Rbms3,1672,1044
Dync1h1,1427,1289
Vegfa,1378,1336
Pcp4,925,1789
Dpysl2,1549,1161
Rab10,1450,1256
Dync1li1,1450,1251
Cd164,1542,1158
Eif1ax,1434,1266
Krtcap2,1321,1377
Yme1l1,1556,1136
Gsr,1498,1194
Cdc16,1526,1163
Atp6ap1,1364,1325
Ccni,1600,1084
Ttyh3,1456,1225
Ptgir,1541,1140
Plod3,1404,1276
Ak6,1500,1179
Nop56,1723,954
Cycs,1426,1250
Pcm1,1744,930
Dtymk,1607,1064
Cnn3,1654,1014
Bod1l,1696,972
Pura,1538,1124
Mta1,1526,1129
Lsm6,1518,1135
Ldlr,1534,1118
Fkbp3,1478,1172
Syt1,1614,1036
Sarnp,1549,1100
Cyp51,1276,1372
Abce1,1498,1148
Mapre1,1498,1143
Nop53,1388,1251
Mtpn,1470,1168
Nudt3,1430,1204
Prrc2b,1672,960
Uck2,1391,1239
Cnr1,1668,958
Zkscan17,1584,1042
Supt16,1684,933
Rab11a,1452,1163
Mrpl20,1334,1281
Trib2,1437,1175
Ddx21,1535,1076
Ssb,1592,1016
Znrf1,1467,1140
Coro1c,1419,1187
Cops2,1464,1142
Mafg,1488,1118
Dohh,1344,1262
Rwdd1,1429,1174
Khdrbs1,1471,1130
Parp1,1603,994
Wipi1,1534,1059
Ndufb10,1435,1156
Mknk2,1153,1438
Lims1,1568,1019
Tubb2a,1185,1401
Trip12,1558,1026
Nup88,1535,1048
Puf60,1510,1072
Glrx5,1361,1220
Atp6v1h,1436,1142
Ppm1l,1368,1209
Nav1,1698,876
Cbx5,1636,934
Pgls,1333,1236
Mcrs1,1359,1210
H2-K1,1282,1283
Anxa6,1283,1282
Mtx2,1459,1104
Ruvbl2,1327,1230
Cnot7,1458,1098
Tnpo1,1518,1036
Usp19,1469,1082
Magoh,1420,1131
Ank3,1474,1070
Fxr1,1550,994
Aimp1,1280,1264
Pold2,1248,1292
Mettl9,1440,1098
Dda1,1352,1184
Dynll2,1392,1143
Ash2l,1421,1113
Tusc3,1412,1121
Nufip2,1508,1021
Slc25a1,1182,1346
Zc3h15,1512,1015
Skic8,1350,1177
Srp68,1421,1102
Fkbp8,1251,1269
Ptov1,1398,1121
Septin2,1451,1067
Wasl,1377,1139
Akr1a1,1346,1169
Eif2s1,1440,1075
Usp7,1506,1006
Pgp,1189,1323
H1f0,1488,1023
Ctsl,1204,1304
Ddx1,1315,1189
Junb,1587,915
Ssr3,1409,1091
Gtf2e2,1402,1095
Acat1,1424,1073
Tmem59,1397,1099
Rab5if,1214,1279
Nisch,1472,1021
Khsrp,1394,1097
Cse1l,1465,1022
Slc36a1,1888,598
Spred2,1456,1030
Mid1ip1,1402,1081
Taok1,1416,1066
Camk2n1,1587,893
Ppp2r5a,1207,1273
Nckap1,1432,1046
Scaf11,1598,880
2510039O18Rik,1364,1112
Dazap2,1354,1118
Atp6v1f,1132,1338
Trps1,1400,1068
Brix1,1423,1041
Stoml2,1380,1080
Vbp1,1452,1006
Ube2k,1318,1140
H13,1444,1011
Snu13,1328,1125
Tuba1c,1308,1144
Ilf2,1514,934
Tcea1,1279,1167
Srp9,1324,1118
Cep44,1667,775
Cttn,1373,1068
Arpp19,1313,1128
Nsmce1,1384,1056
Ckap5,1449,990
Ndfip1,1314,1125
Fdft1,1198,1240
Hspb8,1250,1188
Morf4l1,1468,969
Marchf11,1574,858
Rheb,1322,1110
Sdcbp,1380,1051
Myef2,1471,960
Eef1e1,1497,934
Crip1,1562,865
Rundc3a,1334,1092
Hdlbp,1269,1156
Cdk1,1552,873
Gar1,1321,1103
Psmc2,1172,1249
Cops5,1300,1119
Pes1,1374,1040
Edf1,1206,1209
Maea,1309,1105
Timm44,1418,995
Pcdh1,1371,1042
Bola2,1261,1149
Scarb2,1236,1172
Ssu72,1172,1234
Fh1,1294,1110
Ndufa3,1178,1225
Timm17a,1379,1024
Dad1,1211,1191
Poldip3,1341,1060
Uqcrfs1,1278,1122
Ufc1,1255,1145
Tsen34,1387,1012
Ipo5,1312,1086
Sez6l2,1194,1202
Copz1,1225,1171
Mrto4,1279,1115
Lgmn,1252,1142
Tspan7,1295,1098
Csnk2a2,1316,1076
Lamtor1,1387,1002
D8Ertd738e,1189,1199
Cdk2ap1,1275,1112
Trim35,1275,1112
Ndufv1,1157,1230
Ube2j2,1339,1042
Akap12,1544,834
Bag6,1409,969
Safb,1512,864
Hars1,1280,1096
Atad1,1318,1057
Cand1,1426,946
Atp2a2,1384,988
Actr3,1380,989
Mgat4b,1354,1013
Fgfr1,1409,955
Gm13889,1134,1228
Tmed7,1344,1019
Gigyf1,1551,811
Tshz2,1371,987
Kmt2e,1345,1010
Zbtb20,1586,769
Cisd1,1121,1233
Smap1,1293,1058
Samd4b,1240,1107
Ubl3,1368,976
Tnrc6a,1492,851
Ube2l3,1251,1090
Tmem30a,1299,1042
Lbr,1346,994
Pank3,1457,882
Msl1,1336,1002
Chmp4b,1135,1202
Cops9,1279,1055
C1d,1472,861
Wdr75,1176,1156
Ncaph2,1266,1064
Smc1a,1519,808
Mrps9,1239,1087
Snrpa1,1285,1040
Naa50,1355,968
Ppp3ca,1242,1073
Capns1,1208,1106
Ubtf,1395,919
Mrps5,1276,1036
Tsc22d3,1169,1137
Rpf2,1265,1040
Rad23b,1253,1050
Setd5,1410,893
P4ha1,1351,952
Ndufa11,1038,1262
Snx5,1291,1009
Vat1,1160,1139
Cpeb4,1235,1064
Tppp3,1280,1018
Mrpl12,1220,1078
Srsf11,1458,840
Trap1,1212,1085
Ing1,1427,868
Use1,1148,1146
Ddx50,1304,988
Cep170,1376,916
Copb1,1299,991
Srsf9,1276,1014
Ccdc88a,1463,826
Gclm,1335,952
Nicol1,1170,1114
Sox11,1286,996
Vcf1,1247,1034
Nrn1,1297,981
Sdhd,1220,1053
Cenpf,1574,699
Ier3ip1,1228,1044
Azin1,1256,1016
Eif4a3,1221,1048
Gtf2i,1194,1072
Map2k2,1225,1041
Clns1a,1224,1040
Rbbp6,1407,856
Ssr2,1104,1158
Acbd3,1407,854
Foxd1,1388,873
Cap1,1277,980
Atp6v0d1,1173,1084
Gm20716,1243,1013
Rnps1,1304,951
Cbx1,1330,924
Itm2b,1285,969
Ppfibp2,1602,651
Ythdf2,1277,972
Ostc,1226,1024
Wbp11,1358,891
Marchf6,1258,990
Ndufs3,1192,1056
Pom121,1278,968
Zcchc14,1298,946
Rbm3,1501,742
Ppm1a,1300,942
Mrps30,1190,1050
Nrxn2,1170,1070
Tbpl1,1270,970
U2af2,1288,950
Ccnt1,1308,928
Ndufb3,1182,1052
Vezf1,1370,862
Uba2,1364,862
Ptprf,1269,956
Rad23a,1162,1063
Pten,1234,990
Pgd,1102,1121
Bptf,1401,820
Nfic,1542,678
Mrpl34,1213,1007
Syncrip,1303,913
Psmd1,1202,1013
U2surp,1388,824
Lrp11,1158,1048
Anp32e,1363,840
Npc2,1174,1021
Dnajc21,1320,873
Parvb,1354,836
Ddx18,1308,883
Ubxn1,1205,984
Dnaja3,1016,1172
Por,1157,1028
Gnaq,1308,876
Plin3,1075,1105
Mars1,1120,1059
Slc16a1,1078,1099
Rnf7,1215,958
Lin7c,1339,833
Spred1,1273,899
Baz2a,1337,834
Pgk1,1173,997
Pdha1,1187,982
Arfgef3,1223,944
Tnrc6b,1358,806
Tpm3,1238,926
Clptm1l,1181,982
Copg1,1199,962
Adprh,1268,893
Golm2,1254,906
Stt3a,1231,929
F2r,1396,763
Sdf4,1106,1052
Ssbp3,1250,907
Aplp2,1249,907
Kif2a,1218,938
Auts2,1380,776
Mcm7,1424,728
Mpzl1,1282,869
Tnks2,1272,874
Jpt1,1250,896
Appbp2,1221,924
Ykt6,1186,956
Ap2a2,1152,989
Hnrnpf,1303,838
Samd5,1508,632
Klhdc2,1218,920
Api5,1254,884
Cks2,1304,831
Eif6,1061,1072
Mtln,1079,1053
Usp22,1155,973
Bnip3l,1268,857
Rbfox2,1216,905
Tmco1,1292,829
Nfat5,1346,769
Cdc37,1179,936
Zmynd8,1426,688
Unc5b,1204,909
Stub1,1135,978
Pafah1b1,1179,932
Trabd,1108,1003
Phgdh,944,1166
Rock2,1314,795
Luc7l3,1396,712
Arl2bp,1192,916
Fads2,1075,1032
Ap3d1,1171,935
Nfkbia,1294,811
Tmsb4x,1450,653
Tln2,1340,763
Map7d2,1288,814
Commd1,1102,998
Polr2a,1222,875
Smc2,1394,701
Pcna,1371,723
Ppp4r3b,1262,832
Asap1,1118,975
Rab5c,1197,896
Ppp1r8,1189,904
Vps35,1192,900
Bdp1,1365,726
Ebf3,1230,860
Slc6a6,1384,704
Prr13,1145,942
Vps29,1132,955
Ncstn,1162,924
Gapvd1,1181,906
Stk11,1244,842
Cdkn1a,997,1088
Dars1,1300,784
Polr1c,1035,1047
Stt3b,1155,926
Tenm4,933,1148
Stox2,1242,836
Pja2,1280,798
Naa12,1142,934
Papola,1147,928
Slit2,1240,835
Atp6v0b,1073,1000
Bud31,1089,983
Xrn2,1279,793
Trib3,845,1226
Reep5,996,1075
Luc7l,1430,641
Suclg1,1020,1051
Zfhx3,1190,878
Pcsk1n,1247,818
Dnajc8,1260,804
Phb1,1134,930
Klhdc10,1133,930
Baz1b,1406,657
Adipor1,1181,881
Kmt5a,1131,930
Tmx4,1348,712
Ehmt1,1288,770
Sec63,1214,842
Atp5mg,1206,851
Polr2g,971,1085
Dgkz,1203,853
Unc13a,1211,845
Reps1,1169,885
Stx12,1115,939
Tpm4,1277,777
Bod1,1159,894
Chchd3,1042,1011
Nampt,1119,933
Timm50,1007,1045
Prune2,1059,993
Desi1,1002,1049
Zdhhc2,1137,914
Pafah1b3,1028,1022
Ucp2,1032,1018
Ctnnbl1,1197,852
Aplp1,1075,970
Tram1,1151,894
Ccnl2,1370,674
Inpp5f,1326,718
Mrpl51,1138,904
Ier2,1215,824
Rbmxl1,1274,764
G6pdx,1076,961
Srrt,1328,708
Tor1aip2,1275,759
Actr1b,1133,901
Ktn1,1262,772
Trappc4,1031,1001
Pdcd6ip,1145,886
Slc25a33,1178,853
Trp53,1170,860
Rtcb,1046,983
Nabp2,1054,973
Psmb5,988,1038
Psmc4,1148,877
Psmd6,1099,925
Utp4,1223,799
Aldh18a1,998,1024
Rock1,1262,760
Sfswap,1317,704
Tfdp1,1231,788
Syn2,1379,639
Tomm6,940,1077
Ptprs,1240,777
Strbp,1214,799
Samd1,1154,859
Insig1,1078,932
Sar1b,1187,822
Tmem131,1114,895
Med10,1010,997
Phc2,1076,930
Ndufb2,1069,937
Zfp292,1270,736
Pttg1,1136,867
H2ax,1201,802
Frg1,1168,834
Sv2c,1206,796
Jun,985,1016
Jmjd6,970,1030
Wdr18,1047,953
Actr10,1067,932
Gm21981,932,1066
Ranbp2,1287,708
Rhou,901,1094
BC005537,1164,830
Mak16,1236,757
Vasp,1158,834
Ptprn,1063,929
Rrm1,1260,731
Anapc1,1132,859
Idh2,1108,882
Cenpw,1020,970
Itga6,1020,970
Nefh,1072,918
Cdca8,1220,767
Mrps24,1034,953
Brd3,1168,816
Kmt2a,1224,760
Dlst,1138,845
Anapc16,1147,835
Ap2m1,1036,946
Gdf15,831,1151
Hsd17b12,1046,936
Polr2m,1146,834
Impdh2,1163,813
Mcm2,1125,850
Adrm1,1060,912
Hif1a,1044,928
Tmem167,1120,851
Furin,1256,715
Xpr1,1146,824
Psmd13,1023,946
Sall3,1212,756
Amd1,1211,756
Hnrnpul1,1248,720
Lmna,1019,946
Ep400,1188,778
Ddx6,1066,899
Pdhb,1033,931
Lrrc47,1103,858
Thoc2,1256,704
Arl8a,1157,802
Rpl29,1045,913
Septin11,1102,855
Phip,1292,665
Wbp2,1031,925
Neo1,1128,827
Ndufs5,966,988
Bmi1,1079,874
Prdx4,1062,890
Akirin2,1169,782
Dlat,1133,816
Dap3,1106,842
Ggnbp2,1084,864
Polr2b,1146,801
Polr2l,1038,909
Septin6,1202,744
Arfgef1,1237,706
Brd4,1086,856
Sap18,1130,812
Cpsf6,1168,772
Hcfc1r1,849,1091
Kras,1078,860
Pum1,1159,780
Ctsb,1007,930
Hs6st1,1134,803
Smn1,1043,894
Fip1l1,1112,824
Ccar1,1100,835
Ivns1abp,1224,709
Polr3k,1004,927
Rala,1004,926
Nudcd2,1155,775
Sfxn1,1015,912
Metrn,816,1110
Smu1,1019,907
Serinc3,996,929
Ubfd1,1106,818
Bccip,1028,894
Fam114a2,1055,867
Glyr1,1257,664
Sec14l1,1016,905
Srrm3,1268,653
Ccdc47,1102,818
mt-Nd6,1182,737
Arl3,955,963
Mrpl18,1031,884
Utp3,1107,802
Akt1,1068,841
Wars1,866,1042
Septin9,990,918
Dld,970,938
Nxn,1233,674
Jarid2,1128,779
E2f4,1030,874
Dhx15,1078,826
Sumo3,1022,882
Psmd4,1034,869
Rcor1,1034,870
Vps28,908,994
Cenpv,997,904
Slco3a1,1065,833
Fam199x,1111,784
Hmgn2,1166,730
Dcbld2,1054,841
Ddr2,1005,889
Herpud1,876,1014
Drg1,1077,812
Camk2d,1153,736
Cnih4,1004,885
Hp1bp3,1180,709
Cthrc1,1094,795
Fem1b,1037,851
Ncapd2,1251,636
Rabl6,1059,827
Cyrib,1090,795
G3bp2,1108,776
Immt,1092,792
Tpd52l2,1040,840
Dnajc5,1086,793
Birc6,1137,741
B2m,1018,860
Ppp1r12a,1087,791
Tomm34,974,903
Ahcyl1,986,891
Phf3,1214,660
Ndufb1,1006,867
Ociad1,1054,819
Usp14,1100,772
Rab7,1006,865
Dync1i2,1075,794
Cyth2,974,894
Cdv3,1148,718
Gtf3c2,1124,742
Arhgef2,1048,818
Gabarapl2,1031,834
Tnrc6c,1082,782
Rasa1,1005,859
Rnf14,1031,833
Mrpl13,972,890
Dek,1168,693
Nus1,1069,792
Ap2s1,884,977
Trim44,1160,700
Rab21,1034,825
Tmem256,954,905
Agap1,955,903
Rmdn3,972,886
Smndc1,1121,736
Iars1,968,888
Sf3b4,1082,774
Unc50,1021,835
Ndufc1,931,922
Arcn1,1068,785
Eml4,1174,679
Cdc42bpa,1140,713
Selenoh,862,990
Rab3c,1139,712
Gse1,1188,663
Psmg3,932,918
Rrs1,1113,736
Qki,1075,774
Fastk,1062,786
Zfp207,1090,756
Mrps17,1032,814
Pfdn6,920,924
Ero1a,826,1016
Cdk7,1118,722
Rsl24d1,1080,758
Maf1,1015,822
Septin7,1116,720
H2ac11,1063,773
Chmp5,988,845
Gstp2,922,910
Etf1,984,848
Iqgap1,1117,714
Utp11,1056,775
Casp3,972,858
Sf3a3,1094,733
Ift20,992,834
Tma7,915,910
Gm21988,912,913
Sf3a2,1048,776
Myh3,1093,731
Ip6k2,1046,775
Msi1,1037,784
Odf2,1097,723
Cyth3,1300,519
Eif4a2,1084,734
Nol7,998,818
Slc1a4,880,935
Usp9x,1052,760
Psmc5,909,900
Agpat5,1045,764
Cks1b,1057,752
Top2b,1124,684
Slc10a4,1094,712
R3hdm1,1087,718
Commd4,900,904
Crebbp,1048,755
Zfp593,860,943
Mindy2,955,848
Zbed5,1019,782
Rnf6,1012,787
Mrpl17,879,918
Mxd4,935,860
Cnot6l,1026,768
Cop1,1043,749
Jkamp,994,798
Dot1l,1035,756
Zfp131,1000,790
Exosc4,858,930
Gpbp1,1035,753
Mycbp2,1062,725
Plxnb2,1000,787
Cul4a,1033,755
Colgalt1,1035,751
Bri3bp,950,836
Pmpca,976,808
Far1,1084,700
Mdm2,1017,766
Emc10,846,936
Clint1,1069,711
Snx18,907,872
Rrp15,928,851
Tab2,1039,740
Smad1,1112,666
Pdcl3,946,831
Ireb2,1003,774
Gnai3,1038,738
Szrd1,929,846
Ryk,985,790
Mtss1,1061,714
Tmem50a,1018,754
Ccdc50,1088,685
Cystm1,840,932
Parl,932,840
R3hdm4,943,828
Tnpo2,1051,718
Zfp622,1008,761
Lman1,1044,724
Pqbp1,961,806
Nup107,1157,609
Thoc5,986,779
Ist1,1099,665
Pak1ip1,1038,726
Ubap2l,1074,688
Pam16,896,865
Sccpdh,952,809
Onecut2,1050,710
Ckap4,1010,750
Rims2,1084,673
Dhx36,1054,702
Col18a1,1027,728
Ppp1r15b,920,833
Mrpl52,869,884
Thsd7a,800,952
Mpc2,847,906
Sox12,974,778
Atp1b3,1082,670
Gm20538,930,820
Ilk,911,839
Scarb1,980,768
Prelid3b,989,759
Ak1,934,813
Ergic1,884,863
Pnrc2,997,750
Chd7,1000,746
Acat2,851,894
Ubxn4,1026,718
Bcar1,895,849
Frmd4a,1176,567
Rae1,963,780
Nup188,946,796
Erbin,1106,635
Smarca4,982,757
Ubl4a,895,843
Smarce1,1002,735
Sec11a,1024,714
Clvs1,1122,614
Eif1a,1006,730
Strn3,1009,723
Dlgap4,851,881
Tmem33,992,739
Ilf3,1075,655
Ssr1,998,732
Uggt1,909,820
Uso1,930,799
Mrps16,848,880
Drg2,866,862
Gadd45gip1,896,832
Cnot11,966,761
Ptpa,948,779
Txnl4a,908,818
Slu7,950,776
Zfand5,1025,701
Hk1,972,751
Oga,1047,676
Arpc1a,1030,693
Pdpk1,1132,588
Septin8,917,800
Pfkm,914,802
Lyar,1020,696
Ccna2,1022,692
Cebpg,911,803
Ythdf1,1014,699
Guk1,846,866
Hbs1l,889,822
Hdgfl3,982,729
Sde2,944,764
Mpc1,948,761
Eftud2,1055,653
Mbnl1,1032,676
Cab39,960,747
Tm9sf3,1008,699
Tcf3,978,728
Mrpl2,868,838
Dnm1l,994,711
Hcfc1,992,712
Dnajb11,925,777
Tmem63b,925,775
Mrps10,902,796
Smg7,1000,698
Coa5,931,766
Ubqln2,871,825
Maco1,1090,606
Yrdc,912,780
Cdt1,977,713
Golga4,1121,569
Brk1,927,761
Gale,778,909
2810004N23Rik,1001,686
Polr2j,913,771
Syt4,804,880
Ski,1016,668
Me1,834,849
Cdk16,805,878
Napa,853,828
Scg3,916,763
Tra2a,1098,579
Nploc4,879,797
Dnmt3a,1044,632
Ahsa1,915,760
Kdelr1,919,755
Brd1,944,730
Limk1,868,805
Usp8,1021,651
Idh3a,910,761
Tmtc2,1025,645
Ik,957,713
Aaas,896,773
Dtx3,1045,623
Rcor3,996,671
Klhl9,913,754
Dnpep,827,839
Cdca3,930,735
Lrpprc,847,818
Polr2f,883,782
Cbx4,780,884
Mrpl14,940,723
Srek1,1176,487
Mkln1,998,664
Pitpnb,863,798
Kmt2c,1063,598
Arpc1b,829,832
Zc3h18,1045,616
Phf21a,984,676
Pabpn1,967,693
Camta1,960,699
Slc35a2,895,764
Orc6,1019,640
Osbp,854,804
Prc1,1008,650
Cggbp1,956,703
Uchl3,910,748
Rere,1017,638
Dnmt1,1084,570
Ifrd1,900,754
Dcaf7,880,773
Tead1,1062,589
Usp15,933,718
Got1,776,874
Erp29,868,782
Pcid2,835,814
Tmem176b,790,858
Nolc1,1018,630
Bri3,915,733
Tut4,1096,552
Rwdd4a,911,736
Psme3ip1,938,707
Abcf1,982,663
Nova2,925,719
Hmox2,916,728
Sltm,1092,550
Atp6v1c1,883,758
Mrpl38,793,848
Bcap31,937,704
Uqcc2,825,816
Degs1,947,693
Naa38,830,810
Foxk2,828,812
Kdm5c,935,705
Vps36,961,679
Crls1,917,720
Phox2b,1075,560
Tnrc18,1017,618
Cers2,861,772
Exosc7,918,715
Tsg101,949,683
Hjurp,984,647
Cdipt,901,730
Nek1,928,704
Sec31a,980,650
N4bp2l2,967,663
Dpy30,990,640
Mrpl42,836,793
Zmynd11,965,664
Lman2,860,768
Armc1,928,700
Tmed2,984,644
Cuta,824,802
Slc30a5,901,724
Tmbim4,820,805
Cops8,894,729
Timm17b,804,816
Lamtor2,768,853
Tsc22d4,843,777
Pigt,812,808
Dctn6,854,765
Ppp2r2c,910,708
Srp19,835,783
Ubr4,856,762
Efna5,740,877
Ppme1,856,759
Cfap20,902,710
Znhit1,837,776
Numa1,1020,593
Oser1,1023,589
Taok3,851,760
Slc2a1,858,752
Ubp1,1050,560
Pdcd6,948,660
Smad4,949,659
Plaa,901,705
Arl8b,868,738
Zc3h14,924,680
Eid1,906,698
Ccz1,835,768
Rbm6,1052,550
Thoc7,929,671
Rnf181,764,835
Nip7,913,684
Dcakd,823,774
Wdr1,912,684
Ngfr,1236,360
Ppp1cc,908,688
Cops4,833,763
Tbcb,724,871
Akap9,1160,434
Gtf2a2,926,668
Otub1,984,608
Cenpa,1025,566
Qrich1,954,637
Grcc10,796,794
Senp6,988,602
Dpf2,892,697
Prdx5,766,822
Mecp2,957,632
Nras,857,730
Sp3,896,691
Ube2w,829,757
Ecpas,922,663
Pafah1b2,907,676
Iqgap2,998,584
Bbx,918,664
Asf1a,898,683
Sar1a,849,730
Dcun1d5,868,708
Nsd3,938,638
Acsl4,881,695
Sec62,861,714
Fyttd1,950,624
Cmpk1,952,622
R3hdm2,935,638
Cdc123,856,716
Ap1m1,854,718
Mthfd1l,881,690
Tubg1,787,783
Fabp5,959,612
Agfg1,865,705
Gatad2a,878,692
Tbl1x,908,660
Ubl5,786,782
Ppa1,774,792
Ebna1bp2,849,717
Dag1,871,695
Pcnp,888,678
Tbc1d15,940,626
Prmt7,835,730
Plpp1,909,656
Secisbp2l,803,761
Pbdc1,882,682
Mark2,900,662
Ndufb4,831,730
Sumo1,935,626
Bud23,844,717
Hmgb3,1000,560
Gorasp2,813,747
Ptpn1,871,687
Aldh9a1,705,853
Trrap,868,688
Eif1b,850,705
Ube2d2a,936,618
Mrpl48,859,694
Arih1,924,628
Ap1g1,900,652
Paip1,854,697
Nasp,1040,511
Ldb1,942,608
Raph1,876,674
Tbrg1,827,723
Fam50a,872,677
Plekhj1,786,763
Acd,741,805
Dbnl,821,725
Ifi30,974,572
Prkrip1,786,760
Bpnt1,855,691
Chmp2a,847,698
Isl1,1081,464
Eloa,848,696
Dnajc2,898,646
Grsf1,829,714
Mtcl3,930,614
Polb,925,618
Ehmt2,878,665
Map1lc3b,940,603
Atad2,972,570
Gm45234,770,770
Ubqln1,795,744
Spen,966,573
Prdx3,893,646
Stard7,898,640
Lpgat1,851,687
Foxn3,998,538
Flnc,672,864
Nsmce4a,907,629
Ddx42,1000,535
Taf1,968,567
Emc8,855,680
Tmem234,768,767
Cul3,883,650
Fbxo21,939,593
Gtf3c1,926,606
Fcf1,848,683
Zfand6,906,625
Mrps6,963,567
Tmem248,830,700
Lmbrd2,893,637
Fermt2,756,774
Rasal2,1042,488
Sec24c,831,697
Coro2b,842,686
Drap1,737,791
Aqr,920,606
Dstn,851,674
B4galt6,881,644
Eif4enif1,914,610
Hax1,705,818
Ccnh,783,740
Itga1,986,536
Pin4,791,731
Tacc1,910,611
Emc6,804,717
Nop14,900,621
Lage3,830,691
Med28,797,723
Gaa,757,763
Sfr1,925,594
Lsm8,911,607
Amz2,777,740
Aimp2,788,729
Epb41l3,976,541
Slc39a10,919,596
Zfp598,861,654
Grk3,1176,339
Ctdsp2,948,566
Mdm1,1020,495
Cdkn2a,694,820
Tmem160,680,834
Impact,951,562
Ahdc1,893,620
Spcs1,824,688
Ptpra,906,606
Naa15,912,599
Sae1,808,702
Phf20l1,970,539
Rsrc2,940,569
Socs2,1122,386
Pnn,1071,436
Dctpp1,844,662
Fam89a,912,593
Ythdc1,1062,442
Prep,812,692
Tcerg1,1020,483
Fis1,937,566
Rhobtb3,833,670
Arl2,770,733
Selenof,744,758
Zfp106,836,666
Mark3,906,595
Atp6v1d,844,656
Bpnt2,923,577
Snf8,734,765
Kif22,946,552
Fbxl16,774,723
Glipr2,814,681
Hook3,944,551
Rsf1,942,552
Llph,841,653
Flii,773,721
Smc6,986,508
Pck2,778,715
Ube2z,864,628
Mrpl33,734,758
Otud5,864,628
Hnrnph3,852,639
Faf1,798,690
Ogfr,789,700
Micos13,754,734
Fubp3,864,624
Mrpl24,768,719
Myl12b,844,642
Clasp1,848,638
Ubn2,984,500
Tomm5,803,681
Twf1,793,691
Pde4b,960,523
Arpc4,828,654
Babam1,782,700
Csnk1g2,778,703
Yy1,888,592
Alg10b,842,638
Palm,928,550
Ubald2,880,598
Utrn,871,606
Gpr22,931,546
Ctnna1,877,600
Bcat1,834,643
Mrpl58,800,676
Sertad2,845,630
Pitpnc1,839,636
Psmg1,732,742
Lamc1,856,618
Itfg1,782,692
Pard3,772,701
Marchf7,849,624
Rbm34,820,652
Txndc17,807,664
Cwc15,792,678
Timm8b,820,650
Hnrnpul2,847,621
Pou4f2,807,661
Snw1,904,560
Shisal1,885,579
Lsm1,746,718
Xrcc6,727,736
Nudcd3,871,592
Rps27rt,796,667
Anapc11,750,712
Wsb1,913,548
Bmpr1a,853,606
Blmh,798,661
Clic4,722,738
Wasf2,849,608
Emc4,739,718
Ap3b1,879,578
Pdia4,864,591
Ppid,789,665
Farsb,766,688
Pnrc1,862,592
Dkc1,812,641
Prpf6,833,620
Yif1b,768,685
Ankrd12,888,564
Bex3,810,642
Itpa,844,608
Zfr,828,622
Nfix,796,654
Gatad1,804,645
Rnf10,843,606
Nedd8,742,706
Rfc1,842,606
Uhrf1,918,528
Tmem108,862,584
Naa25,722,724
Selenot,758,687
Llgl1,853,592
Tpp1,742,703
Gm49909,837,608
Lamp2,816,628
Vta1,748,696
Tmem259,794,650
Grk2,798,645
Commd3,790,653
Upf1,837,606
Bmp7,766,676
Rbm5,930,511
Gart,824,616
Xpnpep1,818,623
Ass1,920,520
Rsbn1,803,636
Cnot8,844,594
Mvb12a,694,744
Alad,704,734
Nap1l4,806,631
Dgcr2,812,624
Tnks,861,574
Fyn,762,672
Tmed9,758,676
Zrsr2,840,594
Ptbp3,860,574
Rlim,875,558
Fbxw8,771,662
Sec23ip,868,565
Gng5,719,713
Islr2,776,656
Tbc1d31,824,606
Kif5c,912,518
Nvl,846,584
Dhx38,788,641
Sp1,875,554
Araf,763,665
Tmem147,665,763
Ttll12,851,576
Pds5a,870,558
Inppl1,886,541
Ube3c,757,668
Scand1,714,711
Tgoln1,775,649
Abhd8,729,695
Hagh,698,725
Disp2,771,651
Pitpna,707,714
Trappc2l,664,757
Krr1,835,584
Mapre2,832,586
Zmat2,795,623
Snrpn,688,729
Elp2,772,645
Bag1,804,613
Klc1,813,604
Wdr45b,873,544
Cux1,776,640
Chtop,778,638
Psmd5,761,655
Abat,774,642
Chac1,636,779
Ralgps2,830,584
Tia1,892,522
Ylpm1,830,583
Mcrip1,796,616
Mob4,837,575
Eif2a,860,552
Nek7,838,574
Fpgs,805,606
Mcm3,930,481
Nomo1,810,601
Afg3l1,769,642
Ier3,638,772
Yipf4,826,584
Tax1bp1,831,579
Tmem126a,657,753
Arvcf,832,578
Epn1,754,654
Ddx56,775,632
Mrpl3,766,640
Nos1,998,408
Eif4ebp2,823,581
Coq9,703,701
Sobp,814,590
Irak1,803,601
Igf1r,1007,396
Mrps18c,712,691
Usp47,869,533
Gtf2h5,742,659
Six3,849,552
Rabgap1,814,587
Yaf2,824,576
Vapb,761,639
Phf14,824,574
Fam91a1,781,613
Nmt1,699,695
Nt5dc2,902,492
Cntfr,774,620
Hdgfl2,758,634
Sugt1,731,661
Mtrex,809,583
Cers5,794,598
Thumpd1,836,555
Gpt2,666,724
Galk1,679,711
Btbd1,777,613
Tmod2,794,595
Eif4e2,747,642
Spag9,831,558
Emsy,829,559
Grb2,756,631
Nadk,719,668
Dpm1,769,618
Aacs,699,687
Atxn2,842,544
Spag7,740,644
Ctdnep1,776,609
Tmx2,699,686
Mtus1,864,520
Cops7a,732,652
Wdr82,774,610
Ap1b1,785,599
Mllt10,810,573
Pnisr,988,395
Supt5,814,570
Parva,904,479
Mff,764,618
Sms,864,518
Kcmf1,755,626
Med25,801,580
Adam9,772,608
Atrnl1,775,604
Dclk1,823,554
Dhx30,804,574
Med30,768,609
Cdc20,854,520
Trio,793,581
Pum3,774,600
Ube2a,707,666
Zfp451,883,489
Txnip,784,586
Pkig,808,562
Cfl2,697,672
Pin1,716,653
Lsm2,866,502
Tspo,769,599
Camk2g,752,613
Magea13,746,617
Golph3,714,648
Ranbp3,780,582
Efr3a,736,626
Cnih1,760,602
Agpat3,696,666
Helz,832,529
Hmmr,932,428
Rbm28,768,592
Ahctf1,841,518
Grip1,764,595
Mcm4,846,512
Tnfaip1,729,628
Pex13,708,648
Ndufs8,662,695
Ppp2r2a,822,534
Cnot2,782,574
Arpc5l,656,699
Zmiz1,836,519
Fnta,671,684
Pofut2,688,667
Tfg,761,594
Lsm5,811,543
Scpep1,728,625
Kdm2a,758,594
Spats2,814,538
Pdcd5,743,608
Clstn1,717,634
Gnl2,750,601
Etv5,717,633
Ubxn6,695,655
Pmvk,540,809
Vcpip1,773,575
Smarcc2,853,495
1700025G04Rik,753,594
Bag3,866,481
Atp13a3,782,563
Klf10,800,545
Stom,771,574
Mtmr3,758,586
Galnt2,822,522
Pds5b,820,524
Fam136a,696,646
Septin10,811,530
Taf9,759,581
Gdap1l1,684,656
Cbx7,788,551
Abi2,794,544
Gga1,684,655
Xpo6,824,515
Ralbp1,718,620
Bcas2,748,590
Cdr2l,720,618
Gnptg,751,587
Bhlhe40,742,596
Gnl3,851,486
Dnajc15,721,615
Prkar2a,761,575
Bcl9l,766,570
Rab8a,716,620
Evi5,804,530
Fstl1,817,517
Aebp2,760,574
Tufm,693,640
Ddit3,494,838
Copg2,706,626
Rif1,825,506
Mrpl28,670,660
Rnf2,734,596
Anapc13,696,634
Zwint,714,615
Slirp,744,585
Elavl3,830,498
Cplx1,756,571
Arl4a,730,595
Trmt6,859,466
Josd1,740,585
Pwwp3a,889,436
Asz1,723,601
Gm20521,742,581
Setd2,880,443
Cdk2ap1rt,716,605
Pno1,691,630
Stxbp1,741,579
Usp5,690,630
Rab18,715,605
Atf2,810,509
Scrib,781,538
Isyna1,747,571
Stk25,743,573
Ndufs1,722,594
Pfdn1,654,662
Raf1,778,537
Egln3,688,627
Esd,661,654
Becn1,725,590
Ltv1,708,606
Med21,732,581
Shprh,783,530
Trappc1,662,651
Tex30,818,494
Ahi1,754,558
Dusp11,770,542
Cdk9,765,546
Rpl22l1,729,582
Rex1bd,599,712
Mrps18a,677,633
Palld,733,577
Lss,619,689
Cdkn1b,787,520
Wac,760,547
Ezh2,784,523
Plp2,714,593
Tmx3,716,590
Ccdc34,795,511
Ube2q1,760,545
Med13l,741,564
Dennd5a,727,578
Kmt2d,793,511
Hk2,748,556
Ppp1r15a,578,726
Usp10,663,640
Dcaf8,796,508
Nup62,753,550
Dele1,680,622
Vps35l,775,526
Dnajc11,763,538
Rhox2d,638,662
Hnrnpll,770,530
Pgm1,667,633
Lsm14a,741,558
Kif3a,775,524
Rhob,649,650
Srpk1,806,492
Ptk2,776,522
Slc25a12,620,677
Nfyb,802,495
Lrrc41,690,606
Scn9a,886,410
Flywch1,679,616
Lnpep,750,545
Rictor,858,436
Zfp330,746,548
Inafm2,680,614
Stard4,699,594
Ap2b1,684,608
Map2k1,722,570
Cul1,768,523
Lyst,747,543
Ubr2,726,564
Anapc4,738,550
Ahsa2,678,608
Nup155,794,492
Ncor2,785,500
Coq7,737,548
Zfp462,772,513
Eri1,758,527
Prrc1,742,543
Cdc42ep1,608,676
Thrap3,879,406
Grpel1,669,614
Imp3,682,602
Pex19,662,620
Nfu1,566,716
Fam78b,706,574
Kpna2,743,537
Rorb,696,584
Adcy6,719,560
Sbds,696,582
Dapk1,755,524
Tgfbr1,882,396
Hacd3,753,525
Hdac1,804,473
Entr1,692,585
Rhox2a,593,683
Fbxw11,703,573
Ctcf,828,447
Ssbp4,696,579
Ide,728,546
Fmr1,820,454
Igsf8,721,552
Dok4,919,354
Slc44a1,850,423
Deptor,922,350
Rps19bp1,700,572
Fam168b,798,474
Mapk1ip1l,771,501
Zfp326,817,454
Prpf38b,860,410
Unc5c,842,426
Rufy3,774,494
Gpc1,848,420
Cpsf3,683,585
Pef1,723,545
Rbm26,822,444
Ech1,664,603
Rnmt,774,492
Ralgds,832,434
Slc29a1,687,579
Echs1,691,574
Syt7,625,640
Rab9,754,510
Gusb,750,514
Sec23a,733,530
Dctn4,683,580
Lta4h,705,557
Nck2,714,546
Elavl2,804,457
Stau1,769,490
Plod2,814,445
Eif2b5,663,596
Chn1,710,549
Zc3h7b,666,590
Kdm7a,691,566
Etfb,578,678
Rnaset2a,481,773
Rnasek,608,646
Ppp1r35,715,538
Rev1,795,458
Ablim1,781,472
Slit3,1087,166
Ost4,627,626
Zfp281,778,474
Golgb1,840,410
Trp53bp2,732,518
Cbl,725,525
Trappc5,674,575
Ddx46,857,391
Kansl1,765,482
Sap18b,706,542
Synj2bp,688,559
Mib1,702,545
Sgta,645,602
Mrpl23,700,547
Lrrn3,723,523
Ubn1,785,461
Kat2a,647,599
Jup,653,592
Tpx2,810,436
Tm2d2,660,585
Pnpla2,647,598
Rtf1,742,501
Grn,666,577
Mrpl54,650,593
Zc3h13,853,390
Hsd17b10,603,640
Las1l,788,455
Vma21,668,574
Fam98b,788,454
Id2,1162,78
Tenm3,780,460
Cuedc1,741,498
Zmynd19,707,532
Nifk,676,563
Sbf2,716,522
Thap12,664,574
Lmnb1,750,488
Plec,696,541
Tspan3,626,611
Msi2,774,463
Cfap298,658,578
Kdm5a,736,500
Idh1,642,594
Plekhh3,643,592
Tceal9,710,526
Trp53inp2,529,706
Col1a1,774,461
Mki67,842,392
Fign,702,532
Crk,699,534
Tmem128,610,623
Ugp2,672,560
Ppp3cb,762,469
Trp53bp1,737,492
Lap3,651,578
Gtf2h2,674,554
Phpt1,638,590
Lsm3,791,437
Rraga,571,656
Ftl1-ps1,652,575
Pigu,605,621
Rai1,806,420
Mrps26,602,624
Tmem120a,656,568
Sart3,767,458
Ccdc59,728,496
Ppdpf,616,608
Syvn1,671,553
Psenen,646,578
Sys1,592,630
Agfg2,671,551
Hip1,802,420
Ppp2r3d,713,508
Alg2,639,582
Stat3,720,501
Naa20,752,469
Rfc2,656,564
Denr,699,521
Csnk1g3,721,498
Tcf12,746,473
Dpm2,608,611
Wasf1,682,537
Srsf4,739,480
Wapl,739,480
Vps4b,690,528
H2aj,546,672
Mat2b,779,438
Nae1,638,579
Rbm22,697,520
Pals2,671,545
Taf15,718,498
Kif26a,876,340
Ppp2cb,662,554
Fto,683,533
Mrpl21,664,551
Kdm5b,755,460
Lpcat3,646,569
Gm49673,466,748
Dlg4,744,469
Atf6,600,613
Snrnp40,687,526
Atp6v0a1,611,600
Surf1,626,584
Camsap1,656,554
Nol12,630,579
Adnp,678,531
Mrpl22,598,610
Actr1a,622,585
Nrbp1,624,583
Trim27,684,523
Cetn2,625,581
Syf2,673,532
Atp13a1,667,537
Ubac1,675,529
Aldh1l2,579,625
Sh3glb2,643,561
Klf6,684,520
Traf4,597,607
Mzt2,583,620
Slc25a11,628,575
Nr2f1,659,543
Ipo11,662,540
Wdr36,675,526
Nup205,724,477
Brd8,812,389
Mex3a,714,487
Dhdds,624,576
Smad5,682,517
Serp1,634,565
Ccdc115,683,516
Sox9,749,449
Birc5,742,456
Fam20b,655,542
Ccnd3,658,539
Eif3j1,663,533
Fbxo3,718,478
Tmsb10b,644,551
Zfp148,730,466
Nup133,683,511
Hprt1,666,526
Trappc10,604,588
Dusp4,722,469
Glud1,694,496
Ppp5c,598,592
Lsm14b,596,594
Aup1,597,593
Atp6ap2,612,578
Smim14,602,588
Prtg,812,377
Bcor,776,412
Tspyl4,540,648
Tmod3,718,470
Spg7,708,478
Imp4,698,487
Hmox1,612,573
Polr2k,660,524
Cdc40,729,455
Aurka,720,464
Fbxo8,705,479
Rps6ka1,706,478
Cpox,659,525
Clk4,777,406
Abi1,692,491
Kpna4,664,518
Stag2,723,459
Igfbp7,858,324
Bnip2,625,557
Vmp1,673,508
Nipsnap1,682,499
Atic,679,502
Ccar2,706,474
Ctsz,666,514
Trim8,644,536
Nsdhl,550,630
Wwc1,654,525
Eno2,574,605
Emc7,593,586
Wdr43,754,422
Pak2,674,503
Utp18,660,517
Ddx49,592,584
Casz1,712,464
Prkcsh,668,508
Nup85,708,468
Rhox2h,571,605
Supt4a,684,492
Lrrc42,594,581
Zranb2,708,467
Slbp,748,426
H2-D1,505,669
Zfand3,606,567
Nelfb,631,542
Zfp638,740,432
Ext1,580,592
Spry2,755,417
Tpbgl,576,596
Tmem208,652,520
Bcl7c,602,568
Cdc42se2,615,556
Ing2,714,456
Ssbp2,680,490
Ssna1,634,535
Ppat,687,482
Hsf2,708,459
Noa1,624,542
Rc3h2,674,492
Tspyl1,597,568
Sap30l,660,505
Cldnd1,663,502
Aebp1,614,551
Pwwp2a,696,468
Ezr,679,484
Rcor2,679,484
Ddah2,558,605
Dbn1,746,417
Foxo3,651,512
Thyn1,550,612
Pbx2,678,484
Zfp664,682,478
Fam32a,635,526
Srpk2,669,492
Rps6ka2,658,502
Scamp1,642,517
Ddr1,647,512
Mmadhc,571,588
Abhd17b,632,527
Mix23,688,470
Mpv17l2,574,584
Pdcd4,673,484
Rnf114,594,563
Pole3,652,504
Polr2i,545,612
Snrnp27,619,537
Wdr5,653,503
Fignl1,724,431
Gclc,727,428
Riok3,682,473
Fam76a,708,446
Ruvbl1,642,512
Meis1,656,498
Usp48,756,398
Qars1,666,488
Hdac5,646,507
Prmt5,627,526
Gde1,633,520
Minpp1,651,502
Tm9sf4,649,503
Wdr74,614,538
Ints10,674,477
Hectd1,681,470
Mrps28,522,628
Cryzl1,659,491
Mapk6,670,480
Psmf1,560,589
Zfhx4,695,454
Mob1a,659,490
Lpin1,598,550
Kifap3,645,503
Kxd1,656,492
Zfp445,696,452
Dck,735,412
Opa1,635,512
Mettl1,664,484
1810037I17Rik,620,526
Wdr83os,601,546
Emc2,594,550
Cyp2s1,560,585
Tex261,694,452
Apc,657,488
Elovl5,614,530
Ldlrad3,764,378
Cdc23,663,480
Tent5a,660,482
Sipa1l2,589,553
Dnttip2,704,438
Ormdl2,636,506
Rb1cc1,707,434
Eif4e,638,504
Sipa1l1,646,495
Pcnx3,688,452
Cdkn2c,621,519
Atp2c1,689,451
Trmt1,648,492
Ripor1,641,498
Ddx54,664,475
Apex1,653,486
Fam168a,666,472
Zfp24,744,394
Rab11b,614,523
Ilkap,639,498
Rab1b,590,546
Pdrg1,598,538
Gpaa1,591,545
Nxf3,643,493
Clk1,733,402
Ptk7,630,505
Ppp6c,662,472
Dctd,713,420
Cstf2,657,475
Rnf19b,674,458
Col1a2,722,409
BC031181,589,542
Cacnb3,622,510
Lats1,617,514
Nucb1,519,611
Coa3,643,484
Pmpcb,590,537
Lig1,720,407
Synj1,650,477
Lypla1,632,495
Vkorc1l1,688,438
Igbp1,603,523
Zfp740,704,421
Fbxo42,609,516
Dnajb1,561,564
Etnk1,680,445
Creb3l2,628,496
Pan2,677,447
Bop1,575,549
Bex1,598,526
Cpsf1,596,527
Emid1,594,529
Dpm3,634,488
Med6,636,486
Ier5,674,448
Knstrn,726,396
Ppp1r18,622,500
Cdc5l,671,450
Mtarc2,541,580
Mbd6,731,390
Wsb2,627,494
Odr4,625,495
Ddx24,632,488
Ilrun,584,536
Bmyc,576,543
Dcaf13,673,446
Cyb5r1,450,668
Ngrn,578,540
Gtpbp2,517,601
Bahd1,608,510
Tbrg4,615,502
M6pr,638,478
Gmps,625,492
Ppp2r5c,616,500
Rabggtb,630,486
Vamp3,611,504
Myh10,664,451
Uap1,658,457
Shf,511,604
Cmtm7,565,549
Ramp2,598,516
Exoc5,628,486
Rexo2,581,532
Mrgbp,652,460
Car12,596,516
Pias1,654,458
Blvrb,588,523
Dact3,630,480
Pus1,614,496
Mbd3,581,529
Adss2,694,416
Tm9sf2,635,474
Cul5,600,508
Tmem129,676,433
Abl2,684,424
Snrk,711,398
Fmc1,582,525
Gkap1,646,462
Ppp4r3a,670,436
Kat6a,699,407
Satb1,644,462
Kctd5,602,504
Gfus,570,535
Gtf3c6,589,516
Yif1a,593,512
Zfpm1,668,437
Phf21b,642,462
Slc38a10,629,475
Rab22a,636,468
Anapc2,612,491
Dnajb12,590,513
Etv1,726,377
Pip5k1a,644,459
Polr1h,627,476
Git1,578,524
Sema4d,634,468
Gtf3a,636,464
Cdc27,648,452
Wipi2,612,488
Dnaaf9,618,482
Gata2,681,418
Aatf,611,488
Dync1li2,588,510
Gatad2b,710,388
Hdac4,653,445
Dock4,764,334
Cstf2t,625,473
Map1a,530,567
Arid1b,641,456
Ubr3,604,493
Mcl1,690,406
Aldoc,535,561
Edc4,642,453
Usp50,572,524
Btbd2,626,469
Psme2,520,575
Nudt5,618,477
Kansl3,676,418
Tnfrsf12a,456,638
Dvl1,622,471
Pi4ka,578,515
Dcaf15,616,476
Nfatc3,632,459
Elovl6,623,468
Mtf2,708,382
Cramp1,626,463
Timm9,607,481
Thoc6,601,487
Rnf5,624,464
Marchf5,581,507
Dr1,587,500
Nmd3,626,461
Blm,732,354
Lrrfip2,598,488
Ntmt1,536,550
Med19,553,533
Ppfibp1,707,379
Zbtb8os,582,504
Senp2,643,442
Nemf,676,408
Tiprl,620,464
Brd7,644,440
Zbtb18,681,402
Nans,573,510
Strn4,620,461
Scg5,529,552
Rnaseh2a,616,464
Rnf145,682,398
Timm10b,539,540
Ets2,594,485
Bin1,628,451
Rhox2g,494,584
Trpc4ap,606,472
Coro2a,629,449
Mdn1,643,432
Fam8a1,650,424
Clpp,547,527
Mrps36,535,538
Csk,592,480
Thoc3,576,495
Mrpl4,495,576
Rab28,553,518
Nopchap1,668,402
Zbtb7a,622,448
Pdcd2l,526,544
Sel1l,525,545
Riok2,663,406
Zfp217,659,410
Spcs3,607,461
Blcap,632,436
Mcts1,561,506
Taf1d,668,398
Nup160,605,460
Ssbp1,620,445
Jade1,581,483
Uhrf2,705,358
Ptpn11,630,433
Rev3l,628,435
Trmt1l,601,462
Pip4k2c,602,461
Rara,608,456
Mindy3,592,470
Apbb2,610,452
Agps,572,489
Xab2,581,480
Psmg4,562,499
Tob1,575,485
Mrpl49,584,476
Atad3a,620,440
Agrn,631,428
Asxl2,671,388
Mau2,636,422
Hapstr1,548,509
Eef2k,668,389
Lmbrd1,577,479
Gnl1,524,532
Nub1,554,502
Pias4,564,492
Tox2,571,484
Rasa3,605,449
Cars1,594,460
Nrdc,632,422
Spg21,564,489
Mex3c,594,458
Mnat1,574,480
Ext2,554,498
Snx27,618,433
Ergic2,638,413
Tlk2,647,404
Snx6,609,441
Ints3,620,430
Nup54,626,424
Pttg1ip,557,493
Ube2h,556,493
Fnbp1l,646,404
Mrpl39,499,550
Zranb1,578,470
Babam2,557,491
Zdbf2,602,446
Sec16a,553,495
Impa2,532,516
Mcmbp,640,408
Bbc3,535,512
Gchfr,504,543
Atp6v0e2,564,482
Dnajb6,610,436
Tpd52,548,497
Xpo5,556,489
H2bc27,478,567
Ncoa7,746,298
Tmem9,582,462
Arhgap5,586,458
Diablo,650,394
Nup98,541,502
Mef2d,598,444
Tprg1l,532,510
Ark2c,650,390
Pcif1,579,461
Mapk9,591,449
Rab12,602,437
Hap1,565,474
Pnkd,537,502
Nelfa,594,445
Nptn,574,464
Sumo2,656,381
Chga,621,416
Smg1,668,370
Ccng2,584,453
Sh2b3,538,499
Epb41l2,677,360
Hexb,608,429
Fjx1,708,328
Mab21l2,606,430
Uxs1,577,458
Ppfia1,643,391
Sh3gl1,548,486
Bub1b,673,360
Ep300,655,378
Ccdc92,600,433
Tmx1,547,486
Lemd2,484,549
Letm1,528,504
Cxxc4,680,352
Tent4a,640,391
Arfrp1,616,416
Nup50,564,467
Bmpr2,616,414
Ap2a1,580,450
Morc2a,628,402
Mta2,584,445
Snap47,579,450
Tsc22d1,592,437
Mt2,542,486
Selenoi,589,438
Trappc13,510,518
Mrps35,542,485
Wiz,618,410
Abhd17a,443,584
Phlda1,550,477
Luzp1,652,374
Fn1,644,382
Gpat4,532,494
Mcm6,648,378
Krit1,658,367
Sfmbt2,609,416
Pou2f1,616,409
Ldah,670,354
Ate1,598,426
Taf6,558,466
Plekhb2,598,426
Hat1,578,444
Mfap3,574,448
Carhsp1,557,464
Atrx,688,332
Aip,486,534
Slc30a9,565,454
Uba3,541,477
Arl14ep,517,500
Mrpl43,476,541
Tmem9b,557,460
Med9,514,503
Usp36,632,385
Elapor2,571,446
Yeats2,580,437
Setd7,618,399
Hipk1,593,424
Ltn1,567,449
Wdr33,616,400
Serf1,613,402
Eif1ad,512,504
Prpf31,584,431
Ano8,598,416
Bmal1,563,450
Rell1,359,654
Abhd17c,642,371
Nup43,584,429
Exosc10,579,434
As3mt,571,441
Ttc39b,629,383
Smchd1,670,342
Fnbp1,588,423
Lsm12,564,448
Adam10,627,384
Rab3gap2,602,409
Nr3c1,609,401
Nkap,573,437
Rnf44,667,343
Med31,564,446
Plxnd1,652,357
Plagl2,607,402
Cpsf2,556,453
Rps6ka3,510,499
Zc3hc1,503,506
Snrnp48,610,399
Mrpl11,548,460
Kcnab2,591,417
Abcc1,619,389
Tpm1,528,480
Max,581,426
Mon2,576,430
Tubgcp3,620,386
Zmiz2,570,436
Stc2,525,480
Dock7,653,352
Pclaf,655,349
Elp3,548,456
Lima1,590,413
Cdk2ap2,486,518
Cnpy2,539,464
D5Ertd579e,581,422
Tmem97,492,510
Nhlrc2,564,438
Ahcy,597,405
Zfp395,606,396
Supt6,578,423
Ints7,590,411
Hspa13,518,483
Tle3,654,347
Hmg20b,494,507
Macf1,628,372
Dbf4,637,363
Ube2e3,568,432
Fmnl2,632,368
Gpatch8,660,340
Trappc11,564,435
Fam111a,663,336
Ube2d1,619,380
Afg3l2,570,428
Hmgcl,534,464
Chd3,668,330
Mga,643,355
Mrpl40,547,451
Upf3b,612,386
Pigp,566,431
Mfap2,515,482
Wtap,549,447
Sdhaf4,568,428
Urb2,550,446
Galnt7,642,354
Slc39a6,557,439
Pygo2,578,417
Snx25,561,434
Spast,591,404
Map4,519,475
Dhcr24,581,413
Htt,588,406
Ss18l2,417,576
Sgce,526,468
Ccnk,587,406
Lgalsl,572,420
Nav3,532,460
Setx,616,376
Napg,574,418
Htr3a,833,159
Pcolce,455,537
Me2,517,475
Mrps15,539,452
Tollip,537,454
Ehd1,455,536
Skp2,608,383
Arid4b,626,365
Gtf2a1,575,416
Htatsf1,621,369
Tnfrsf1a,475,515
Peg10,365,625
Gid8,541,449
Gigyf2,636,354
Ccdc124,466,524
Zdhhc21,606,384
Ube2g1,559,430
Mrpl32,536,453
Mfn2,550,439
Hikeshi,501,488
Akt1s1,518,471
Mrpl57,494,494
Rbm14,550,438
Chka,603,384
Ubap2,565,421
Hras,518,468
Fam216a,570,414
Ap3b2,542,442
Ddi2,607,377
Qdpr,445,539
Rrm2,645,339
Prkaa1,588,396
Mrps2,554,429
Snx1,563,420
Qsox2,538,445
Mgst3,612,371
Pdp2,546,436
Cic,538,444
Cuedc2,524,458
Hspe1-rs1,535,447
Dusp8,423,559
Tacc3,610,372
Plekhg1,588,393
Bnip1,528,453
Eif3j2,538,442
Stx6,526,454
Wipf3,604,376
Arl1,514,466
Plk1,548,431
Pgrmc1,513,466
Itm2c,510,469
Plcb4,631,348
Med1,556,423
Slc12a9,557,422
Mrps23,500,478
Tsen15,539,440
Ddhd2,598,380
Hadh,510,467
Mphosph6,542,436
Bace2,609,368
Urm1,622,355
Ipo4,522,455
Ube2j1,524,452
S100a13,438,538
Cstf3,564,412
Ptdss1,586,390
Cdc42bpb,524,452
Icmt,548,427
Bcap29,558,416
Sdf2l1,511,462
Wbp4,572,402
Tiparp,540,433
Nsf,599,374
Rec8,504,469
Pcgf6,575,397
Rad50,673,299
Fbh1,555,417
Ppp1r12c,513,458
Hadha,536,435
Golt1b,598,373
Rnh1,484,487
Bola3,508,463
Maged2,460,511
Gsk3a,563,408
Drosha,547,424
Slk,609,361
Ankrd10,650,320
Chic2,571,399
Gtf2ird1,635,335
Fam120a,535,434
Yipf5,509,459
Stk39,517,451
Larp7,585,382
Arrdc3,554,414
Zfp704,550,417
Ash1l,631,336
Rp9,534,433
Aggf1,550,416
Rbpj,586,380
Mpnd,489,477
Slc25a22,549,417
Gmfb,584,381
Tent2,615,350
Ints6,564,400
Cdip1,555,410
Ppp1r11,499,465
Sec24a,583,381
Acyp1,526,438
Nxf1,583,380
Pim1,587,376
Taf5l,584,380
Map1lc3a,398,565
Cnrip1,635,328
Slc35b2,549,414
Gprasp1,530,432
Utp15,593,369
Golga2,544,418
Ints2,567,395
H1f2,554,408
Golga7,523,439
Psme1,512,449
Crtap,516,445
Rhot1,556,403
Hccs,585,374
Trnau1ap,512,446
Amd2,559,398
Atp1a3,555,402
Topbp1,629,328
Peds1,518,439
Kat7,534,422
Erf,548,408
Vangl2,546,410
Tmem14c,484,472
Pygl,432,524
Mfhas1,502,454
Clpb,516,439
Itgav,582,373
Txlna,591,364
Med7,558,396
Cd2ap,560,394
Arl6ip4,546,407
Cds2,530,423
Kif3c,511,442
Gfpt1,566,387
Txndc5,509,444
Egfl7,392,561
Pip4k2b,606,346
Sec11c,536,416
Prpf4b,576,376
Tmem205,406,546
Tmem209,566,386
Supv3l1,556,395
Rcn2,523,428
Id3,894,57
Pycr2,540,412
Nab1,510,440
Fads3,396,554
Phrf1,597,353
Tcof1,578,372
Zswim8,560,389
Hypk,520,430
Nol11,536,413
Adissp,493,456
Pitrm1,518,431
Tmem65,472,476
Senp5,532,416
Agpat1,521,427
Gng10,589,359
Hexa,494,454
Rab3a,460,488
Bltp2,525,422
Gpr107,522,425
Ubr1,555,392
Mkrn1,488,460
Mfsd14a,509,438
Ergic3,482,465
Mrpl10,529,418
Ctxn1,537,409
Btbd10,544,402
Ndfip2,542,403
Ssh2,619,326
Repin1,504,441
Syngr1,476,469
Ube2q2,542,402
Gcsh,493,450
Polr3f,567,376
Ltbp4,554,389
Ttc1,533,410
Mydgf,473,470
Atg4b,510,433
Add1,540,403
Ddx47,512,430
Smarcad1,566,376
Ctsa,524,418
Mfsd6,571,371
Gria2,620,322
Rnf41,508,434
Gns,546,395
Coprs,469,472
Ssh1,594,347
Esyt1,518,422
Rbm18,542,398
Polr1f,559,381
Cth,398,542
Antkmt,491,448
Camk1d,585,354
Upf3a,502,437
Itgb5,500,439
Sh3glb1,516,423
Pcgf3,574,365
Alkbh1,578,360
Pycr1,416,522
Mcm5,572,366
Fbxw2,514,424
Nf2,563,375
Cibar1,492,445
Ankrd40,487,450
Polr3h,560,378
Spop,608,328
Zc3hav1,523,412
Map3k12,479,456
Utp14a,543,391
Ankrd28,531,403
Cpt1a,485,449
Rnf216,559,375
Gna12,498,435
Reep3,545,388
Tcf20,558,375
Mvb12b,464,468
Ctnnd1,568,364
Jph3,500,432
Rnf20,621,311
Brwd1,530,402
Rrn3,508,424
Chd6,591,340
Trpm7,584,348
Nubp1,523,408
Ascc2,484,447
Gle1,584,347
Brox,501,430
Zfp277,559,372
Foxp1,545,384
Mt1,503,426
Orc4,528,401
Thoc1,586,343
Nmnat2,576,353
Abr,578,350
Tsc2,474,454
Rrp7a,504,424
Gm50387,497,431
Mtus2,507,421
Seh1l,562,366
Nbr1,526,402
Lmnb2,612,316
Hmbox1,579,348
Prom1,473,454
Galnt1,497,428
Actl6a,579,346
Adh5,476,449
Pbk,533,392
Mxi1,526,400
Pacsin2,520,404
Sprtn,512,412
Nelfe,482,442
Mllt11,486,438
Exosc3,468,456
Mbtps2,563,360
Csrp1,578,345
Cebpz,582,342
Tssc4,517,406
Asb8,540,383
Nsmce2,501,422
Pih1d1,503,419
Rims3,586,336
Mageh1,490,432
Plcxd3,627,295
Phc1,544,377
Hspa4l,552,370
Klhl2,574,347
Prpsap1,484,437
Plin2,426,494
Golga3,512,408
Nmt2,527,393
Rnf146,558,362
Ints1,480,440
Rexo1,481,439
Acsl1,546,373
Cacfd1,552,367
Dolpp1,510,409
Dnaaf10,470,448
Sec23b,487,431
Ciao1,460,458
Fgfr1op2,542,376
Manbal,500,417
Map9,612,305
Ube2g2,466,450
Mtor,498,418
Ice1,493,423
Pdcd2,468,448
Nlrp4c,512,403
Zfp91,532,384
Mrpl45,510,405
Mia2,527,388
Ppp2r2b,495,420
Zfp36l2,548,367
Celf3,578,336
Sptssa,546,368
Rtf2,493,420
Gtf2f1,502,410
Thra,512,399
Snap91,517,394
Fbxl6,523,388
Dpp9,465,446
Tipin,556,354
Rbm15,521,389
Pgam5,497,413
Rcl1,513,397
Cmss1,436,473
Rnf111,512,397
Cherp,526,382
Mzt1,545,363
Myg1,504,404
Mrpl36,465,443
Trappc2b,484,424
Dtl,652,256
Ints11,487,420
Bms1,556,351
Ap1ar,541,366
Nek2,558,349
Abhd2,472,435
Cyb561,415,491
Necap1,487,419
Adora2a,568,338
Kansl2,501,405
Shtn1,608,298
Dennd2a,518,388
Mfap1a,531,375
Stam,506,399
Rfx7,546,358
Ncbp1,513,392
Tbp,535,370
Tbl3,457,448
Trappc6b,541,363
Kpna3,519,385
2310022B05Rik,492,412
Ccnl1,576,328
Hsf1,520,384
Cspp1,631,273
Nln,519,384
Rspry1,519,384
Grhpr,452,451
Stx7,485,418
Cul2,525,378
Rtl8b,450,454
Chd1,536,366
Gcc2,587,315
Cog1,456,446
Dedd,496,406
Camk2n2,388,514
Ccdc127,503,398
Tmem183a,512,389
Phax,491,410
Cdkn2d,494,407
Ppp1r2,518,383
Desi2,488,413
Hspa14,464,435
Bves,482,417
Gm2a,452,448
Leo1,527,371
Klhdc4,499,399
Ncoa3,467,431
Dynlt2b,533,365
Mrps7,468,430
Tob2,578,320
Lcmt1,400,496
Zfp422,537,360
Papss1,487,409
Nfe2l2,460,436
Tanc1,466,430
Poldip2,469,426
Astn1,519,376
Shoc2,539,355
Tmcc3,479,415
Cbfa2t3,495,399
Rpl9-ps6,456,438
Entpd3,552,342
Slc39a7,511,382
Zfp871,573,320
Atl2,524,369
Hmga1b,511,381
Thoc2l,566,326
Nenf,506,386
Limk2,508,383
Pim3,543,348
Zfp516,566,325
Apbb1,506,384
Phf6,491,399
Tfe3,439,451
Dnttip1,469,421
Slc7a6,505,385
Ankrd54,499,390
Pcf11,596,293
Mfap1b,502,387
Ppip5k2,505,383
Rad17,463,425
Ttc14,566,321
Tnk2,573,314
Taf4,557,330
Dhrs7,447,440
1700017B05Rik,440,447
Usp4,496,391
Xrcc1,426,461
Uchl5,515,371
Ddhd1,500,386
Rdh11,451,435
Gosr2,510,376
Rbis,500,385
Pnpla8,470,414
Ccnt2,590,295
Uxt,454,430
Ppp2r5b,417,467
Scap,472,412
Bloc1s2,446,438
Pam,559,324
Sephs1,516,367
Mycn,603,280
Pdcd11,529,354
Ephx1,437,446
Wdr70,474,408
Eaf1,474,408
Fsd1l,522,360
Ppp6r1,476,405
Ddx27,522,359
Sdf2,505,376
Jak1,459,422
Patl1,511,370
B4galt3,405,476
Nit1,408,472
Cirbp,514,366
Spin1,516,364
Ctu2,479,400
Rpa2,553,326
Pik3r1,510,368
Ttc13,506,373
Ap3s1,542,336
Cops7b,498,380
Ascc1,513,364
Arl6,503,374
Cep104,465,411
Dapk3,445,431
Gm42420,488,387
Azi2,524,351
Psmg2,477,398
Uhmk1,528,346
Pcbd1,450,425
Ngdn,428,448
Hpcal1,440,434
Sh3rf1,507,367
Abracl,524,348
Cisd2,494,379
Tpgs1,413,460
Chd8,506,367
Mea1,434,438
Ncbp2,480,392
Ipo9,517,355
Cluh,470,402
Ube2e1,457,415
Ctr9,562,310
Ric8a,480,391
Lpcat4,475,396
Dcaf8l,510,360
Sec22b,463,407
Med27,424,446
Rmnd5a,457,412
Acap3,477,392
Lancl1,452,417
Cox7b2,497,372
Senp7,494,375
Anxa5,458,410
Zcchc2,478,391
Traf7,467,401
Tet3,507,361
Akap8,597,271
Faf2,505,362
Mrps21,448,419
Dcaf12,515,352
Siah1a,533,333
Mocs2,440,426
Stbd1,393,473
Fbxl5,518,348
Pik3ca,536,330
Taok2,494,371
Cnot3,506,359
Slc35b1,427,438
Nxt1,466,399
Pym1,499,366
Rnf167,498,366
Nr2f2,532,332
Gatd3a,433,431
Cog5,521,342
Tmem222,462,401
Tfam,522,341
Chp1,438,424
Rxylt1,476,386
Nelfcd,519,343
Synm,601,261
Clcn4,473,389
Mrpl37,449,413
Fnip1,496,366
Kcnk3,414,448
B3gat3,436,426
Yipf3,436,426
Sh3pxd2a,476,385
Mier3,486,375
Ncln,479,382
Ndufaf4,436,425
Mrpl50,518,343
Erp44,482,379
Flrt1,602,257
Syt11,523,335
Utp25,495,363
Cabp1,425,433
Dip2c,475,383
Rapgef6,593,264
Exosc1,482,376
Tln1,470,386
Gpsm1,487,369
Arhgap19,507,349
Cpne3,525,331
Ptcd2,491,365
Vps72,493,363
Vps54,542,314
Rfc3,522,333
Hacd1,463,392
Fcho2,512,343
Mgat2,483,372
Thop1,457,398
Sncg,453,402
Tor1a,473,382
Zcchc9,458,396
Scaf4,514,340
Eed,464,390
Rsbn1l,536,318
Usf2,510,345
Idi1,412,442
Thap11,456,398
Lasp1,440,414
Bbln,353,501
Asic1,400,454
Zbed6,538,316
Scoc,506,348
Rab5b,524,330
Asah1,462,391
Ufsp2,448,405
Crkl,492,361
Slf2,519,334
Gramd1a,519,334
Vegfb,448,405
Tle4,418,434
Tbcd,455,397
Fndc3b,472,380
Kctd13,470,382
Ascc3,509,342
Pdxdc1,458,393
Glce,398,452
Fbxo25,466,384
Plk3,398,452
Derpc,506,342
Ift27,433,416
Chtf8,506,342
Mien1,408,441
Tdp2,554,294
Agap3,492,356
Sin3a,544,304
Pak4,465,383
Mpped2,482,366
Emc1,453,394
Prkacb,508,339
Ralb,421,426
Ndufaf3,412,434
Cask,451,395
Clasp2,508,338
Parg,536,310
Pepd,558,288
Man1c1,493,352
Chd9,549,296
Rabep1,538,307
Acadl,409,436
Socs7,480,364
Tmem87a,500,344
Arhgef1,541,303
Tyms,492,352
Wbp1,395,448
Zc3h11a,521,322
Ints15,429,414
Prps1,513,330
Ampd2,440,403
Cdk5r2,413,429
Ppp6r3,492,350
Camkk2,452,390
Spry4,502,340
Katnb1,435,407
Magohb,458,384
Tomm40,448,394
Sucla2,451,390
Bsdc1,515,326
Tmem263,462,379
Coro1b,447,394
Samd8,441,400
Chmp7,480,360
Slc7a3,394,446
Cenpe,574,266
Rab6b,477,363
Zc3h7a,567,272
Chuk,502,336
Tmem242,429,410
Scn8a,476,362
Gcat,391,447
Snx17,423,415
Fam163a,565,273
Usf1,485,352
Hspbp1,416,421
Gbf1,451,385
Vps16,455,381
Rbm38,460,376
Nudt4,490,346
Cox16,473,361
Fxr2,426,408
Nkiras2,383,451
Oxa1l,489,345
Arhgap11a,573,260
Acss2,356,477
Fam193a,490,342
Arfgap1,471,361
Phf12,481,351
Ncoa2,508,323
Exoc4,456,375
Scamp3,468,362
Nop16,461,369
Dnaaf5,393,437
Pex3,484,346
Bcl7b,441,388
Ppil2,467,361
Gemin5,465,363
Adpgk,496,331
Abcf2,438,389
Tmem150c,500,326
Hdac3,492,334
Ppp1r9b,435,391
Mex3d,481,345
Pigm,500,325
Creb1,500,325
Bivm,468,357
Meis2,532,293
AU040320,426,399
Khdc4,507,318
Os9,470,355
Cdk5rap3,444,380
Man1b1,448,376
Stat2,466,358
Cdk13,512,312
Wdr77,486,338
Bysl,423,401
Lrwd1,454,370
Cenpb,468,355
Ranbp9,473,350
Eya3,449,374
Rsrc1,448,376
Nbdy,433,390
Cbll1,478,345
Cdk12,525,297
Nubp2,415,407
Mllt6,526,295
Men1,428,393
Trim41,458,362
Tdrkh,446,374
Angel2,430,389
Taf11,482,337
Pcmtd2,542,277
Ccdc90b,468,351
Pogz,495,323
Patz1,490,328
Mrps34,430,388
Gtf2h4,399,419
Hells,541,277
Snx9,434,382
Zcchc10,475,342
4833420G17Rik,544,273
Pan3,506,310
Stk40,403,413
Mvd,307,509
2310061I04Rik,390,426
Ppp1r14c,494,322
Yeats4,498,318
Srpra,435,380
Atf7ip,505,310
Pcgf1,515,300
Tspan18,488,326
Letmd1,418,396
Arrb2,444,370
Kif11,510,304
Trim37,430,383
Armc8,452,360
Pogk,453,359
Klhl24,529,283
Tk1,506,306
Tmem165,455,357
Sacm1l,464,348
Pphln1,490,321
Tulp4,483,328
Vamp4,419,392
Tmem131l,477,334
Cabin1,512,299
Rhox2c,380,430
Gm49776,529,282
Gabpa,469,342
Dpp3,446,364
Sgsm2,448,362
Vps26a,461,348
Dcaf1,500,309
Vegfd,516,293
Rhoc,362,447
Ythdf3,466,343
Rab3ip,463,346
Rfwd3,458,351
Limch1,456,352
Fkbp5,452,356
Mtres1,437,371
Pdk1,488,320
Snrnp25,418,390
Tbk1,491,316
Ccdc12,430,378
Pir,462,345
Syp,431,376
Dgkh,504,302
Trib1,344,462
Ptcd3,450,356
Sbno2,502,304
Acp1,474,331
Smim20,381,424
Cpsf7,512,293
Nusap1,494,310
Katnal1,470,334
Ppa2,415,389
Gtf3c4,502,302
Zfp423,486,316
Piezo1,459,344
Ints4,446,357
Spire1,456,347
Alkbh3,424,379
Map3k7,476,326
Zfpl1,395,407
Rpl7l1,458,344
Baz2b,508,294
Scfd1,450,351
Nfs1,440,362
Rnaset2b,326,475
Dmwd,414,386
Prkab1,483,317
Sympk,455,345
Arih2,461,338
Esrra,390,410
Map1s,446,354
Sec61a2,460,338
Cers4,516,282
Poc5,474,324
Tmem70,421,376
Dgcr6,397,400
Usp39,423,374
Mtcl1,475,322
Hdhd2,442,355
Suco,443,354
Plcg1,464,333
Aifm1,462,335
Bag4,484,313
Bex4,448,349
Srp54a,446,350
Snx4,435,361
Nacc1,415,380
Elovl4,463,331
Ncoa6,456,338
S100pbp,491,303
Snx2,456,338
Tma16,467,326
Tbc1d10b,439,354
G2e3,505,288
Septin3,501,292
Ccdc117,445,348
Polr2h,452,341
Slc25a17,489,303
Wdr12,459,332
Eea1,520,271
Prpf40b,500,291
Mrpl1,427,364
Fryl,460,330
Kcnh2,475,315
Lsg1,430,360
Usp29,526,264
Snx12,460,330
Bfar,400,390
Phf23,448,341
Sypl1,453,336
Npnt,316,473
Creld1,393,396
Gtpbp1,433,356
Mad2l2,391,397
Tsc22d2,435,353
Nyap2,518,270
Tada1,428,360
Tubb6,441,347
Tbc1d23,469,318
Rbm27,474,312
Washc5,434,353
Kifc3,407,379
Stx1a,495,291
Oxsr1,476,310
Ccny,447,339
Tm7sf2,386,398
Syt6,347,438
Zfp644,493,292
Kif20a,452,332
Dzip3,482,302
Tbl2,492,292
Atp10d,564,220
Kif21a,488,295
Coasy,400,383
Cerk,464,319
Vps37a,411,372
Sema4c,425,358
Tspyl2,419,363
Lysmd3,457,325
Cpeb1,468,314
Nuf2,513,268
Smim7,412,369
Daxx,421,359
Acsl3,504,276
Tmem109,433,347
Slc38a7,429,351
Pwp1,463,317
Usp1,475,305
Atn1,406,373
Ptch1,460,320
Mpp2,409,370
Sesn2,335,444
Zfp655,454,324
Gstm1,334,445
Sgpl1,415,363
Higd2a,403,375
Pik3ip1,446,331
Eps15,438,339
Cbx3,469,308
Mad2l1,470,307
Septin5,417,359
Smpd3,340,436
Atg5,466,310
Fbxw7,465,310
Wtip,432,344
Thap4,384,391
Elp5,360,415
Wdfy3,420,355
Myt1,457,318
Etv4,432,343
1190005I06Rik,407,368
Sgpp1,452,322
Prp2rt,419,355
Ccdc6,416,357
Vps4a,436,337
Pde6d,458,315
Prr12,439,334
Mbtd1,481,292
Naa35,479,294
Mef2a,438,335
Mapk8ip3,416,356
Nrp2,368,404
Ddx10,476,295
Gm10053,399,373
Plpbp,436,335
Trim25,450,322
Znrf2,440,331
Myadm,355,416
Tnks1bp1,458,312
Dnajc1,458,312
Suds3,442,328
Slx9,411,359
Tmeff1,500,269
Eml5,533,236
Stxbp5,434,335
Retreg2,410,359
Mtfr1l,409,360
Rbm10,398,371
Map3k3,442,327
Mrpl35,383,385
Nup214,488,280
Dido1,494,274
Setd3,492,275
Klhdc3,399,368
5031439G07Rik,427,340
Slc35c2,351,416
Magt1,440,328
S2bpcox16,420,346
Ensa,418,349
Ralgapa1,438,328
Rims4,340,426
Fbxl14,428,338
Dynlt3,399,367
Mphosph8,453,313
Paxbp1,496,270
Tmem199,407,359
Esyt2,411,354
Cnppd1,406,360
Prpf38a,426,339
Lmf1,399,366
Tmem11,439,326
Anxa4,393,371
Csrnp3,418,346
Cdc73,472,292
Sbf1,401,363
Mrpl44,420,344
Osbpl8,401,363
Jph4,425,339
Tlcd3b,409,355
Phf20,418,346
Marchf9,370,394
Pisd,441,322
Trappc14,438,325
Smarcd2,416,347
Sart1,433,330
Abl1,446,317
Ecd,420,343
Uri1,452,310
Crocc,463,299
Lman2l,388,374
Casc3,435,326
Card19,440,321
Selenos,405,356
Tmem94,384,376
Ctnnbip1,409,351
Nr2f6,404,356
Trak1,428,332
1110065P20Rik,379,381
Fam133b,470,290
Hmgxb3,396,363
Slc25a46,422,337
Asf1b,481,278
Gtf2h1,431,328
Ten1,383,376
Gnpat,410,348
Med13,412,346
B230219D22Rik,422,336
Frmpd1,386,372
Mgat1,458,300
Ninj1,374,384
Ulk1,450,308
Mterf3,380,377
Hmga1,428,328
Ermp1,430,326
Ikzf5,459,298
Terf2,420,336
Map2k7,462,294
Gm49721,309,447
Wdtc1,370,386
Rbm42,386,370
Ankfy1,418,337
N4bp1,418,337
Arhgef25,470,285
Dhps,414,341
Bcr,425,330
Gipc1,452,303
Il11ra1,437,318
Ift25,372,382
Exoc3,424,330
Pgrmc2,439,315
Bet1,400,354
Pxdn,468,286
Tmem237,458,295
Dscam,392,361
Cep83,466,287
Dkk1,677,76
Kremen1,446,307
Appl1,453,300
Dnajc9,463,290
Cbarp,393,360
Fam3c,378,374
Xpo7,469,283
Stk16,403,349
Fam171b,419,333
Slc7a14,410,342
Adsl,402,350
Glo1,410,341
Fam219a,467,284
Cnot10,434,317
Trim68,565,186
Mlec,388,363
Igsf3,424,327
Tug1,476,274
Swt1,430,320
Kifbp,402,348
Spns1,375,375
Tlnrd1,446,304
Gps1,396,354
Neurl1a,437,312
Mapk8ip2,400,349
Zfc3h1,460,289
Ier5l,420,329
Usp21,422,327
Ppp1r16b,338,410
Rsu1,409,339
Coq10a,382,365
Evl,425,322
Chd2,474,272
Ano6,467,279
Anxa7,418,327
Capza1,412,332
Bub1,471,273
Cep20,468,276
Prkra,366,377
Mbd2,423,320
Itch,415,328
Map7d1,420,323
Gm49356,404,338
Homer1,380,363
Nek9,375,367
Taf2,433,309
Fbxo30,446,296
Usp3,424,318
Pdcd7,455,286
Zfp362,433,308
Resp18,380,361
Uba6,415,326
Sra1,379,362
Pdgfa,372,369
Rbmx2,452,288
Rnf138,428,312
Fbxo5,489,250
Tmem181a,418,322
Mapk3,382,357
Tmem107,423,316
Abca2,357,382
Srp54b,418,321
Mier2,403,335
Ppil4,447,291
Tmem184b,420,318
Slc29a4,411,326
Ptbp2,465,272
Ints13,413,324
Edem2,397,340
Rsph3a,374,363
Fuca1,350,386
Sh2b1,406,330
Fzr1,408,328
Tfip11,373,363
Eif2b3,443,293
Zyg11b,375,361
Cactin,404,332
Btg2,378,358
Zmat3,438,298
Zfp280c,469,266
Acap2,440,295
Fnbp4,480,255
Trmt10c,445,290
Map3k4,454,282
Mlx,389,346
Mxra7,417,317
Rhbdd3,413,321
Zdhhc3,408,326
Zdhhc17,427,306
Micu3,453,280
Srp54c,421,311
Gramd4,428,304
Ncoa5,425,307
Myo5a,458,274
Elf2,454,278
Nlk,370,362
Ddrgk1,399,332
Dhx8,383,348
Dpcd,330,401
Fbxo28,430,301
Malsu1,426,304
Cnot9,404,326
Hid1,342,388
Sel1l3,360,370
Hace1,446,284
Tlx2,582,148
Arhgef28,426,303
Ckap2l,478,252
Rprd1b,442,287
Pip4p2,412,317
Cmas,395,334
Aftph,424,304
Rgmb,424,304
Katna1,436,292
Gm49336,434,294
Myt1l,466,262
Bap1,359,368
Fbrs,406,321
Selenom,345,382
Erlin2,441,286
Ahcyl2,446,281
Sos1,394,333
Ndufaf8,378,349
Gucy1b1,453,274
Phf13,384,342
Dnajc10,459,267
Tmem106b,373,353
Zdhhc5,377,349
Akap8l,397,329
Dpysl5,438,287
Shmt1,440,285
Rtca,355,370
Rab34,421,304
Ankrd50,383,342
Slc30a4,420,305
Chn2,413,311
Abhd16a,313,411
Arhgap1,335,389
Abcb10,391,333
Ncaph,487,236
Iars2,408,314
Pygb,335,387
Adcyap1r1,410,312
Setd1a,392,330
Mapk8,444,278
Mfsd1,437,284
Arfip2,373,348
Tasor2,420,301
Cmip,404,316
Emc3,390,330
Glul,421,299
Ap3m1,376,344
Cbx2,409,311
Cdkn2aipnl,437,282
Gopc,419,300
Pou3f3,494,225
Myo9a,414,304
Zdhhc6,418,300
Tacc2,407,311
Kidins220,429,289
Erlec1,447,271
Usp37,427,291
Usp16,432,285
Mmp15,361,356
Cpd,402,315
Rrp1b,425,292
Zeb1,474,243
Vps25,358,358
St6galnac6,408,308
Rchy1,405,311
Baiap2,412,304
Slc19a1,425,291
Cbfa2t2,407,309
Pex2,413,303
Zmym2,420,294
Champ1,437,278
Scaf1,406,308
Akap11,457,258
H2ac6,420,294
Dph3,390,324
Gfm1,393,321
Ttc28,394,320
Fundc2,411,303
Plcb3,522,192
Bltp3b,389,325
Dnajc14,396,318
Zfp467,383,330
Parp8,411,302
Ccnd2,311,402
Ddx41,342,371
Oaz2,360,353
Cmtm4,404,309
Pla2g6,392,321
Sema6a,368,344
Bloc1s1,384,328
Prr14,357,355
Nop2,427,284
Fbxo31,364,347
Uqcc4,400,311
Naxd,404,306
Dmac1,326,384
Alg9,390,320
Stra6,487,223
Polr2d,422,288
Tmem138,393,316
N4bp2,445,264
Elovl7,416,293
Hycc1,354,355
Naf1,411,298
Mtmr6,389,320
Dusp1,445,264
Rap1a,404,304
Mtmr9,389,319
Trmt2a,346,362
Ubxn7,384,324
Plod1,345,362
Gins2,409,298
Gfer,364,343
Gid4,410,298
Ube4a,403,304
Slain2,400,306
Ctps1,407,300
Ralgapb,366,340
Safb2,454,253
Mrps31,411,295
Marf1,420,286
Pla2g12a,302,404
Tgs1,428,277
Zyx,333,372
Uckl1,352,353
Pgbd5,327,378
Ctbp2,422,282
Fkbp9,379,326
Kmt2b,423,282
Stard3nl,384,320
Kif3b,389,316
Bhlhb9,390,314
Sgip1,460,244
Nup153,429,275
Tspan4,413,291
Med24,380,323
Kctd20,422,280
Rcn1,404,298
Pde10a,465,237
Ubqln4,370,332
Fzd7,416,286
Kdm3a,439,262
Bag2,408,293
AI597479,390,311
Lnpk,392,309
Slc16a6,346,354
Mmgt1,379,322
Smim26,383,317
Samd10,334,366
1810030O07Rik,368,332
Heatr6,440,260
Abhd11,375,325
Mblac2,385,315
Rnpep,380,320
Dnajc19,336,364
Lrpap1,359,340
Tpst1,380,319
Ncs1,452,247
Ube2t,480,219
B4galt5,441,258
Cpsf4,410,289
Nipsnap3b,405,294
Abhd13,388,310
Dtd1,356,342
Zfp62,425,273
Man2a2,381,317
Pkp4,417,281
Ublcp1,363,335
Nfya,361,336
Kpna1,398,299
Dguok,378,318
Ado,386,310
Arid4a,426,270
Rdh5,370,326
Tvp23b,412,284
Tmem161a,378,318
Hmgn3,441,255
Cdk2,426,269
Lamtor4,338,357
Gcn1,390,304
Gpcpd1,484,210
Mtap,418,277
Rpa1,401,293
Hcn2,393,301
Akt3,440,254
Zeb2,467,227
Espl1,407,287
Usp38,392,301
Faim,389,304
Slc30a1,304,389
Cyfip1,406,287
Ube2v2,413,280
Akirin1,351,342
Gp1bb,366,327
Creld2,378,314
Pabpc4,421,270
Tmem151b,358,333
Ubr7,424,267
Banp,375,316
Pole4,408,283
Senp1,443,248
Ppp2r2d,408,282
Bloc1s6,371,319
Sec24b,360,330
Decr1,351,339
Elk3,447,243
Rhox2f,333,357
Rtl8a,357,332
Nme7,360,330
Mapkapk5,372,318
Socs6,404,286
Cep164,392,297
Mtx1,341,348
Krcc1,391,298
Pfn2,358,330
Ciao2a,442,248
Vps13b,394,295
Vrk1,428,260
Gtf2f2,392,296
Gm42878,370,318
Ttbk2,407,280
Jag2,395,292
Jagn1,348,339
Crnkl1,385,301
Hddc2,349,337
Blzf1,353,332
Trim67,426,260
Ciz1,364,321
Terf2ip,376,309
Mrpl27,346,338
Ppard,320,364
Aspscr1,357,327
Triobp,365,319
Med23,376,308
Sephs2,382,302
Zdhhc20,404,279
Get4,367,315
Tmem135,355,327
Aldh7a1,352,330
3830403N18Rik,378,304
Ndufaf2,388,294
Stk3,422,260
Alg3,355,327
Ints5,364,318
Pgf,407,274
Kiz,392,290
Sigmar1,350,331
Kctd17,365,316
Zdhhc8,393,288
Nptxr,388,292
Ncdn,364,316
Mesd,400,280
Rragd,346,334
Pmm1,308,372
Nol4l,436,244
Cby1,328,351
Dnlz,353,326
Atp8a1,414,264
Ddx23,442,236
Rnf220,350,328
Vat1l,411,267
Ilvbl,388,290
Stau2,342,336
Pik3r3,326,352
Nfx1,402,276
Htra2,349,328
Zmym4,390,287
Gnaz,363,314
Hmbs,356,320
Prmt3,386,291
Xlr3a,316,360
Grb14,367,309
Wnt11,433,243
Ect2,432,244
Gosr1,371,305
Pkn1,372,303
St6galnac4,350,325
Vps50,414,261
Spc25,442,233
Heatr3,350,325
Srprb,376,298
Cdk17,408,266
Lrp8,399,275
Mta3,371,303
Ptpn23,406,268
Sun1,386,288
Man1a2,390,283
Trim59,416,257
Ckap2,426,247
Gm7324,436,237
Phldb1,399,274
Ift52,370,302
Nudcd1,404,268
Pus10,363,309
Wdr48,399,273
Eif2b4,334,338
Plekha3,382,290
Trappc3,388,284
Lrp12,385,287
Prkca,440,232
Comt,350,322
Lemd3,360,311
Lias,337,334
Siva1,402,269
Ocrl,428,243
Gphn,380,291
Plgrkt,372,299
Nt5c2,373,298
Nbea,401,270
Supt3,358,312
Pcmtd1,413,258
Prpf18,382,288
Gins4,368,302
Adk,356,314
Elmo2,382,288
Rimoc1,440,230
Atl3,416,254
Rragc,367,302
Sdad1,388,280
Cbr1,344,324
Gmnn,406,262
Prkag1,376,292
Fance,394,274
Dhfr,410,258
Rbm15b,380,288
Nsrp1,395,273
Akr1b1,394,273
Fbxw5,363,304
Zpr1,368,299
Ark2n,362,305
Pex5,389,278
Xrn1,411,256
Wdr35,420,246
Baz1a,429,237
Pold1,375,291
Armcx2,370,296
Hcfc2,393,273
Atf6b,332,333
Slc4a1ap,410,255
E2f1,380,285
Mapk14,373,292
Bet1l,374,291
Relch,391,273
Cstf1,377,287
Rpf1,398,266
Atg12,356,308
Vav2,399,265
Ostf1,340,324
Kbtbd11,367,297
Stmp1,334,329
Ppp2r5e,391,272
Garre1,392,271
Rpap3,402,262
Haus2,378,284
Prpf39,465,197
Slc20a1,418,244
Oat,424,238
Tsr1,429,232
BC005624,366,294
Myo18a,345,315
Ppp1r10,400,260
Impdh1,341,319
Arl6ip6,394,266
Pea15a,315,345
Specc1l,422,238
Gak,367,293
Mpg,358,302
Dctn5,338,322
Sft2d1rt,378,282
Ube3b,373,286
Ppih,373,286
Pelp1,396,263
Mief1,380,279
Knop1,422,237
Cat,348,310
Gnb4,406,252
Trerf1,456,202
Xlr,394,264
Dnajb9,364,293
Camk1,320,337
Cib1,300,357
Pwp2,346,311
Fam169a,333,324
Ptp4a1,369,288
Suclg2,405,251
Sncb,337,319
Nosip,348,308
Mrps22,331,325
Aktip,367,289
Pde5a,362,293
Abcc5,366,289
Supt20,417,238
Ppp1r14a,306,349
Tfrc,398,257
Exoc7,344,311
2300009A05Rik,348,307
Lonp2,343,312
Uspl1,385,270
S100a4,436,218
Cd2bp2,358,296
Slc4a7,434,220
Nfxl1,380,274
Atxn7l3,374,280
Bmt2,358,296
Bbip1,385,268
Cip2a,419,234
Top3b,386,267
Fam204a,354,300
Tafazzin,399,254
Lamtor5,358,296
Ftsj3,355,298
Fbrsl1,381,272
Slc35e4,341,311
Chsy1,388,264
Klhl7,372,280
Cnep1r1,373,279
Rcn3,398,254
Ccnf,391,261
Mdm4,410,241
Unc45a,338,313
Cry2,344,307
Pdcl,377,274
Igfbp5,310,341
Zbtb38,384,267
Pop5,299,352
Kpna2rt,355,295
Mfsd14b,367,283
Rlf,394,256
Jmjd1c,424,226
Rbfa,288,362
Nt5c3,392,258
Ahcyl,376,273
Hlx,331,318
Anapc5,391,257
Pank2,392,256
Gm51400,323,325
Litaf,338,310
Unc119,320,327
Pacsin1,335,312
Eln,377,270
Sesn1,380,267
Cnot4,392,254
Galk2,380,266
Tor1aip1,384,262
Hmgxb4,392,254
Pnpt1,351,295
Lrrc4b,371,274
Irak1bp1,334,311
Mapk7,378,267
Fkbp2,321,323
Plbd2,351,293
Herc2,387,257
Arhgap35,336,308
Cdk5,326,318
Nkx2-5,426,218
Gm773,383,260
Stk4,397,246
Strip1,374,269
Rhox2e,311,332
Nup210,354,289
Otud4,391,252
Micu2,361,282
Commd1b,350,293
Rasa2,383,259
Ncbp2as2,331,311
Rbm33,396,246
Ufd1,376,266
Wwp2,335,307
Slc48a1,302,340
Sardh,371,270
Npm3,302,340
Taf3,406,235
Erg28,313,328
Haus3,426,214
Kcnb1,313,327
Nin,374,266
Csrp2,377,263
Hibadh,356,284
1110038F14Rik,320,320
Slc31a1,367,273
Trappc8,385,255
Yes1,395,244
Rapgef1,317,322
Epb41l1,437,202
Tbx2,490,148
Hira,359,280
Lix1l,357,281
Atf1,375,263
Nop9,331,307
Zfp428,322,316
Wdr11,363,275
Med8,319,319
Ifi27,287,351
Hgs,328,310
Cdk8,356,282
Gabpb1,376,262
Rsph3b,318,320
Nadk2,363,274
Nck1,392,245
Fosl2,334,303
Iah1,295,342
Srgap2,356,281
Niban1,227,410
Dnm1,347,290
Ino80,404,232
Gripap1,392,244
Topors,402,234
Sac3d1,353,283
Vps52,332,304
Sppl3,376,260
Tpm3-rs7,383,253
Commd8,387,248
Fam117b,357,278
Bclaf3,419,216
Slc4a8,382,252
Ibtk,350,284
Slc39a9,344,290
Lrp6,377,257
Kdm4a,329,304
Zkscan3,372,261
Chchd6,283,350
Gnl3l,372,261
Mul1,317,316
Arfgap3,356,277
Sgcb,334,299
Brpf1,362,271
Tagln3,390,242
Kpna6,352,280
Igsf9b,351,281
Epb41,351,281
9130401M01Rik,288,344
Psen2,306,326
Atg16l1,376,255
Fhip2a,318,313
Naxe,346,285
Ap3s2,329,302
Aarsd1,296,334
Golim4,394,236
Iscu,287,344
Atg101,332,298
Dmtf1,367,263
Plcl2,221,409
Sc5d,330,300
Plxnc1,355,274
Mmd,383,246
Eif2b1,328,301
Efcab14,362,267
Commd10,359,270
Spint2,362,267
Parn,352,277
Arl6ip5,347,281
Tmed3,309,319
Lin28b,424,204
Ptpn9,374,254
Daglb,329,299
Fbxo22,375,253
Med20,336,292
Ankrd13a,324,303
Slc10a7,381,246
Pggt1b,358,269
Nt5c,326,301
Gm27029,292,335
Timp2,333,293
Qser1,360,266
Tbl1xr1,390,236
Memo1,352,274
Rbbp5,353,272
Adrm1b,330,294
Xiap,374,250
Asph,358,266
Rfc5,387,237
Sult4a1,324,300
Eapp,340,284
Capn5,283,341
Zbed3,359,265
Pi4k2a,317,306
Ptprcap,312,312
Kctd3,358,264
Chordc1,376,247
Isca1,328,295
Ivd,354,269
Epn2,371,251
Ankrd37,368,254
Dhodh,364,258
Cstpp1,338,284
Stx4a,324,298
Snapc3,377,244
Kmt5c,360,261
Mthfsd,351,270
Necap2,338,283
Numbl,333,288
Dusp3,287,334
Arfgap2,317,304
Wdfy1,353,267
Cad,326,294
Enoph1,354,266
Smad2,350,270
Sft2d1,370,249
Txndc11,339,281
Snx10,377,242
Rps6kb1,340,279
Psmd9,331,288
Morn4,308,311
Rprd2,376,242
Nipsnap2,366,252
Ppp4r2,358,261
Lrif1,368,250
Stim1,299,319
Vamp2,300,318
Ccm2,298,320
Cdc42se1,352,266
Acbd5,397,220
Commd7,372,246
Ppan,384,233
Axin1,364,253
Sirt7,330,286
Clip1,377,240
Txndc12,354,263
Chmp3,375,242
Mrpl47,339,278
Bdh1,299,317
Ndel1,364,252
Hectd4,323,293
Tmco3,396,220
Dmxl2,353,263
Ttc5,360,255
Pex6,320,296
4833439L19Rik,318,297
Dab2ip,332,284
C2cd5,348,266
Tet2,382,232
Xlr3c,335,280
Tmem219,289,325
Pmm2,362,252
Pkd2,388,224
Slmap,362,250
Naa40,370,243
Iws1,407,205
Elp1,393,219
Noc4l,361,251
Vkorc1,306,306
Ap1s2,381,231
BC004004,308,304
Zfp869,342,269
Tnik,371,240
Fyb1,323,288
Arhgef12,384,227
Scaf8,408,203
Zmym3,388,222
Brd9,335,275
Neurl4,357,253
Rad1,328,282
Itsn2,377,233
Xrcc5,332,277
Trim32,295,314
Zfp385a,288,321
Polr1a,375,233
Ubl7,327,281
Dym,324,284
Tmem87b,363,245
Wipf2,351,257
Lactb2,324,284
Tmem201,342,266
Arhgef10l,310,297
Timm10,316,291
Syngr2,306,300
Ntpcr,305,302
Ankrd13c,326,282
Dpp8,351,256
Ramac,349,257
Tent4b,343,264
Dvl3,325,282
Ska2,367,240
Cplx2,373,233
Fam98c,340,266
Ppt1,341,265
Faap100,300,305
Exosc8,330,275
Acox1,303,302
Qsox1,329,276
Usp20,314,291
Tbc1d14,391,214
Nab2,342,262
Fndc3a,371,233
Ino80d,418,186
Rgs19,304,300
Mtpap,346,258
Nipa2,374,230
Sema4b,362,241
B4galnt4,379,224
Washc2,362,241
Sfi1,368,235
Tbcel,363,240
Smc5,401,202
Ndrg3,332,271
Slc25a20,267,336
Mkrn2,312,290
Cplane1,365,237
Unc93b1,327,275
Brd10,364,238
Tysnd1,330,272
Sharpin,306,295
Apoo,348,253
Eci2,290,311
Ankra2,362,239
Rras,248,353
Cbx8,309,292
2310057M21Rik,354,247
Lysmd2,349,252
Wrnip1,362,238
Get1,346,254
Rrp9,323,277
Thumpd3,337,262
Pithd1,318,281
Haus7,250,349
Prim2,373,226
Tox4,344,256
Pbx3,333,266
Asb6,284,315
Tmed8,350,249
Psmd10,312,287
Syn1,330,268
Galt,312,286
Tmem185a,330,267
Sav1,340,256
Glrx2,303,294
Tbc1d19,345,252
Sdhaf2,323,274
Uba5,317,280
Tamm41,340,257
Aco1,352,244
Egr1,335,261
Edem1,328,268
Srrm4,356,240
Lzts2,324,272
Pcgf2,320,275
Fbxo38,361,234
Plrg1,328,267
Foxk1,324,271
Mrpl46,314,280
Arhgap12,332,262
Rfxap,326,268
Rars2,337,257
Tlk1,370,224
Flvcr1,360,234
Gm38393,306,288
Usp6nl,334,260
Trim2,341,252
Mettl16,354,240
Ddx19a,346,247
Vac14,332,261
Rnf139,312,281
Ambra1,347,246
Hgh1,320,272
Osgep,308,284
Rnf208,349,243
A430005L14Rik,332,259
Gas8,330,262
Siah1b,349,242
Bltp1,345,246
Pja1,337,254
Erc1,396,195
Chchd4,325,266
Knl1,397,194
Crcp,321,269
Dcaf17,367,223
Dyrk2,367,223
Ttc21b,382,208
Ugcg,371,219
Klhl21,362,228
Pou2f2,381,209
Sntb2,356,234
Selenon,356,234
Map2,344,246
Akap1,334,256
Vps13a,362,227
Trappc2,305,283
Msl2,372,216
Sema6d,336,252
Zfp523,340,248
Limd2,322,266
E4f1,338,250
Incenp,376,211
Tub,461,126
Tmem134,273,314
Mast3,319,268
Mrps12,289,298
Ebag9,316,272
Ino80e,304,282
Polg,362,224
Rxrb,326,260
Nbeal1,352,234
Aldh2,326,260
Mllt3,344,242
Amph,328,258
Sos2,343,242
Ggps1,312,273
Smim10l1,272,312
Obsl1,340,245
Tpm2,375,210
Smurf2,373,211
Zfp318,377,207
Clock,362,221
Chid1,287,296
Mthfd1,309,274
Sgo2a,385,198
Smim29,294,289
Nhsl3,259,323
Tapbp,292,290
Txlng,382,200
Vti1b,298,284
Acaca,365,217
Plxna3,346,236
Echdc1,307,274
Rph3al,322,259
Cpeb2,347,234
Commd2,366,215
Thg1l,311,270
Stk38,341,240
Fen1,355,226
Adgrl2,374,207
Tmf1,360,220
Slc25a30,325,255
Hmg20a,344,236
Leng8,395,185
Slc7a6os,334,245
Gdap1,313,266
Snx15,343,236
Trim33,341,238
Troap,344,235
Usp31,375,204
Egln2,307,272
Anapc7,321,258
Ubash3b,302,276
Arhgef40,346,232
Arhgef7,342,236
Aasdhppt,320,258
Fam135a,327,250
Nr2c2,330,247
Smarcal1,339,238
Srfbp1,327,250
Mis18bp1,386,191
Ppp1r7,305,272
Ano10,298,279
Fbxo33,328,249
Crtc3,376,200
Trim47,312,265
Eps15l1,317,260
Pcnx1,342,234
Dlx2,386,190
Brap,318,258
Cep192,399,177
0610010K14Rik,308,266
Elf1,350,225
Rcc1,344,231
Fuca2,309,266
Pde4d,342,232
Glod4,307,267
Mitd1,321,252
Dpf3,309,264
L3mbtl2,326,247
Ccdc136,324,250
Nup37,380,193
Dimt1,330,242
Dnal4,296,276
Tmem39a,313,259
Aldh3b1,289,283
Unk,320,252
Mrpl16,286,286
Stx5a,331,240
Rnd1,248,323
Gas2l3,363,208
Pet100,328,243
Slc8a1,346,225
Pkn2,355,216
Orc3,317,253
Klf16,311,259
Sez6l,346,224
Efhd2,359,211
Ugdh,396,174
Prkci,324,245
Stard10,286,283
Gstz1,303,266
Cox19,306,263
Cdca7,328,241
Micu1,371,198
Cr1l,326,242
Dhx40,333,235
Ccnc,306,262
Ufl1,321,247
Otud6b,330,238
Sohlh2,308,260
Mamdc4,328,240
Ift22,299,268
Chpf2,338,230
Pus7,319,248
Aurkb,378,189
Gls2,319,248
Cfap97,332,234
Dcun1d1,332,234
Rap2a,312,255
Tut7,362,204
Zfp9,388,178
Actr3b,246,320
Arl5b,365,201
Tspan17,279,287
Pitpnm1,285,281
Slc5a3,397,169
Shisa5,315,250
Bola1,282,283
Slc20a2,364,201
Fam120b,305,260
Adprs,311,254
2410002F23Rik,360,204
Polr3e,306,258
Scamp5,286,279
Ckb,293,271
Ccnb2,330,234
Akt2,302,262
Tjp1,366,198
Cul7,321,243
Lmtk2,290,274
Tex2,271,293
Rbm12,338,225
Phlda3,291,272
Timmdc1,313,250
Gadd45g,287,276
Zcchc8,361,202
Dhx16,319,244
Prpsap2,338,224
Adipor2,307,255
Preb,316,246
Mtmr2,312,250
Skic3,331,230
Cdc26,315,246
Tgif1,329,232
Dip2b,290,271
Rhox1,279,282
Pdia5,279,282
Cacna1h,364,197
Slc35f5,315,246
Plekha5,344,216
Gm42742,294,266
Zfp260,319,242
Pikfyve,314,246
Cdc37l1,355,205
Ccnjl,292,268
Fam181b,316,244
Itsn1,325,235
Trp53i11,217,343
Hsd17b7,274,286
Ggt7,282,278
Orc2,285,274
Lsm10,317,242
Bok,329,230
Tatdn1,332,226
Ptprj,278,280
Nom1,352,206
Gm20431,292,266
Plekho1,333,224
Ube2v1,293,264
Mlkl,298,259
Snapc2,305,252
Tcaf1,324,233
Nat8l,298,259
Eif4e3,341,216
Tbc1d9,336,220
Spopl,322,234
Nup35,349,207
Cast,299,257
Magi1,308,248
Tns1,372,184
Jmy,376,180
Gzf1,313,243
Kbtbd2,320,236
Cir1,329,226
Gm49948,218,338
Cltb,306,250
Mrpl55,297,258
Srgap3,302,253
Parp6,343,212
Fbxl19,312,243
Morc3,342,213
Zbtb21,316,239
Zzef1,352,202
Tef,350,205
Add3,358,196
Mrpl41,327,227
Elovl1,300,254
Bicd2,292,262
Lsamp,258,295
Gtpbp3,274,279
Timeless,333,220
Itfg2,347,206
Rnf11,312,241
Scyl1,299,254
Gtse1,341,212
Dcaf5,328,225
Mrps33,302,250
Enkd1,267,285
Irf2bp1,293,259
Reep2,261,291
B3galt1,361,191
Brcc3,306,246
Zfp365,307,245
Tgfbrap1,318,234
6030458C11Rik,341,211
Smarca1,339,212
Tsc1,363,188
Paf1,346,205
Capn2,319,232
Rai14,345,206
Cdca4,356,195
Cdr2,339,212
Scyl2,307,244
Nrp1,308,242
Cep85,302,248
D030056L22Rik,350,200
Pstk,295,256
Btg1,286,264
Rgs7,341,209
Gpatch4,322,228
Ccp110,347,203
Ptpmt1,292,258
Atr,350,200
Bst2,250,300
Tprkb,310,239
Yod1,364,185
Scamp2,290,259
Tomm40l,276,273
Smyd2,302,246
Bcl2l13,301,247
Actr5,320,228
Stmn2,280,268
Stam2,293,255
Ppp4r1,298,250
Trpv2,226,322
Twsg1,315,232
Braf,336,212
Nat10,338,209
Map3k5,328,219
Mapkap1,274,273
Ddx28,294,253
Fam13c,304,243
Ttll3,306,240
1110059G10Rik,304,243
Sh3bp5l,302,245
Plxna1,305,242
Trappc9,278,268
Atg3,282,264
Eml3,315,231
H2ac25,284,262
Sik3,315,230
Pycr3,293,252
Gys1,277,268
Tor1b,323,222
Dicer1,348,196
Poglut2,293,251
Slc6a9,250,294
Chst11,292,252
Rad54l2,335,208
Sh3bp1,296,246
Prepl,296,247
Tex264,266,277
Rabgap1l,308,235
Gm57852,282,260
Abcf3,283,260
Mgarp,242,301
Yipf6,324,219
Sh2b2,320,223
Pagr1a,284,259
Rangrf,282,261
Prr14l,316,227
Ufm1,294,248
Abhd12,284,258
Hdac11,287,255
Afap1l1,321,220
Slc6a8,286,255
Acvr2b,347,194
Mcub,281,260
Rce1,303,238
Washc3,287,254
Hdac6,303,238
Kat2b,299,241
Plekha2,248,292
Surf2,295,245
4930453N24Rik,312,228
Gm49353,330,210
Tmem41b,301,239
Pold3,310,229
Map2k3,353,186
St8sia3,304,235
Enho,298,241
Magel2,292,247
Nlgn2,301,238
Gmeb1,344,195
Cdkn2aip,317,222
Kdm6a,334,205
Mrps11,277,261
Tm7sf3,311,227
Rptor,316,221
Zc3h4,306,232
Insm1,310,228
Map4k3,301,236
Trim24,311,226
Gmcl1,324,214
Washc4,313,224
Kif23,335,202
Wdr13,329,208
Bicd1,352,185
Pex14,278,258
Ccng1,271,265
Sez6,210,326
Gbe1,250,286
Dscaml1,276,260
Pigx,307,229
Dnajc13,305,231
Asb7,287,249
Ddx52,291,245
Pdcd10,316,220
Isg20l2,316,219
Dtnb,270,265
Hes1,354,181
Smg8,285,250
Keap1,326,209
Rnf185,233,302
Arhgap21,300,234
Cep120,313,221
Ubiad1,287,247
Rufy1,290,244
Surf6,298,236
Cables1,331,203
Mtbp,317,217
Gps2,293,241
Ccndbp1,331,202
Rnf168,324,209
G6pc3,295,238
Mical1,291,242
Naa30,285,248
Phf8,276,257
Rprml,275,258
Dennd4a,295,238
Klf9,304,229
Cox4i2,292,241
Slc27a1,280,252
Mapkapk2,268,264
Bcl10,296,236
Irf2,337,195
Rnf115,300,232
Zfp652,325,207
Mex3b,326,205
Zbed4,314,218
Tmem161b,291,240
Ntrk3,296,235
Josd2,252,279
Znrd2,296,236
Abt1,290,241
Samhd1,340,190
Ube2o,297,233
Nsmce3,298,232
Nsun5,303,227
Lcorl,267,263
Slc25a23,298,232
Insig2,290,240
Mapk12,314,215
Dlg1,286,242
Rab5a,298,231
Gm42715,332,197
Tm2d1,286,242
Taf5,321,207
Ttc9c,290,238
Serhl,277,250
Stx2,308,220
Aida,328,200
Bcl2l1,274,254
Pfkfb3,300,228
Hnrnph2,338,190
Cmc1,280,247
Actr8,293,234
Aatk,293,234
Rtn1,294,233
Tbc1d9b,284,243
Mast2,319,208
Fbxo45,296,230
Smim15,294,232
Fndc4,291,235
Utp20,333,193
Ank,271,255
Zcchc7,353,173
Ss18,324,202
Marchf8,343,182
Ptgr2,288,237
Ddah1,269,256
Timm22,299,226
Elmod2,336,188
Nebl,346,178
Slc45a4,270,253
Rbmx,316,208
Tmem168,320,203
Gstm2,266,257
Kin,320,203
Dpagt1,277,246
Mogs,303,220
Rtel1,333,190
Sgms1,298,225
Sord,282,241
Flot1,264,258
Bco1,219,304
Pfas,310,212
Fktn,290,232
Pcnt,370,152
Erich1,302,220
Slc25a36,288,234
Twf2,258,264
Gata4,282,240
Ipo13,268,254
Epc2,317,205
Dctn1,313,208
Slc25a51,322,200
Akr7a5,285,236
Rfk,262,259
Pcx,250,271
Cfap410,267,254
Ptdss2,259,262
Acvr1b,319,202
Rimbp2,354,166
Ppie,259,261
Mrps27,273,247
Creg1,259,261
B9d1,246,274
Cnnm3,333,187
Capn10,264,256
Zfp410,316,204
Anapc10,299,220
Tmem245,324,195
Ptges2,256,263
Cox10,239,280
Pbx4,318,201
Fbxl3,317,202
Btbd7,347,171
Stx8,304,214
Eci1,240,278
Dennd1a,315,202
Zkscan1,328,190
Exosc5,282,235
Tbc1d16,298,219
Scg2,296,221
Qtrt1,279,238
Med15,305,212
D630045J12Rik,274,243
Fam210a,297,220
Mib2,240,277
Slc26a4,320,196
Plekha6,309,207
Mphosph10,334,182
Ipo8,312,204
Dgkd,270,246
Arl5a,298,217
Emilin1,256,259
Ankmy2,285,230
Tmem164,306,209
Prex1,254,261
Gmppa,276,239
Scn3a,276,239
H2bc4,295,219
Rap2c,297,217
Zfp219,277,237
Siah2,264,250
Ift46,296,216
Msrb1,237,276
Gdpd1,237,276
Clu,247,266
Sulf2,316,197
Uqcc1,280,232
Crlf2,279,233
Scrn1,289,223
Usp32,314,198
Ube2f,248,264
Isy1,298,212
4921524J17Rik,284,226
Setd1b,300,211
Rnf38,306,205
Rcan3,295,216
Zfp64,286,224
Wdr3,317,193
Chmp1b,303,206
Spty2d1,283,226
Camsap2,325,184
Dnm2,248,261
Tmub2,282,227
Cog7,294,214
Atp2b4,345,163
Ank2,284,224
Map3k2,325,183
Chrac1,264,244
Trim11,296,212
Tex10,308,199
Ifngr2,268,239
Med14,287,220
Hddc3,249,258
Kdm3b,300,207
Sh3pxd2b,286,221
Rasa4,249,258
Telo2,256,251
Dhx32,285,221
Sesn3,251,255
Dync2li1,262,244
Tyw1,320,186
Gtf2e1,293,212
Cers6,297,208
Camsap3,268,237
Arpin,300,205
Rflnb,296,208
Asphd2,302,202
Prim1,325,179
Lmo2,290,214
Nol6,276,228
Ydjc,278,226
Tecpr1,269,234
Riok1,307,196
Clcn6,291,212
Plpp2,280,223
Gm45717,310,193
Abcd3,272,231
Clip2,280,223
Ift43,246,257
Prdm2,282,220
Stx18,251,252
Med4,290,212
Exosc2,298,204
Naaa,283,219
Ncapg,322,180
E130308A19Rik,303,199
Suz12,286,216
Cenpm,287,215
Pknox1,302,200
Zbtb46,301,201
Tex13b,332,170
Ro60,273,228
Smim11,289,212
Mepce,270,231
Borcs6,278,223
Bcl2,293,208
Cald1,339,162
Gng2,292,209
Clk3,267,234
Ip6k1,290,210
Uqcc6,240,260
Nudt14,260,240
Hilpda,236,264
Cacna1b,292,208
Gpn3,298,202
Aph1a,264,236
Dennd1b,324,175
Mrpl19,260,239
Prkar1b,225,274
Ankle2,265,234
Zfp263,268,230
Slc35b3,352,146
Nudt2,284,214
Hlf,293,205
Mob1b,303,195
Katnbl1,297,201
Sbk1,280,218
Tbc1d22a,283,214
Ncoa1,269,228
Pcyt1a,293,204
Saal1,284,213
Mtcl2,289,208
Selenbp1,215,282
Ccdc43,272,224
Fut8,268,228
Mpv17,236,260
Rfx3,297,198
Pde12,261,234
Tpst2,260,235
Sp6,320,175
Heca,293,202
Zfp787,282,213
Opa3,260,235
Mcam,270,224
Unc80,285,209
Kif1a,240,253
Bckdha,286,207
Syt17,331,162
Il23a,265,228
Zer1,297,196
Zfp646,296,197
Ppp2r3a,293,200
Ptpn12,302,191
Anapc15,267,226
Rcan1,259,233
Hrk,288,204
Mosmo,281,211
Hacd2,267,224
Maip1,265,226
Faap20,248,243
Brwd3,308,183
Rpp30,286,205
Nudt19,296,195
Coq2,286,204
Cinp,252,238
Spryd3,219,271
Mnt,313,177
Mgat3,295,195
Zfp770,276,213
Cpne5,304,185
Zfp512,292,197
Osbpl2,274,215
Pik3c2a,312,176
Fam3a,270,219
Atp8b2,275,214
Mospd2,285,204
Zhx1,302,186
Mapk10,289,199
Marveld1,257,231
Ica1,248,240
Fdx1,214,274
Immp1l,280,208
3110082I17Rik,278,210
Map6,284,204
Dipk1b,265,222
Rhbdd2,269,218
Msl3,281,206
Osbpl9,275,212
Zfp512b,282,206
Trnt1,288,198
Rab24,249,238
Amn1,291,196
Tbc1d13,267,219
Dhx57,282,203
Casd1,274,211
Zbtb11,276,210
Ankrd46,246,239
Arxes2,255,230
Crat,238,246
Sppl2a,298,186
Arhgap10,274,210
Sike1,266,218
Bicdl1,289,195
Zfp12,294,190
Clk2,273,211
Insr,306,178
Csnk1g1,285,198
Acot2,178,306
Ift122,248,236
Secisbp2,275,208
Map3k1,321,162
Avl9,281,201
Meaf6,300,182
Ints8,294,188
Pptc7,241,241
Fam193b,318,164
Togaram1,264,218
Ogfod3,279,203
Usp42,271,211
Rnf8,290,192
Ace,277,204
Slc35a1,300,181
Wdr37,281,200
Mbd1,295,186
Tor3a,249,232
Ppp6r2,261,220
Itgb1bp1,269,212
Ranbp10,273,208
Med11,253,228
Atp1b1,238,243
Dusp12,277,204
Fam98a,280,200
4933434E20Rik,278,203
Dus1l,268,212
Lsm11,294,186
Eipr1,252,228
Rhox2b,220,260
Samd4,282,198
Arfgef2,280,200
Cybc1,276,204
Klhl20,294,186
Nol10,283,197
Nrf1,278,201
Mroh1,271,208
Pimreg,293,186
Itprid2,264,215
Ebp,246,233
Zdhhc7,237,242
Yars2,281,198
Adgrb2,248,230
Uqcc5,298,180
Akap17a,284,194
Exoc2,246,232
Fads6,269,209
Zfp821,274,204
Gnpnat1,249,228
Mcu,235,242
Dcaf6,286,192
Mdc1,296,181
Lpp,236,241
Timm29,261,216
Pex16,207,270
Apmap,245,232
Casp8ap2,328,149
Trafd1,279,198
Fam43a,222,255
Isca2,243,234
Nicn1,279,198
Resf1,308,168
Abca7,292,184
Hint3,238,238
Cdk5rap2,312,164
Mlycd,214,262
Hipk3,306,170
Slc35c1,260,216
Zfx,283,193
Clip3,283,193
Tbc1d12,276,200
Synrg,276,200
Msantd3,263,212
Dmxl1,268,207
Ethe1,231,244
Pop7,267,208
Maml3,295,180
Zfp617,272,203
Elk1,238,236
Zfp687,292,183
2310009B15Rik,236,238
Mfsd11,231,244
Btbd3,269,205
Npat,254,220
Ing3,284,190
Atraid,258,216
Alg11,274,200
Ppp2r1b,288,186
Ccdc62,276,197
Ralgapa2,301,172
Smpd1,234,239
Lrrc14,237,236
Rgl1,274,199
Slc25a32,290,184
Kif5a,292,181
Suv39h1,315,158
Foxj2,243,230
Ttll1,258,215
Slc19a2,268,204
Frmd4b,328,144
Bin3,254,218
Cenpc1,298,174
Plk2,263,209
Prpf3,265,206
Msh3,269,202
Abcb8,227,244
Mtg1,229,242
Derl2,239,232
Clptm1,256,215
Maoa,268,202
Trim23,285,185
Haus8,281,189
Rnf19a,269,201
Inpp5a,212,258
Vcl,278,192
Abhd5,276,194
Mccc2,272,198
Tom1l2,284,186
Wrn,298,172
Bend4,272,197
Them6,251,218
Klf11,268,200
Exoc1,255,213
Glt8d1,278,191
Adnp2,252,216
Eri3,252,216
Slc11a2,246,222
Mier1,308,160
1500009L16Rik,304,164
Hoxc9,283,185
Poc1b,299,169
Setdb1,285,182
Dera,250,218
Rab35,265,202
Slc9a6,230,237
Ltbr,240,227
Hsdl1,244,223
Zbtb10,295,172
Rab8b,270,196
Dpf1,251,215
Znhit2,238,228
Tm2d3,238,228
Esx1,251,215
Spdl1,292,174
Zfp692,317,149
Ptrh2,236,230
Lztr1,243,222
Pmf1,266,199
Ddt,200,266
Rpap1,298,167
Klf3,264,201
Mpdz,286,179
Cog2,258,207
Kdsr,297,168
Iftap,236,228
Sirt1,294,170
Spryd7,262,202
Galnt3,175,289
Exosc6,255,209
St3gal2,247,217
Nufip1,287,177
Vps53,256,208
Zfp503,221,242
Sertad4,311,152
Pip4p1,233,230
Gan,304,159
Rgl2,253,210
Mfsd5,272,191
2900026A02Rik,263,200
Nphp4,271,192
Bckdhb,235,227
Fhip1b,258,204
Cdc25a,309,153
Bad,241,221
Akap13,286,176
Tsr3,236,226
Tjap1,244,218
Slc25a25,246,216
Ccdc86,226,236
Tbce,258,203
Creb3,233,228
Cept1,242,219
Cog4,240,221
Iqcb1,264,196
Sap30bp,247,213
Acsl6,247,213
Pdhx,240,220
Nabp1,220,240
Ofd1,275,185
Abraxas2,261,199
Vps11,246,214
Lef1,259,200
Dnajc3,260,199
Gtf3c3,272,188
Tbc1d4,293,166
Slc35a3,284,175
Tada2a,296,163
Qng1,214,245
Gpr137,230,229
Larp1b,228,230
Zfp180,251,207
Mapre3,254,204
Hpca,264,194
Grik5,270,188
Eif2ak1,256,202
Agpat4,237,220
Ptpn4,325,132
Taf12,251,206
Med22,264,193
Dhrs1,215,242
Psmb10,236,221
Mboat7,250,207
Myo9b,261,196
Tmem192,207,250
Rap1gds1,248,209
Tulp3,258,198
Macir,269,188
Cc2d2a,327,129
Hcn4,232,224
Cdh22,272,184
Tubgcp2,245,211
E2f3,272,184
Gm38431,234,222
Galnt11,244,212
Dennd5b,275,181
Slc24a5,218,237
Mis18a,301,154
Herc4,306,149
Dnajb2,219,236
Snip1,252,203
Mknk1,212,243
Cul4b,246,209
Diaph1,292,163
Arhgap39,253,202
Scaper,282,172
Mtmr14,264,190
Pdp1,320,134
Rassf1,254,200
Chfr,298,156
Gnpda1,258,196
Uck1,213,241
Mthfr,277,176
Prelid2,224,230
Cyp20a1,286,167
Mplkip,269,184
Cdc7,258,195
Gadd45a,202,250
Srcap,299,154
Snx14,245,207
Auh,265,187
Pi4k2b,264,188
Rtn2,244,208
Phaf1,266,186
Timm23,261,191
Rcc1l,261,191
Zfp574,267,185
Pgs1,227,225
Cars2,275,177
Coq3,238,214
Cfap418,258,193
Coa6,253,198
Prr3,266,185
Gpatch2,267,184
Akap17b,255,196
Proser1,287,164
Zfp120,273,178
Tmed5,253,198
Dap,240,211
Tars2,254,196
Sanbr,255,195
Ptgds,154,296
Pola1,271,178
Eef1akmt1,225,224
Samd14,260,189
Ncoa4,257,192
Tmem60,265,184
Hook1,265,184
Zfp608,290,159
Pigs,231,218
Gpatch1,268,180
Lrrc73,166,282
Ankib1,258,190
Gas2l1,237,211
Klhdc8b,242,206
Cacng3,238,210
Taf1b,261,186
Steep1,276,172
Mrps18b,223,224
Slc15a4,241,206
Ttk,288,159
Arhgdig,234,213
Edem3,242,205
Trappc6a,241,206
Fam222b,255,192
Rybp,281,166
Spr,234,212
Aak1,274,172
Tbc1d20,247,199
Tor2a,207,239
Nfkbib,244,202
Tspan9,174,272
Zfp654,290,156
Rnaseh2b,264,182
Klc2,240,205
Src,243,202
Ncapg2,285,160
Acaa2,196,249
Asb1,239,206
Slc9a1,244,201
Rapgef5,306,139
Trip11,288,156
Chpf,243,201
Man2c1,252,192
Ercc3,228,216
Kti12,236,208
Fiz1,237,206
Anln,312,131
Anks1,270,173
Tap2,238,205
Prdm4,278,165
Fhl3,226,216
Senp3,252,192
Wdr73,235,208
Trpm2,282,160
Cep78,279,164
Dis3,245,197
Wdr46,242,200
Terf1,277,165
Pot1a,280,162
Prkce,246,196
Ttc7b,249,193
Exosc9,226,216
Slc39a11,243,198
Stag1,292,149
Fzd3,260,181
Cyld,280,160
Ccdc71,248,192
Daam1,246,194
Commd6,227,212
Sft2d2,213,226
Kif20b,287,152
Lrrc3,223,216
Etv6,253,186
Hebp1,250,188
Magi3,242,196
Atxn1l,256,182
Mcm3ap,253,185
Zfp771,237,201
Asb3,255,182
Zmym5,255,182
Zfp955b,294,144
Pick1,250,187
Hscb,235,202
Pcyox1,240,197
Setd6,257,180
Etaa1,280,156
Ubac2,236,201
Lancl2,222,215
Trim71,277,160
Cacul1,263,174
Zfp280b,274,163
Tmcc1,294,142
Dnm3,317,119
Il6st,213,223
Cblb,256,180
Acer3,231,205
Umps,253,183
Pacs1,243,193
Rbck1,242,193
Fggy,193,242
Dchs1,263,172
Arl13b,272,163
Pard6a,212,223
Zbtb12,283,152
Zcchc17,239,196
Taf7,262,173
Ccdc174,254,180
Ubald1,261,174
Xpo4,250,185
Rela,206,229
Prkar2b,252,182
Alkbh7,188,246
Srek1ip1,250,184
Smim1,204,230
Ppp2r5d,235,199
Ostm1,225,209
Nupr1,157,276
Rab3gap1,251,182
Cep57l1,286,147
Ypel3,265,168
Ikbkg,233,200
Rpp21,238,195
Meis3,231,202
Zswim4,264,169
Smcr8,267,166
Pcsk6,188,245
Urb1,252,181
Cda,236,197
Cmc2,226,207
Cwc25,286,147
Mdp1,234,199
Ogfrl1,253,180
Smap2,250,183
Vcan,240,192
Tle6,247,185
Tut1,246,186
Ppil3,215,217
Gga2,246,186
Cd276,203,228
Ndufaf5,219,212
Cyb5a,235,196
Btf3l4,259,172
Sctr,420,11
Hic2,250,181
Syne2,273,158
Vps51,228,202
Bcorl1,246,185
Acaa1a,205,226
Mypop,209,221
Slc25a28,245,185
Slc33a1,238,192
Vps41,240,190
Maff,248,182
Ccdc25,224,205
Crlf3,271,158
Fig4,209,220
Mllt1,223,206
Dhrs7b,203,226
Rad51,266,163
Wee1,265,164
Snta1,191,238
Ttyh2,159,269
Popdc3,227,201
Kif2c,277,151
Sowahc,248,180
Scai,271,157
Mrpl9,228,200
Map2k4,244,184
Zfp580,233,195
Ntan1,231,196
Mettl5,244,184
Gm42674,292,135
Cbr4,213,214
Zfp68,232,195
Aspm,298,129
Lrrc8d,238,189
Smg9,244,182
Gpam,226,200
Ebpl,246,180
Gon4l,257,169
Rhobtb2,241,184
Tmbim1,228,197
Ipmk,234,191
Tbc1d17,242,184
C2cd2l,211,214
Pirt,305,120
Spag5,262,162
Mettl14,258,166
Acsl5,257,167
Dync2h1,257,167
Madd,217,207
Grwd1,220,204
Rab23,246,178
Naa16,273,151
Zfp629,262,162
Rc3h1,273,151
Zfp511,235,189
Rnf166,223,201
Arid5b,286,138
Usp33,266,157
Metap1,228,195
Nol3,206,217
Fundc1,232,191
Brf2,235,188
Dnajc17,217,206
Ift172,213,210
Tanc2,220,203
Kif4,264,158
Clpx,230,192
Rnf13,238,184
Rnf214,241,181
Cdc25b,234,188
Arap3,255,167
Nkapd1,244,178
Pias2,230,191
Zfp800,268,153
Atpaf2,236,186
Atp23,227,194
Arel1,242,179
Dcps,251,170
Cnpy3,245,176
Rrm2b,229,192
Scp2,221,200
Pdzd11,201,219
Vps26b,218,202
Impa1,216,204
Tmem184c,237,183
Zfyve27,218,202
Hivep1,238,182
2610318N02Rik,231,189
Ing4,225,195
Cwc27,243,177
Zfp609,219,201
Lrp5,252,167
Ppwd1,248,171
Chm,250,169
Etfbl,202,217
Clcn5,236,183
Kcnq2,268,151
Dnajc24,237,182
Tmem250,230,189
Wdr54,226,192
Rfc4,262,156
Churc1,190,228
Cdc42ep4,210,208
Cxcl12,270,148
Coq5,227,191
Syt14,235,183
Spout1,220,197
Six2,216,200
Elof1,233,184
Phkg2,250,167
Zdhhc18,229,188
Zfyve16,235,182
9330159F19Rik,271,145
Heatr1,223,193
Mrps25,222,194
Gm7072,236,180
Bcl2l2,263,152
Syap1,241,174
Fbxw9,240,175
Tlcd4,236,178
Camkv,296,118
Bltp3a,198,216
Zmat5,211,203
Erlin1,196,218
Cygb,193,221
Nt5dc3,240,174
Dock6,237,177
Rnf121,221,193
Osbpl6,243,171
Dtnbp1,216,198
Mgrn1,231,183
Edc3,243,170
Riox2,226,187
Lrp10,180,233
Chmp6,234,179
Lig3,255,158
Rmc1,255,158
Polr1g,217,196
Mns1,248,164
Ankrd26,276,136
Sun2,254,158
Pdss1,255,157
Fbxl18,259,153
Rnd2,184,228
Uqcc3,215,197
2700062C07Rik,210,202
Dcaf4,210,201
Virma,224,188
Phtf2,278,133
Dph6,224,187
Cmtm6,251,160
Ctdspl2,244,167
Mast4,246,164
Piga,247,163
Smurf1,229,181
Foxj3,230,180
Heatr5b,261,149
Trip13,264,145
Coro7,202,207
Aven,210,199
Rnpepl1,238,171
Ndufaf7,228,181
Urod,232,176
Plekhm2,220,188
Lrrc8a,200,209
Gnb5,226,182
Zdhhc12,227,181
Riox1,203,205
Avpi1,160,248
Nfil3,205,203
Glcci1,229,179
Wdr59,242,166
Thap3,224,183
Rufy2,245,162
Agtpbp1,278,128
Cox20,216,191
Git2,244,162
Mettl17,218,188
Kctd15,237,169
Zdhhc9,211,195
Med16,230,176
Zfp414,227,179
Prcc,238,168
Fam220a,235,171
Rassf3,179,226
Nol9,227,178
Lztfl1,233,172
Brinp2,254,151
Gabarapl1,239,166
Stk24,258,147
Nfkb1,222,183
Txndc15,220,185
Nhsl2,243,162
Sgsm1,265,140
Gpn1,231,174
Akr1c13,216,189
Tmem167b,238,167
Zfp397,227,177
Mettl13,260,144
Ccdc32,233,171
Lrch3,245,159
Trim66,181,223
Bmp1,237,167
Gfm2,231,173
Coq6,213,191
Sh3kbp1,248,156
Fech,235,168
Tmem41a,250,153
2310011J03Rik,188,215
Brsk1,244,159
Mras,224,179
Spart,208,195
Pdik1l,237,166
Pold4,209,194
Ints14,228,175
Cyb5r4,227,176
Lin37,199,204
Fem1c,228,174
Dlg2,220,183
Slc35a4,206,196
Dvl2,214,188
Slc12a4,244,158
Vash2,215,187
Trmt11,266,136
Ginm1,223,179
Ric3,232,170
Kifc1,217,185
Tiam1,264,138
Slc22a17,227,174
Ccdc97,234,167
Plekha1,174,227
Pprc1,252,149
Hes6,216,185
Sox8,256,144
Acadvl,213,188
Nova1,225,176
Sirt2,188,212
Wrap73,200,200
Pgpep1,197,203
Alg1,204,196
Atp11c,243,157
Mtfr1,209,191
Upf2,291,109
Celsr1,274,126
Ikbkb,281,119
Cacng4,217,183
Gmpr,225,175
Atrn,227,172
Pigq,223,176
Pwwp2b,212,187
Pcyt2,205,194
Gramd1b,205,194
Atg2b,230,169
Crtc1,211,188
Ehbp1,231,168
Scrt1,231,168
Ifngr1,217,182
Zdhhc13,235,164
Cert1,248,150
Ears2,231,167
Mrrf,208,190
Mtss2,208,190
Hmces,246,152
Usp46,244,154
Gpr19,217,181
B4galt1,211,187
Fetub,166,232
Ddx19b,225,172
Dtx2,185,212
Ptpn3,250,147
Rpe,202,195
Fbxl7,291,106
Bag5,224,173
Vps8,210,187
Zfp386,248,149
Dcp2,226,170
Rrp8,233,163
Fbln2,205,191
Gxylt1,266,130
Tyro3,227,169
Azin2,241,155
Slc50a1,220,176
Nr1h2,198,198
Dtx4,211,185
Ptpro,236,159
Sptlc2,217,178
Tada3,220,175
Nprl3,186,209
Ormdl3,196,200
Gm45062,219,176
Rapgef2,223,172
Fitm2,222,172
Exo1,262,132
Firrm,256,138
Spindoc,228,166
Apba3,202,192
Fam89b,200,194
Mcts2,189,205
Kmt5b,238,156
Atad2b,259,135
Zfp81,236,158
Gemin2,226,167
Tmem80,210,183
Nol8,247,146
Tceal8,232,160
Qrsl1,214,178
Dolk,198,195
Tmem64,235,157
Sidt2,216,176
Aga,214,178
Stambp,217,175
Hibch,211,180
Speg,212,179
Prmt2,198,193
Ypel5,211,180
Nim1k,244,147
Atg13,199,192
Mcm8,227,164
Aph1b,198,192
Acot9,210,180
Bckdk,216,175
Nherf1,166,224
Tmem115,214,176
Man2a1,274,116
Apip,198,192
Snx8,205,185
Zfp930,240,150
Pgm2,214,176
Cog6,211,179
Matcap1,224,166
Naa60,214,176
Pam16l,188,202
Rttn,250,139
Dusp5,199,190
Kat8,203,186
Rbm45,228,160
Plscr3,207,181
Gpd2,229,159
Fgf11,193,195
Sort1,213,175
Slc38a9,234,154
Melk,252,136
Clec16a,205,182
Asxl1,224,164
Lrrc75b,282,105
Ttc33,237,150
Ifnar1,196,191
Mfsd10,216,171
Rhbdf1,230,157
Smg5,247,140
Dhx29,207,180
Ecsit,209,177
Ints6l,259,127
Kcnc1,197,189
Oard1,251,135
Plk4,242,144
Ercc6l2,254,132
Hps1,196,190
Pnp,233,153
Btg3,226,159
Jpt2,260,126
Nxph4,222,163
Extl1,155,230
Slc9a5,263,122
Ermard,234,151
Focad,230,155
Socs4,219,166
Zbtb33,215,170
Tm6sf1,212,173
Zcchc4,233,152
Cdkl5,201,183
Ncbp3,220,164
Recql,246,138
Tmem176a,196,188
Errfi1,220,164
Cnst,213,171
Gas1,220,164
Pxmp4,189,195
Pcca,189,194
Cox15,204,180
Miip,244,140
Calcoco1,229,154
Dennd10,214,169
Borcs8,188,195
Vrk3,206,177
Ptgr3,198,185
Med12,224,158
Slc12a2,235,148
Kdm4b,210,172
Matn4,252,130
Lcor,242,140
Exd2,216,166
Tiam2,287,95
Hadhb,208,174
4930503L19Rik,250,132
Acta2,234,148
Bcs1l,188,193
Lrba,205,176
Tubgcp4,217,164
Arfip1,216,165
Cep57,246,135
Ltbp3,256,125
Ppm1b,198,182
Cenatac,209,172
Acot13,233,147
Tti2,213,167
Abcb7,234,146
Btaf1,226,154
Tmem106c,197,183
Hdac9,235,144
Cebpzos,208,172
Zswim6,204,175
Atg9b,227,152
Rhno1,227,152
Sirt6,197,182
Arhgap17,226,152
Trip4,208,170
Zfp266,249,129
Gemin8,248,130
Flnb,216,162
Susd6,191,187
Pink1,225,153
Sgk1,180,198
Mlh1,210,168
Arhgap26,256,121
Zfta,241,136
Rabl2,222,155
F8a,215,162
Cacna1a,215,162
Ryr2,274,103
Pkmyt1,217,160
Olfml2a,243,134
Ss18l1,209,168
Sh2d3c,170,207
Actr6,208,169
Nbas,197,180
Slc25a37,220,157
Tmem179b,214,163
Rhbdd1,180,197
Npc1,200,177
Maml1,196,180
Fntb,211,166
Plat,184,192
Miga1,219,157
Bicra,252,124
Tmem132a,223,153
Hs3st6,199,177
Uvrag,215,161
Rpp25l,173,203
Inpp1,219,157
Eid2,180,196
Fam53a,213,163
Zfp358,201,175
Acvr1,254,122
Cnn2,220,155
Srf,203,172
Polr3d,206,169
Schip1,242,134
Sash1,214,161
Ogdhl,206,169
Tmem145,215,160
Tmem101,173,202
Lin9,245,130
Tmem243,208,167
Spata2,169,206
Hbp1,224,151
Tet1,207,168
Vcpkmt,184,190
Polr3g,235,139
Copz2,215,159
Megf8,210,164
Lca5,229,145
Scyl3,226,148
Ankrd27,232,142
Czib,194,180
Cipc,218,156
Syngr3,188,186
Phtf1,213,161
Asap2,237,137
Zmpste24,198,175
Dip2a,206,167
Cables2,203,170
Gtf3c5,214,159
Spring1,191,182
Cdc45,246,127
Pde4dip,195,178
Nectin1,201,172
Brca2,228,145
Dcaf10,205,168
Zfp553,221,152
Taf8,217,156
Nrsn1,260,113
Nt5m,184,189
2310022A10Rik,237,135
Gabbr1,229,143
Skil,259,113
Ttc8,219,153
Abhd10,227,145
Grk6,214,157
Zfp113,233,138
Mrtfa,192,179
Scarf2,251,120
Wdr4,221,150
Alg5,240,131
Pgap4,203,168
Inpp5b,196,175
Exoc6,234,137
Gorab,211,160
Ttc27,213,158
Hdac7,212,159
Rnf40,214,157
Paxx,154,216
Med29,180,190
Limd1,172,198
Fgfr3,188,182
Adra2b,215,155
Nif3l1,198,172
Ell,199,170
Mxra8,185,184
Vhl,215,154
Mphosph9,240,129
Utp23,218,151
Eif2d,196,173
Twnk,232,137
Chchd5,203,166
Kcnc3,197,172
Srrd,199,170
Pld3,187,181
Hsd17b4,212,156
Neurod1,186,182
Thap2,216,152
Rnaseh1,217,151
Zfp575,194,174
Wwtr1,193,174
Smim19,185,182
Sap130,202,165
Ccser2,216,151
Arc,170,197
Cep350,227,140
Srcin1,166,200
Hinfp,217,150
Mt3,166,200
Gtpbp10,226,140
Lmf2,197,169
Eml1,166,200
Zfp941,224,142
Lingo1,189,177
Zfand2b,191,175
LTO1,190,176
Gucd1,205,161
Zbtb1,226,140
Ogfod2,214,152
Rexo4,207,158
Per1,202,163
Ptprg,203,162
Ccdc181,224,141
Akr1e1,197,168
Atat1,206,159
Shkbp1,202,162
Tusc2,166,199
Usp12,207,158
Triap1,178,186
Lgals8,215,149
Cenpk,225,139
Smg6,225,139
Pak6,193,171
Cep43,226,137
Ctla2a,250,113
Zc3h10,187,176
Cavin1,185,178
Fuom,206,157
Ikbip,202,161
Mospd3,201,162
Cacng7,170,193
Ino80b,200,163
Kntc1,237,125
Agpat2,217,145
Isoc1,222,140
Rtn4rl1,214,148
Sugp1,220,142
Kat6b,208,154
Optn,218,144
Timm21,216,146
Yju2b,208,154
Gm45799,183,178
Btbd9,202,160
Edrf1,186,176
Armc10,218,144
Cdk14,159,202
Atmin,183,178
Zfp507,215,146
Inpp4a,209,152
Acadsb,212,149
Coil,217,144
Adar,217,144
Hipk2,224,136
Pim2,181,179
F2rl2,229,131
Lonrf1,197,163
Umad1,192,168
Ormdl1,202,158
Arnt,210,150
Pole,231,129
Jph1,227,133
Tcf19,201,159
Sertad1,174,186
Phf2,219,141
Eef1akmt2,186,174
St7,204,155
Ndc1,210,149
Cep85l,217,142
Glb1,194,165
Bcat2,174,185
Rbbp8,220,139
Zbtb44,219,140
Cit,210,149
Nat9,163,196
Ctps2,202,157
Pdzd8,222,136
Cenph,239,119
Znhit3,211,147
Foxm1,214,144
Ttl,210,148
Afg2a,200,158
Mdga1,170,188
Lhx1,227,131
2700049A03Rik,242,115
Supt7l,195,162
Zfp710,209,148
Sh3bgrl2,184,172
Dus3l,214,143
Skic2,204,153
Gm50388,184,173
Pitpnm2,246,111
Caskin1,176,181
Gatd1,180,177
Abca3,198,158
Ak3,195,161
Fzd4,181,175
Cxxc1,193,163
Xpnpep3,205,151
Mri1,196,160
Rhog,197,158
Ndc80,238,117
Hyal2,173,182
Tbx20,219,136
Ccdc28b,161,194
Espn,160,195
Chac2,196,158
Gm28036,224,131
Dgcr8,223,132
Slc6a15,240,114
Gjc1,225,129
Lmo4,148,206
Mmut,170,184
Snapc1,198,156
Cmtr2,212,142
Miga2,203,150
Trub2,215,139
Stat5b,218,135
Dnajc16,200,153
Smyd5,211,142
Lzts1,263,90
Map3k10,169,184
Smpd4,228,126
Stk19,202,150
Cep290,240,113
Fry,213,139
Fer,205,147
Clcn7,181,171
Commd9,186,166
Als2,198,154
Tgds,212,140
Ttc19,203,149
Slc12a5,214,138
Zfp532,212,140
Rbsn,189,163
Pola2,205,147
Frmd8,198,154
Abcb6,191,160
Fem1a,172,180
Frat2,236,116
Ptpn2,185,166
Foxp4,203,148
Nudt9,198,153
Fos,254,97
Gtf2h3,180,170
Rasl11a,254,97
Mgat5,206,145
Polr1b,208,143
Mical3,208,142
Kif15,255,95
Ammecr1l,192,158
Akap7,205,145
Tle1,178,172
Washc1,198,152
Ptar1,224,126
Elp4,224,126
Entpd6,184,165
Gpkow,196,153
Carnmt1,180,170
Tfb2m,195,154
Ccdc9,206,143
Arrb1,207,142
Ttpal,198,151
Tmem185b,194,155
Serinc5,209,140
Map4k5,225,123
Arid3a,241,107
Dpy19l4,219,129
Spire2,180,168
Gadd45b,258,90
E2f2,214,134
Pip5k1c,201,147
Exoc8,191,157
Chaf1a,219,129
Tm9sf1,201,146
Parp2,220,127
Zfhx2,217,130
Ap5m1,195,152
Zfp7,214,134
Dph7,197,150
Ppt2,168,178
Cep55,226,121
Hps4,210,137
Tlcd3a,189,158
Mkks,200,147
Scn2a,208,139
Ercc6l,256,91
Cdyl,188,158
Yjefn3,148,198
Zfp280d,222,124
Cndp2,167,179
Svop,181,165
Irf1,211,135
B9d2,186,160
Shcbp1,237,109
Cdca2,228,118
Alg8,196,150
Gmeb2,198,148
Ablim3,159,187
Ercc5,207,138
Fbxl17,193,152
Akr1b10,215,130
Notch2,178,166
Ston2,189,156
Pex1,206,139
Rbm7,206,138
Sinhcaf,208,137
Yae1d1,182,163
Zfp938,176,168
Polrmt,156,188
Ccdc186,209,135
Dok1,193,151
Msrb3,218,126
Metap1d,203,141
Vps37b,223,121
Wdr24,178,166
Nit2,190,154
Kif13a,189,155
Aldh16a1,194,150
Pi4kb,181,162
Ccdc28a,192,151
Fdxr,193,150
Ccdc85c,200,143
Rtkn,197,146
Znhit6,206,137
Plekhf2,183,160
Haus1,187,156
Ccdc91,175,168
Ssx2ip,194,148
Stk38l,181,162
Rbm4b,223,120
Sptlc1,204,138
Pacsin3,78,264
Pkd1,207,135
Zfp354c,218,124
Lrp1,226,116
Ift57,188,154
Caml,187,155
Map2k5,176,166
Ndufaf6,186,155
Cmbl,180,161
Spc24,200,141
Mtf1,172,168
Gga3,195,146
Strada,207,134
Tmtc3,214,126
Cwc22,221,119
Zc2hc1a,191,149
Rita1,149,191
Shq1,202,138
Sgf29,176,164
Polr3a,211,129
Eml2,170,170
Vezt,186,154
Hook2,208,132
Frmd6,184,155
Aagab,175,164
Vps39,199,140
Tedc2,197,142
Trim3,204,135
Snx30,218,121
Nde1,209,130
Rab33b,199,140
Ppargc1b,214,125
Tprn,192,146
Iqschfp,214,124
Kdm4c,218,120
Qtrt2,197,141
Rtn4r,182,156
Mcph1,197,141
Polr3c,184,154
Ciao3,195,143
Mical2,225,113
Msantd4,193,145
Prr5,183,155
Snx13,184,153
Fkbp11,212,125
Hexim1,230,106
Lin54,209,128
Klhl36,181,156
Amdhd2,178,158
Ndst1,185,151
St6gal1,216,120
Alas1,153,183
Napb,171,165
Rmnd5b,193,143
Eral1,186,149
Rab3d,172,163
Mipep,189,146
Col3a1,226,109
Elac2,186,149
Traf3ip2,159,176
Phlpp1,185,150
Syne1,183,152
Mpst,187,148
Zfp1,210,125
Bach2,178,157
Ciart,144,192
Ctdp1,188,147
Zdhhc4,175,160
Fmnl3,195,140
Fam234a,166,169
Zfp251,192,143
Zic5,224,111
Trp53rka,194,140
Alkbh8,181,153
Phactr4,201,133
Brsk2,185,149
Grhl2,183,151
9430038I01Rik,192,142
Ppil1,217,117
Ankrd13b,186,148
Lhx2,194,140
Lgr4,175,159
Carm1,198,136
Trim62,192,142
Alkbh2,155,179
Nmral1,196,137
Raver1,175,158
Neurl1b,190,143
Mynn,195,138
Lclat1,194,139
Arl15,198,136
Macrod2,165,168
Celsr2,192,140
Leprot,204,128
Tspan15,158,175
Cpne1,210,122
Lrrcc1,215,117
Diras2,165,167
Kcnn3,183,149
Arl4d,179,153
Icam2,198,134
Tmem214,168,164
Vps18,154,177
Mtg2,183,148
Polk,187,144
Ddx20,201,130
Efna2,194,137
Emp1,209,122
Zfp334,181,150
Atf7,180,151
Smug1,177,154
Zfp26,194,136
Epc1,197,134
Smim12,182,148
Zfp319,169,161
Cited1,153,177
Mov10,198,132
Cpped1,171,159
Gfod2,169,160
Zfp384,187,142
Tasor,179,150
Ralgps1,194,135
Fam118a,182,147
Trappc12,181,148
Ino80c,191,138
Trak2,173,156
Micall1,199,130
Rab4b,169,160
Ube2e2,192,136
Arxes1,171,158
Vipas39,186,142
Rbpms,177,151
Rnf122,211,117
Rab11fip2,187,141
Gm49527,175,153
Paqr4,192,136
Fibp,199,129
Sapcd2,178,150
Cklf,211,117
Pex7,208,120
Gm21983,168,160
Ctc1,189,138
Six4,176,151
Casp9,180,147
Gm4779,193,134
Zxdb,182,144
Thap1,174,152
Rnf141,182,144
Retreg3,180,147
Tmem267,184,142
Aig1,148,178
Tyw5,194,132
Slc35g1,170,156
Spryd4,173,153
Vps37c,187,139
Smpd2,180,146
Gins1,203,123
Ric1,170,156
Sdc1,184,142
Zfp948,201,125
Prkcd,165,160
Snap23,188,137
Commd5,174,152
Gstm5,153,172
Rps6kc1,171,154
Lpin2,195,130
Mgme1,214,111
Sirt3,190,135
Mtx3,219,106
Ppp1r9a,154,171
Lrrc40,203,122
Btrc,193,132
Arhgef11,176,148
Iffo2,154,170
Rbm4,190,134
Pik3c3,199,125
Abhd14a,183,141
Pskh1,169,155
Txnrd2,160,164
Prmt9,162,162
Mettl22,162,162
Pdlim7,209,115
Tradd,189,135
Cyth1,190,134
Mideas,154,170
Dmrta2,180,144
St7l,176,148
Gpr89,176,148
Smim10l3,169,155
Rest,225,98
Stk32a,204,120
Atp13a2,192,132
Flcn,184,139
Cwf19l2,198,125
Klhl12,178,145
Slc25a16,186,137
Rab39b,176,147
Gprin1,179,144
Pabir2,179,144
Wasf3,201,122
Hivep2,177,146
Epdr1,159,164
Caap1,208,115
Frs2,200,122
Ska1,214,108
E2f6,175,147
Plxna4,228,94
Afap1,197,125
Ache,151,171
Haghl,185,137
Lrrc8b,169,153
Pcdh15,149,173
Asnsd1,180,141
Snapin,195,126
Gdf11,199,122
Celf6,196,125
Usb1,158,163
Dyrk3,197,124
Khnyn,186,135
Cdpf1,172,149
Lpcat1,201,120
Pelo,196,124
Bscl2,174,147
Kat14,182,138
Zbtb7b,156,164
Zfp672,178,142
Arb2a,190,131
Ppif,159,161
Armt1,198,122
Ess2,181,139
Adam15,164,156
Wwox,176,144
Eefsec,164,156
Nudt16l1,177,143
Mmp24,145,175
Lck,150,170
Tarbp1,208,111
Haus4,195,124
Kctd10,190,128
Crot,201,118
Pms2,188,130
Aff1,180,139
Btf3l4b,193,126
B3galnt1,183,136
Slc8b1,181,138
Fkbp15,182,137
Rabep2,183,135
Rusc1,167,151
Golm1,162,156
Mbip,200,118
Cd99l2,180,138
Sec24d,176,142
Lrig2,194,124
Eeig2,211,107
Dusp19,180,138
Dnajc30,166,152
Ubap1,176,142
Praf2,158,160
Dph5,185,132
Fzd2,203,114
Csrnp1,176,141
Hint2,123,194
Gtf2b,188,129
N6amt1,184,133
Coa8,153,164
Xkr6,210,107
Ammecr1,208,108
Urgcp,160,156
Wdr83,158,158
Elfn2,128,188
Ccs,164,152
Crebrf,204,112
Parm1,191,125
Slco4a1,166,150
Grpel2,167,148
Lama5,194,122
Ccdc85b,168,147
Zfp329,199,116
Cdc14b,196,119
Pomgnt1,161,154
Gmip,197,118
Hhex,194,121
Cilk1,199,116
Dna2,210,104
Pdzd4,160,154
Cnnm4,159,155
Rhebl1,202,112
Gm49378,182,132
Ift81,181,133
2210016L21Rik,173,141
Ei24,182,132
Nle1,167,146
Rnpc3,184,130
Rarg,154,159
Kcnab1,147,166
Zfp830,191,122
Tuba8,147,166
Dcun1d2,186,127
Slc23a2,212,101
Ufsp1,148,164
Ccdc107,158,154
Dbp,154,158
Timm8a1,168,144
Unc119b,158,154
Usp11,185,127
Zbtb4,194,118
Dffb,202,110
Rap1gap2,158,154
Aar2,164,148
Unc79,204,107
Arhgef3,139,172
Wdr41,176,135
Crebzf,196,115
Coq4,160,151
Pccb,158,153
Nfyc,192,118
Ptp4a3,137,174
Rnf34,178,133
Elk4,172,139
Bloc1s4,149,162
Rnf169,156,155
Rras2,168,143
Hs2st1,177,134
Ccdc137,186,125
Gm49396,150,160
Spata7,174,136
Ttc4,194,116
Nr6a1,205,105
Vax2,158,152
Ndrg4,163,147
Pspc1,192,118
Wdr91,155,154
Gprasp2,152,158
Adgra3,196,114
Rab4a,175,134
Rom1,146,163
Tefm,185,124
Efnb1,178,131
Rb1,191,118
Hycc2,182,128
Ppp1r13b,150,159
Papolg,177,132
Pdxk,166,143
Arap1,180,130
Zbtb17,181,128
Inf2,181,128
Tstd2,176,133
Gnpda2,177,132
Cdk5rap1,160,149
Tubgcp5,184,124
Gm44505,186,122
Myo6,188,120
Esco2,196,112
Trmt5,167,141
Cdkl2,161,147
Atp11b,173,135
Fzd6,167,141
Shisa7,157,151
Tnip1,177,131
Wdr7,158,149
Sertad3,172,135
Slc38a3,163,144
Cenpn,200,107
Tmcc2,179,128
Tbc1d22b,195,112
Lamtor3,174,132
Pde7a,179,128
Farp1,150,157
Wls,200,107
Plvap,142,165
Kifc5b,180,127
Lrsam1,135,172
Agl,164,143
Zbtb14,178,128
Chchd7,166,140
Zfp623,154,152
Sh3bp5,172,134
Etfdh,148,158
Mcur1,178,128
Trim56,197,108
2310039H08Rik,157,148
Plppr2,163,142
Tal1,165,140
Ccdc112,188,117
Cobll1,186,119
Pex11b,168,138
Wbp1l,160,145
Rgp1,179,126
Fxn,177,128
Mospd1,188,116
Zfp444,172,132
Pole2,203,102
Lig4,160,144
Ankrd39,182,123
Gpbp1l1,177,127
C9orf72,169,135
Rbm8a2,154,150
Slc52a2,164,140
Dzip1,202,102
Abhd14b,179,125
Simc1,186,118
Hif1an,183,121
Rfx1,169,135
Aptx,160,144
Agk,179,124
Ctdsp1,181,122
Mcm10,203,100
Shb,164,139
Ndufaf1,155,148
Rogdi,133,170
Ttll7,142,161
Nagk,161,142
Srxn1,135,168
Phlpp2,208,95
Mybl1,192,110
Slc41a2,142,160
Coa7,154,148
Tbcc,161,141
Zfp715,168,134
Eif2ak4,185,116
Cldn12,163,138
Zfp110,152,149
Psen1,174,127
Atp2b3,179,122
Ddx51,185,116
Rnd3,188,112
Gm21992,182,118
Klhl15,173,127
Lrr1,192,108
Cep295,198,102
Oxr1,154,146
Celsr3,173,127
Dhx33,175,125
Bora,212,88
Fam76b,180,120
Tfap2b,199,101
Slc37a4,158,142
Mrtfb,164,136
Fat1,176,124
Zfp945,195,105
Mipol1,171,129
Capn1,168,132
Homer2,171,129
Mtrr,147,153
Bcl9,197,102
Tfap4,182,118
Sfxn3,180,120
Tapt1,179,120
Bace1,166,133
5730480H06Rik,181,118
Mrm3,157,142
Tmem123,178,121
Dcun1d3,134,165
Dmap1,177,122
Tmem198,156,143
Bgn,177,121
Ndufa4l2,150,148
Rab2b,167,131
Epb41l5,176,122
Ndrg2,143,155
Mcoln1,171,127
Jade3,174,124
Tmc6,150,148
Reep4,168,130
Leng1,166,131
Vps33a,184,113
Dbr1,169,128
Slc4a2,193,104
Ulk2,159,138
Armc5,152,145
Dnph1,160,137
Chmp1b2,171,126
Gsn,170,127
Atg7,156,141
Bicral,169,128
Efl1,154,142
Pomgnt2,166,130
Sacs,208,88
Lurap1l,200,96
Ifrd2,160,136
Rundc1,166,129
Pak1,154,141
Rfesd,165,130
Nectin2,153,142
Fmnl1,144,151
Kif7,172,123
Zbtb24,167,128
Vwa5b1,157,138
Zfp592,172,123
Rnf150,214,80
Atp9b,171,124
Lin28a,184,110
Znfx1,168,126
Rab27a,130,164
Vps13d,169,125
Nrcam,192,102
Sphk2,159,135
Tmem216,160,134
Snapc4,176,118
Hs1bp3,166,128
Gpr180,155,139
Rnaseh2c,165,129
Zw10,174,120
Cenps,157,137
Tmem43,179,115
Scnm1,143,151
Fn3krp,149,145
Sipa1l3,164,130
Psd,166,128
Thbs1,184,110
Mtm1,170,123
Nacc2,152,141
Lzic,172,121
Msto1,179,114
Sepsecs,160,133
Gpatch11,161,132
Hspa12a,193,100
Cttnbp2nl,155,138
Cacng2,132,161
Sugp2,182,111
Runx2,150,143
Gpd1l,172,120
Gm49395,176,116
Pdlim5,171,121
Tmem127,151,141
Nrm,168,124
Nanos1,148,144
Gstcd,175,117
Mycbp,152,140
Myrip,235,57
Zfp703,153,139
Cog3,164,128
Xrcc4,165,127
Fars2,153,139
Brms1l,151,140
Usp24,181,110
Chaf1b,175,116
Oxnad1,173,118
Tmem39b,167,124
Cenpq,182,109
Fastkd2,166,125
Otud7b,180,111
Cdk19,194,96
Rabif,156,134
Hmgn5,183,108
Map3k11,153,137
Pigyl,140,150
Tmem126b,170,120
Pnkp,155,135
Sybu,176,114
Alg13,169,121
Gab2,156,134
Gpalpp1,160,130
Ccne2,181,109
Rnf213,136,154
Cep131,151,139
Ak4,154,136
Pdss2,163,126
Thada,148,142
Hcn3,171,118
Klhl29,126,163
Pcyt1b,166,123
Nucb2,175,114
Zfp639,163,126
Cenpx,145,144
Gpc6,162,127
Ippk,157,132
Ccdc92b,164,125
Stk35,180,109
Cpe,149,140
Angptl6,115,174
U2af1l4,136,152
Lrrc49,187,101
Ap4s1,151,137
Depdc1b,166,122
1600012H06Rik,184,104
Thap7,144,144
Itm2a,121,167
Zbtb22,129,159
Nfkbil1,154,134
Cant1,182,106
Acads,138,150
Ankrd16,198,90
Usp30,154,134
Dnaaf2,164,124
Uvssa,160,127
Gtpbp6,166,121
E2f8,169,118
Tgm2,108,179
Coro1a,166,121
Tk2,161,126
Orc5,189,98
Gipc2,160,127
Rcbtb2,156,131
Neu1,150,136
Mysm1,176,110
Serpinb6a,157,129
Apeh,164,122
Slc12a6,179,106
Ttf1,174,111
Flot2,143,142
Lrfn4,154,131
Mccc1,150,136
Tbkbp1,171,114
Casp2,191,94
Cul9,151,134
Zfp275,166,119
Gm49384,178,106
Zfp316,148,136
Cd320,156,129
Zbtb6,163,122
Swap70,160,125
Nprl2,151,133
Gpr108,150,134
Sec22a,167,117
Nr1d1,161,123
Pkdcc,143,141
Rad51ap1,180,104
Rnft1,154,130
Arhgef18,166,117
Hectd2,164,119
C2cd2,149,134
Reep1,132,151
Atosa,178,105
Capn7,170,113
Plpp5,158,125
Stim2,176,107
Ring1,140,143
Rnf103,160,123
Tarbp2,146,136
Gm15128,149,134
Lbhd1,149,134
Nr1d2,200,82
Adgre5,172,110
Smtn,189,93
Wdhd1,194,88
Usp28,168,114
Ankhd1,182,100
Pus7l,181,101
Dync2i2,154,128
Ifnar2,142,140
Ffar3,169,112
Ankzf1,183,98
Mpi,152,129
Cgrrf1,152,129
Hus1,159,122
Klhl26,144,137
Ago1,170,111
Atosb,154,127
Armc6,143,138
Ccne1,172,109
Mcat,144,137
Gm4924,148,132
Igf2r,102,178
Prr11,165,116
Mtmr1,163,117
D430019H16Rik,180,100
Mpp3,166,114
Rmnd1,164,116
Tars3,162,118
D6Wsu163e,154,126
Rnf217,158,122
Tmem19,158,122
Podxl,173,107
Nme6,156,124
Ddx31,175,105
Slc35a5,157,123
5730455P16Rik,172,108
Tfdp2,176,103
Rabl3,162,117
Osbpl11,158,121
Ghdc,147,132
Txnrd3,150,129
Phactr1,135,144
Pacc1,149,130
Mrs2,162,117
Pik3r4,159,120
Unc5a,121,158
Traf3,172,106
Fcho1,170,108
Gm27021,158,120
Cep89,165,113
Syngap1,154,124
Fra10ac1,157,121
Cdadc1,170,108
Slc27a4,142,136
Toe1,162,116
Mios,152,126
Dnajb5,152,126
Arsa,129,149
Pcdhac2,144,134
Tbc1d1,153,124
8030474K03Rik,167,110
Vps13c,167,110
Rngtt,174,104
Mink1,182,96
Cox6a2,68,210
Sat1,184,94
Zfp398,191,86
Phkb,166,111
Phf1,146,131
Klhl42,147,130
Guca1a,119,158
Gm50461,119,158
Nckap5l,150,127
Cog8,135,142
Cep170b,159,118
Col13a1,183,93
Cluap1,153,123
Tom1,130,146
Flrt3,144,131
Tfcp2,174,101
Snx11,147,128
Ptgfrn,154,121
Nsl1,174,101
Usf3,142,133
Slc35f6,152,124
Mvp,148,126
Styx,162,112
Guf1,165,109
Sdr39u1,150,124
Dram2,156,118
Hspg2,161,113
Ift80,152,122
Ppm1d,176,98
Rnf25,136,138
Aen,144,130
Apaf1,186,88
Strn,146,128
Spidr,168,105
Gmds,135,138
Bak1,143,130
Yju2,169,104
Trim9,151,122
Mtr,158,115
Parp16,160,113
Ung,174,99
Zfp267,154,118
Pank4,165,108
Zfp961,157,115
Spp1,193,79
Zbtb43,145,127
Fignl2,147,125
Ern1,140,132
Atad5,201,70
Zscan26,152,119
Noc3l,147,124
Rbl1,177,94
Ttc17,135,136
Slc25a15,163,108
Pdk3,128,143
Gm14296,167,104
Poglut1,162,109
Katnip,172,99
Dhx35,174,97
Dock11,180,91
Cenpt,160,110
Nme4,142,128
Prpf4,172,98
Tmem186,174,96
Acadm,156,114
Jak2,141,129
Aopep,193,77
Slc39a1,147,123
Rnf215,162,108
Fbxo6,144,126
Orai2,157,112
Diaph3,190,79
Grk5,150,120
Golga5,171,98
Pax6,152,117
Acbd4,111,158
Zbtb47,150,119
Mettl25b,166,103
Kat5,141,128
Ogfod1,152,116
Cdc25c,150,118
Zfp788,150,118
Renbp,156,112
Vti1a,168,100
Bcl7a,180,88
Frs3,146,122
Psmb8,135,132
0610030E20Rik,163,104
C2cd3,158,109
Stxbp4,173,94
Sclt1,166,101
Csad,145,122
Nars2,160,107
Traf5,103,164
Tmem179,160,107
Arsb,133,134
Prkag2,150,117
Gm49027,166,100
Ddx25,142,125
Cand2,156,111
Brca1,173,93
Spon1,172,94
Pnma2,173,93
Dusp7,133,133
Zfp777,153,113
Nceh1,158,108
Nkiras1,152,114
Ing5,156,110
Ric8b,151,114
Dnajc18,141,124
Vps9d1,138,127
Narf,177,88
Brat1,150,115
Dixdc1,183,82
Grm1,170,95
Aldh1b1,159,106
Lmbr1l,156,109
Reep6,111,154
Tceanc,159,106
Eif2ak3,149,116
Rit1,142,123
Armc9,132,132
Cep41,146,118
Zfp87,155,109
Tbccd1,155,109
Tab1,163,101
Sall2,144,120
Dop1a,154,110
Sco2,147,117
Slc30a7,157,107
Zftraf1,142,122
Dcun1d4,120,144
Rassf8,149,114
S100a1,122,141
Ankrd49,151,112
Ankrd6,119,144
Shisa3,116,147
Adm,100,162
1810055G02Rik,141,121
Pemt,124,138
Rcbtb1,150,112
Wdcp,161,101
Gnptab,168,94
Wdr76,168,94
Zfp513,128,133
Creg2,133,128
Alg14,147,114
Vgll4,177,84
Cep68,165,96
Bard1,177,84
Gba1,124,137
Cep76,138,123
Fchsd2,165,96
Ush1g,144,117
Snhg4,179,82
Mon1b,158,102
Glis2,164,96
Zfp768,124,136
Fancd2,171,89
Zfp142,165,95
Dnajb4,146,114
Uimc1,150,110
Slc25a44,148,112
Mettl6,139,121
Ppm1e,147,113
Kctd9,162,98
Acp2,155,105
Ddx55,149,111
Tcp11l1,128,132
Hltf,170,89
Coa4,144,116
Dzank1,131,128
Nsmaf,152,107
Adarb1,154,105
Dclk2,161,98
Jakmip2,144,115
Evi5l,126,133
Atxn7l2,157,102
Ubxn2b,143,116
Tcf7l2,162,97
Tmem238,143,116
Gamt,142,117
Rilpl2,133,126
Hlcs,156,103
Rps6ka6,147,112
Paox,156,103
Enpp5,117,142
Fbxo9,148,110
Amacr,122,136
Mindy1,157,101
Rbm48,159,99
Traf3ip1,159,99
Plekhm3,153,105
Yipf1,117,141
Slc30a6,135,123
Gspt2,173,84
Uap1l1,133,124
Sgsm3,142,115
Rabgef1,126,131
Ints9,160,97
Castor2,146,111
Def8,120,137
Bbs5,148,109
Kif13b,166,91
Ccl25,148,108
Cdc42ep2,120,137
Zfp105,162,96
Dcaf11,143,114
Med17,150,107
Polr1e,143,114
Cep97,171,86
Dgat1,141,116
Rab31,147,110
Sik1,172,84
Gltp,142,114
Gm20605,138,119
Olfml1,195,62
Rnf182,135,121
Trmt61a,123,133
Pop4,163,93
Epm2aip1,154,102
Phyh,137,119
Alkbh6,133,123
Sptb,107,149
Ap4m1,173,83
Trim26,136,120
AK157302,129,127
Prorsd1,123,132
Bud13,141,114
Nyap1,146,109
Mfn1,137,118
Dock9,146,109
Fam53c,158,97
Nkrf,142,113
Large1,153,102
Mettl2,144,111
Slc9a8,148,107
Ctif,148,106
Fkrp,155,99
Paip2b,144,110
Cxadr,125,129
AI837181,141,113
Lrfn3,107,147
Bmf,186,68
Wwp1,160,93
Mpp1,141,112
Traip,162,91
Cdan1,148,105
Cep70,154,99
Ercc8,142,111
Kctd6,143,110
Dalrd3,142,111
Cers1,141,112
Gm49322,143,110
P3h1,148,105
Cbr3,159,94
Rrp12,129,123
Naga,134,118
Tpra1,141,111
Myo1c,125,127
C1galt1,135,117
Zfp37,138,114
Gpatch2l,136,116
Marchf4,139,113
Tbc1d32,159,93
Gpsm2,158,94
Sppl2b,133,119
Golga1,152,100
Zfp160,153,99
Zfp942,158,93
Ccnyl1,145,106
Rbl2,145,106
Tango2,141,110
Zfp335,140,111
Top1mt,132,119
Slf1,165,86
Cntrob,141,110
Gdf1,139,112
Gm21970,134,117
Acvr2a,159,92
Zfp282,155,96
Plekhg2,168,83
Tada2b,158,93
Arf2,142,109
L2hgdh,130,121
Gm37988,150,100
Zfp729a,139,111
Ptgs1,131,119
Nrep,162,88
Dlx1,163,87
Csrnp2,144,106
Xndc1,159,91
Cpne2,160,90
2410004B18Rik,138,112
Anks3,136,114
Xlr3b,132,117
Rbbp9,126,123
Rfng,141,108
Capn15,146,103
Zfp46,140,109
Fbxo7,144,105
Rnf113a1,115,134
Pde9a,172,77
Vps33b,131,118
3110009E18Rik,144,104
Nynrin,160,88
Irf3,148,100
Rab36,126,122
Lactb,112,136
Arv1,140,108
Ercc6,142,106
Wdfy2,120,128
Tsr2,132,116
Hip1r,134,114
Chkb,126,122
Mvk,121,127
Dlg5,156,92
Mtnap1,123,124
Zfp157,154,93
Hexd,136,111
Rlig1,126,121
Fam110a,149,98
Fbxo2,99,148
Dusp2,171,76
1810009A15Rik,129,118
Cmtr1,145,101
Prxl2c,122,124
Ift140,152,95
Arhgap23,122,125
Cntrl,167,79
Nradd,149,97
Kptn,132,114
Ccpg1,145,101
Tbc1d7,110,136
Rhobtb1,137,109
Vwa8,120,126
Rgs12,160,86
Zfp236,135,111
Dcp1a,148,98
Arl16,134,111
Ogg1,129,116
Selenoo,144,101
Krba1,159,86
Sp4,146,99
Herpud2,161,84
1810010H24Rik,109,136
Cbs,162,83
Gm21972,140,104
Mlst8,146,98
Fbxo4,146,98
Dlgap3,145,99
Rusf1,158,86
Rnf26,147,97
Thnsl1,128,116
Ints12,139,105
Rubcn,142,102
Tax1bp3,146,98
Ppcs,123,120
Mettl8,148,95
Ncapd3,149,94
Ephb4,146,97
Mastl,150,93
Stk17b,144,99
Ift74,168,75
Nnt,144,99
Tmem198b,138,104
Gpank1,134,108
Adam17,141,101
Cenpu,151,91
Dpy19l1,149,93
Pigk,136,106
Aars2,123,119
Atg10,130,112
Prkab2,155,87
Apool,141,101
Zfp367,151,91
Pals1,150,92
Tti1,140,102
Comtd1,107,135
Zswim1,122,120
Atg2a,133,108
Tctn2,112,129
Kcnip3,112,129
Gpr153,159,82
Fam171a2,113,128
Mettl23,136,106
Mob2,146,95
Nt5c3b,131,110
Asic4,93,148
Lyrm9,139,102
Rreb1,125,116
Pcdha8,134,107
Pml,126,114
Coq10b,125,116
Ids,136,104
Rnf24,143,98
B3gnt2,124,117
Zzz3,146,94
Crbn,146,94
Tmed1,135,105
Peak1,165,75
Alyref2,140,100
Tmtc1,139,100
Pcgf5,138,101
Mtif3,137,102
Xpc,138,101
Igip,147,92
Jam3,143,96
Adi1,118,121
Zfp568,152,86
C1galt1c1,131,108
Rpia,108,131
Nhsl1,128,111
Crb2,126,113
Utp6,135,104
Ablim2,125,114
Fanca,158,81
Sh3bgrl,148,91
Slc25a19,129,110
Lyrm4,124,115
Ulk3,113,126
Etv3,139,100
Pecam1,132,107
Pxk,129,110
Tpcn1,145,94
Heatr5a,138,101
Rprd1a,154,84
Erc2,155,83
Polr3gl,135,103
Pias3,131,107
Slc10a3,126,112
Gm48551,142,96
Atxn7,153,85
Tsen2,155,82
Zik1,137,100
3110040N11Rik,137,100
Snph,101,136
Sp2,122,116
Fam83d,157,80
Maneal,135,102
Mtmr4,139,98
Zfand2a,109,128
C030006K11Rik,122,116
E2f5,135,102
9430015G10Rik,157,80
Cadm4,114,123
Usp40,141,96
Fndc5,121,116
Pofut1,140,97
Mfsd12,125,111
Dnajc4,123,113
Cox11,156,80
Ranbp6,149,87
Tesk1,103,133
Kif18a,153,83
Irgq,140,96
Setbp1,136,100
Asrgl1,141,95
Phactr2,135,101
St3gal5,129,107
Cdkal1,143,92
Kdm2b,145,90
Mms19,128,107
Luzp4,141,95
Trp53i13,128,107
Usp45,128,107
Slc25a14,139,96
Lrrn2,146,89
Rabepk,143,92
Ubxn8,120,115
Mboat2,122,113
Bend3,138,96
Tmem74,147,88
Pacs2,118,117
Iffo1,139,96
Nphp1,117,118
Mapk11,137,98
Suv39h2,145,90
Ypel2,125,110
Sp9,139,96
Marchf2,128,107
Zfp994,148,87
Zfp729b,137,97
Zfp958,148,86
Lrig1,112,122
Ampd3,169,65
Cnpy4,134,100
Dennd6a,109,125
Pcnx4,131,103
Zfp407,160,74
Fbf1,147,87
Hey1,143,91
Ppox,133,101
Pcdha9,122,112
Tgfb1,170,63
Smad6,168,66
Arhgap4,131,102
Orai3,117,116
Lyrm2,141,92
Snx24,127,106
Gmpr2,115,118
Taf4b,140,93
Tsen54,115,118
Det1,123,110
Gpr162,138,94
Esco1,124,108
Tfpt,116,116
Cab39l,128,104
Mad2l1bp,129,103
Frmd5,131,101
Wdr20,140,92
Ccdc102a,117,115
Neil3,164,68
Zup1,148,84
Smyd3,140,92
Arhgap33,123,109
Zfyve19,114,118
Man2b2,122,110
Cryz,152,80
Zfp322a,150,81
Nsmf,126,105
Gpr6,99,132
Serpinf1,98,133
Nat14,118,113
Dusp10,83,148
Zscan21,138,93
Naglu,125,106
Ttll4,137,94
Dexi,102,129
Adam12,134,97
Pcdhac1,122,109
Srbd1,156,74
Rnf170,118,112
Eif2ak2,135,95
Magee1,102,128
Carmil3,145,85
Mecr,121,109
Chd5,153,77
Inpp5e,117,113
Osgin2,137,93
Slc22a5,146,84
Tmtc4,140,90
Xlr4b,113,117
Gm49416,119,110
Chrnb2,115,114
Nr2c2ap,115,114
Nubpl,93,136
Slc44a2,138,91
Mef2b,89,140
Plekha8,122,106
Tango6,131,97
Sdhaf1,115,113
Klhl28,133,95
Lrrc8c,150,78
Diras1,112,116
Rassf2,110,118
Fbxo11,129,98
Lipt2,133,94
Gmppb,105,122
Lmtk3,140,87
Irs1,154,73
Zbtb41,143,84
Zdhhc24,121,106
Exoc6b,126,101
Gsdme,121,106
Ptcd1,126,101
Scamp4,129,98
Pomt2,123,104
Slx4ip,134,93
Ccnq,104,123
Bach1,137,89
Plppr3,140,86
Helb,127,99
Cln3,113,113
Fbxo44,119,107
4930579G24Rik,127,98
Zfp57,125,100
Il13ra1,156,69
Rsph9,116,109
Slc25a38,109,116
Map4k2,125,100
Vps45,134,91
Nfatc1,117,108
Pgm3,152,73
Mms22l,136,89
Zfp65,133,92
Sco1,118,106
Itgb3bp,142,83
Stoml1,107,117
Wdr55,125,99
Tom1l1,120,104
Eri2,134,90
Smpdl3b,135,89
Zfp984,144,80
2700097O09Rik,138,86
Fsd1,127,97
Smad7,165,59
Sil1,113,111
Pcdha1,119,105
Gm28043,128,96
Paqr7,114,110
Ppp2r3c,139,85
Gucy1a1,150,73
Trim46,124,99
Ttf2,136,87
Rad18,135,88
P3h3,124,99
Cpa4,160,62
Faah,133,89
Mlxip,148,74
Pkp2,117,105
Slc24a2,88,134
Zhx2,117,105
Ttll5,131,91
Hmx2,130,92
Zfyve9,105,116
Niban2,150,71
Stn1,112,109
Nfrkb,120,101
Fgd1,139,82
Dars2,118,103
Rbak,134,87
Gm14418,136,85
Ripk2,121,100
Optc,137,84
Nr4a3,128,93
Tbc1d5,127,94
Zfp775,113,107
Rbm12b2,151,69
Zfp579,129,91
Cdc6,140,80
Tmt1a,113,107
Erap1,124,96
Rbms2,102,118
Kctd18,122,98
Pcdha5,115,105
Pcdha11,115,105
Rdh13,122,97
Rpgr,122,97
Bmp2k,131,88
AW209491,106,113
Traf6,132,87
Tspan6,141,78
Mbd5,128,91
Lrfn1,146,73
B4gat1,110,108
Bbs4,110,108
Dennd6b,128,90
Fam177a,120,99
Fam177a2,120,99
Nrbf2,116,102
Rad54l,148,70
Svbp,135,83
Rtkn2,149,69
Foxo6,108,110
Twist1,110,108
Meak7,137,81
Cisd3,110,108
Fam13b,158,60
Garnl3,142,75
Ythdc2,120,97
Snx16,130,87
Mocs3,114,103
Csdc2,105,112
Gcdh,118,99
Fkbp1b,141,76
Senp8,120,97
Dedd2,117,100
Tex9,146,71
Ecrg4,72,145
Mapk1ip1,136,81
Cntln,136,81
Pyurf,105,112
Atg9a,102,114
Ldaf1,153,63
Tube1,133,83
Phc3,148,68
Runx1t1,74,142
St6galnac3,125,91
Emp3,140,76
Tmem50b,129,87
Dnajc25,129,87
Mxd3,120,96
Efcab2,123,93
Dhx37,120,96
Ap5s1,116,100
Tubgcp6,133,83
Rnf123,119,96
Ehbp1l1,94,122
Utp14b,134,82
Lmbr1,116,99
Eml6,123,92
Med26,120,95
Pcdhb17,148,67
Acot8,106,109
Zc3hav1l,144,71
Zfp143,135,80
Zbtb37,135,80
Lmln,138,77
Traf2,115,100
Tgfb1i1,147,68
Pcdha3,112,103
Pcdha2,112,103
Pcdha7,112,103
Med18,136,78
E2f7,151,63
Tbck,117,97
Zfp97,108,107
Pcdha4,112,102
Purg,121,93
Dtwd1,122,92
Itpripl1,136,78
Gm49450,122,91
Pcdha10,112,102
Pcdha12,112,102
Pcdha6,112,102
Zc3h3,116,97
Ercc4,131,82
Recql4,127,86
Camk2a,102,111
Gm10033,147,66
Slc49a4,116,97
Kiss1r,126,87
Ifi35,92,121
Gskip,119,94
Zfp60,136,76
Sgo1,138,74
Ttc32,119,93
Tgfbi,107,105
Camta2,121,91
Ntaq1,134,78
Adprm,111,101
P2rx3,102,110
Armh4,124,88
Lhfpl4,128,84
Usp51,125,87
Fam234b,125,87
Primpol,136,76
Dis3l2,129,83
Adat2,114,97
Rad9a,113,98
Kazald1,108,103
Zbtb34,117,94
1700123O20Rik,109,102
Foxred2,116,95
Mrnip,108,103
Endov,124,87
Rpusd4,136,74
Ubox5,114,97
Cript,124,86
Zfp35,122,88
Alg12,112,98
Lnx2,123,87
Galns,116,94
Rbm19,122,88
Tmem68,120,90
Fah,102,108
Pparg,109,101
Zfp746,106,104
Ccdc93,138,72
Pigg,107,103
Ubxn2a,137,73
Gdap2,118,92
Zbtb25,118,91
Jakmip1,122,88
Stard3,125,84
Klhl22,103,106
Eef2kmt,106,103
Etfrf1,115,94
Cyb561d2,105,104
Hgsnat,120,89
Chtf18,114,95
Serpinb1a,145,64
Mad1l1,106,103
Cflar,129,80
Zfp317,138,70
Scrn3,125,83
Smim30,105,103
Bcan,119,89
Dlg3,116,92
Wdr90,136,72
Arhgef39,134,74
Cacna1i,133,75
Tmod1,130,78
Tmem150a,111,97
Alkbh4,102,105
Tnfaip2,106,101
Ctu1,107,100
Nuak1,132,75
Zfp369,129,78
Dusp22,105,102
Gm20458,110,97
Atrip,126,80
Ezh1,126,80
Prmt6,128,78
Extl2,101,105
Prrx1,103,103
Lpar6,113,93
Abhd4,117,89
Snx21,107,99
Cc2d1b,116,90
Foxg1,118,88
Jtb,112,94
Bcdin3d,126,80
Dyrk1b,112,93
Dis3l,112,93
Tmem231,117,88
Ifitm3,122,83
Prag1,95,110
Cacna1c,109,96
Armh3,113,92
Donson,141,64
Cdon,120,86
Pts,116,89
Blvra,128,77
Zswim5,113,92
Slc2a8,104,101
Haus6,145,60
Clspn,149,56
Il17rc,99,106
Pard6b,111,94
Pnck,114,91
Gatm,121,84
Deaf1,119,86
Arrdc1,115,90
Fastkd3,130,74
Zfp276,103,101
Habp4,100,104
Slc8a2,118,86
Vamp1,146,58
Trim17,114,90
Entpd7,107,97
Immp2l,92,112
Pygo1,117,86
Kri1,102,101
Uchl4,104,98
Rab40c,106,97
Ticrr,137,66
Pramel12,127,76
Ovca2,110,94
Cln6,111,92
Adck5,117,86
Amer1,117,86
AU022252,110,92
Rpap2,102,100
Tamalin,124,78
Zgpat,121,81
Atxn1,133,69
Tjp2,125,77
Ppfia3,103,99
Ctso,114,88
Gfod1,113,88
Tigar,102,100
Ptrhd1,83,118
Pde4a,119,82
Kyat1,108,93
Pcsk7,122,79
Gpr146,103,98
Tmem170b,118,82
Elp6,104,97
Gm56450,104,97
Mtrf1l,117,84
Tox,110,91
Nepro,117,84
Stat6,103,98
Snap29,105,96
Adamts4,123,78
Tagap1,120,81
Mybl2,131,70
Gpat3,82,119
Nudt11,112,88
Kif1c,124,76
Rbm12b1,128,72
Ccdc191,121,79
6430548M08Rik,94,106
Dph2,111,89
Gcc1,102,98
Smoc1,99,101
Tmem151a,110,90
Rgs2,113,87
Fam174a,100,100
Dnajc6,114,86
Polr3b,116,84
Fnip2,105,94
Poglut3,110,90
Zfp41,119,80
Bphl,104,96
Kif18b,108,91
Trub1,117,82
Zwilch,130,69
Tmem67,133,66
Vasn,133,66
Hirip3,129,70
Hars2,117,82
Rasgrp2,102,97
Hps5,120,79
Tuba4a,124,75
Chpt1,112,86
Dlgap5,113,86
Parp11,121,77
Pigc,117,81
Bpgm,106,92
Tank,100,98
Wdr47,115,83
Kbtbd4,109,89
Cdh2,125,73
Dbndd2,114,84
Tigd2,108,90
Nxpe3,127,71
Efna3,108,90
Abhd18,118,79
Apc2,113,84
Ccdc61,109,88
Clba1,82,115
Fbxw4,85,112
Ulk4,114,83
Zfp955a,136,60
Herc3,111,86
Rpp14,98,98
Zfp865,114,82
Zfp606,130,66
Slc17a5,114,82
Mafk,118,78
Rab11fip3,89,107
Ercc1,108,88
Efcab7,126,70
Eef1akmt4,125,71
Clcc1,111,85
Casp7,119,77
Rdh10,108,88
Rhot2,112,84
Serpinh1,126,70
Smarca2,111,85
Zbtb8a,110,85
Gm15107,111,84
Hyls1,115,80
Slc37a3,110,85
Bcl2l11,110,85
Mettl15,98,97
Zfp668,121,74
Ccdc120,101,94
Armcx4,134,61
Gm21974,108,86
Rnf157,104,90
1110059E24Rik,116,78
Mtif2,131,63
Aldh6a1,116,78
Usp25,118,76
Lrrn4,125,69
Mks1,113,81
Adgrb1,110,84
2210418O10Rik,125,69
Wdsub1,103,91
Sorbs1,114,80
Dxo,94,99
Taf1c,100,93
Nherf2,110,83
Dhx34,104,89
Erbb3,102,91
Plekhm1,88,105
Sri,101,92
Slc2a12,90,103
Cradd,115,78
F3,102,91
Cptp,109,84
Spred3,130,63
Gpn2,106,86
Zfp637,100,92
Clp1,103,89
Tlcd1,110,82
Cox18,105,87
Ctns,124,68
Zfp30,121,71
Per3,140,52
Slc35e2,109,83
Inip,118,74
Kif14,138,54
Rel,119,73
Chmp2b,102,90
Mettl3,112,80
Igfbp6,64,128
Tmub1,102,89
Otulin,120,71
Rgl3,105,86
Epg5,110,81
Mtmr12,102,89
Fam210b,92,99
Dync2i1,127,64
Maml2,103,88
Pgm2l1,120,71
Zfp868,118,74
Hspa2,110,81
Gemin6,124,67
Ntn3,105,86
Gask1a,115,76
Mettl26,108,82
Tmem86a,128,62
Bloc1s5,104,86
Zbtb5,120,70
Entrep3,109,81
Armcx1,109,81
Gabrb3,104,86
Trp53inp1,104,86
Kantr,103,87
Cacna2d2,86,104
Wdr38,120,70
Rgs3,106,84
Zfp748,117,72
Enox1,110,80
Gm10439,115,75
Atm,124,65
Fam149b,106,83
Sars2,88,101
Efemp2,107,82
2610021A01Rik,104,85
Igdcc4,101,88
Zfp90,107,82
Lpar2,106,83
Ubtd1,93,96
Gm20604,110,78
Cln8,94,95
Spsb3,107,82
Pafah2,106,82
Pgap2,99,90
Srr,90,98
Rrad,112,76
Mcfd2,107,81
Rpp38,107,81
Whamm,92,95
Asphd1,108,80
Slc8a3,112,76
Rab11fip1,116,71
Stac,152,35
Csf1,118,69
Dscc1,114,73
Rps6kb2,114,73
Cyp4f16,110,77
Pigbos1,110,77
Slc26a10,114,73
Bbs2,116,71
Agbl5,94,92
Pcbd2,83,103
Borcs7,93,93
Nqo2,89,97
Mpdu1,103,83
Atg4d,89,97
Rpusd1,93,93
Fbxo10,99,87
Lrrc61,110,76
Smim3,68,118
Kalrn,127,59
Nfkbiz,90,96
Slc66a2,108,78
Rfx5,108,77
Slc39a14,101,84
Trmt10b,108,77
Rab40b,107,78
Tdp1,114,71
Jdp2,90,95
Hoxc10,113,72
Ccdc77,114,71
Dffa,103,82
Ehd2,79,105
Tecpr2,83,101
Zfp867,120,64
Mettl21a,90,94
Zbtb39,109,75
Ap5z1,103,81
Gtsf1,92,92
Unkl,114,70
Ermardl2,112,71
Bend5,118,66
Dnajb14,100,83
Ccdc51,89,94
P3h4,112,71
Spsb2,83,100
Zfp101,135,48
Nacad,93,90
Nfia,114,69
H4c4,100,82
Cela1,100,82
Engase,87,95
Zfp960,95,87
Tmem276,95,86
Akap10,100,82
Slc26a2,105,76
Cdca5,105,76
Akna,84,97
Exo5,95,86
Rilpl1,99,82
Dbt,95,86
Bid,104,77
Cmtm3,123,57
Polm,107,73
Opcml,88,92
Pkia,92,88
Spice1,116,64
Kctd2,110,70
Msantd2,117,63
Atg14,117,63
Brd3os,87,93
Shisa4,79,101
Fyco1,92,88
Ap4e1,103,77
Socs1,108,72
Cep162,82,98
Chek2,110,69
Man2b1,116,64
Lipo3,96,83
Armcx5,111,68
Spry1,128,52
Acad9,112,68
Prickle2,121,58
Clmp,115,64
Mmp11,96,83
Tdrd7,89,90
Fbxo46,83,96
Lyplal1,98,82
Tfpi,110,69
Natd1,107,72
Gpr173,95,84
Pigo,104,75
Zfp229,107,72
Chst12,120,59
Pdzk1ip1,80,99
Vcf2,99,80
Jade2,112,67
Zfp738,106,73
Adgrb3,125,54
Osbpl10,108,70
Kansl1l,116,63
Styx-ps,104,74
Dppa2,111,67
Mlh3,108,70
Zfp628,100,78
Zfyve1,100,78
Wnt3,104,74
Asb13,96,82
Ikzf4,109,69
Zhx3,99,79
Zfp827,95,83
Fgf1,111,67
B230307C23Rik,82,95
Zbtb2,106,72
Plaur,99,78
Lrch4,86,90
B630019K06Rik,103,74
Shisa8,90,87
Shld1,91,86
Acsf3,99,78
N4bp2l1,88,89
Plcd3,98,79
Prkdc,108,69
Sufu,114,63
Prkg1,117,60
Slc35g2,105,72
A130010J15Rik,100,77
Mab21l1,109,68
Poli,108,69
Bahcc1,114,63
Zfp866,108,68
Fancm,105,71
Gng8,121,55
Cnp,83,93
Pou4f1,115,61
Depdc5,105,71
Gne,97,79
Zfp597,103,73
Pou6f1,102,74
Alms1,109,66
Xpa,107,68
Samd11,95,80
Sass6,111,64
Brf1,124,51
Farp2,96,79
Ranbp17,108,67
Slc35e1,91,84
Stat5a,97,78
Ppm1f,110,65
Ppip5k1,90,85
Galnt12,98,77
Mpp4,87,88
B4galt7,98,76
Nr4a1,111,63
Metrnl,98,76
Hsdl2,85,89
Apon,115,59
Stil,115,59
Lgals3bp,105,69
Iqsec1,81,93
Zfp760,104,70
Nf1,102,72
Gatb,84,90
Gjd2,67,107
A4galt,85,89
Tdrd3,105,69
Obi1,109,65
Nudt18,79,95
Pibf1,109,64
Aifm2,86,87
Slain1,77,96
Sumf1,94,79
Zng1,90,83
Nfasc,87,86
Tlcd5,107,66
Extl3,98,75
Edil3,118,55
Prune1,100,72
Dnmt3b,110,62
Cdin1,90,82
Il17rd,142,30
Mre11a,112,61
Sarm1,73,99
Ehd4,89,83
Syde2,95,77
Thrsp,52,120
Tatdn3,87,85
Eno3,92,80
BC034090,94,78
Flad1,79,93
Gnb3,68,104
Zdhhc16,94,78
Alg6,118,54
Eola1,92,79
Adck1,86,86
S100a11,108,64
Zc3h8,110,61
Bsn,109,62
Cdk5r1,114,57
Dop1b,82,89
Nbn,95,76
2610008E11Rik,106,65
Fes,106,65
Zfp950,109,62
Usp49,111,60
Smim13,94,76
Entpd4b,101,70
Fbxo34,89,82
Entpd4,101,70
Zxdc,86,84
Macrod1,80,90
Abcd1,89,81
Tubg2,103,67
Ago3,100,70
Trnp1,68,102
Sox5,93,77
Fancl,91,79
Fbxl15,85,85
Kbtbd7,102,68
Hmgn2-ps,105,65
Tcn2,84,86
Zfp983,88,82
Relt,91,78
Zfp954,107,62
Stimate,92,77
Nrxn1,90,79
Crtc2,81,88
Tmem143,87,82
Dennd3,97,72
Kank2,86,83
Tbc1d25,91,78
Slc12a7,101,68
Dmac2l,109,60
Fastkd5,96,73
Gm44790,114,55
Akain1,104,64
Wdr45,103,66
Sspn,90,78
Rmdn1,104,64
Cox7a1,79,89
St3gal3,84,84
Nrg4,95,73
Megf9,90,78
Camk2b,89,79
Ppp1r16a,94,74
Cnksr2,89,78
Vsig10,106,61
Rpp40,83,84
Lipe,85,82
Zfp719,100,67
Pip4k2a,89,78
Slc38a4,117,50
Atpsckmt,88,79
Apba1,93,74
Zfp799,108,59
Ftsj1,88,79
Zfp688,85,82
Ice2,101,66
Slc36a4,97,70
Fhod1,90,77
Lama4,119,48
Tcp11l2,110,57
Rab32,112,55
Tdg,98,69
Taf13,94,73
Ripk1,105,62
Actl6b,100,66
Pierce2,79,87
Acyp2,97,69
Atf3,64,102
Nsun3,99,67
Txnl4b,89,77
Procr,83,83
Nemp1,97,69
Zfp74,92,74
Nsd1,101,64
Dus4l,80,85
Zbtb48,93,72
Hyi,89,76
Prr7,96,69
Kics2,82,83
Slx1b,96,68
Tmem230,94,70
Nedd1,112,52
Cyp3a41b,87,77
Gk5,90,74
2010315B03Rik,95,69
Armc2,78,86
Axl,79,85
Stradb,86,78
Rp2,82,82
Zc3h6,88,76
Mfsd2a,82,82
Skap2,104,60
Afg2b,103,61
Csgalnact2,90,74
Gm15097,95,68
Cep250,109,54
Pgghg,112,51
Zfp820,114,49
Borcs5,79,84
Ccdc22,100,63
Mylpf,91,72
Endog,74,89
Sema3f,90,73
Dhrs4,87,76
Mto1,92,71
St3gal4,86,77
Pde3a,79,84
Tyk2,93,70
Axin2,94,69
Fam131a,84,79
Nrbp2,100,63
Pik3cb,91,72
Rad51c,90,73
Spg11,90,73
Pcyox1l,100,62
Cd1d1,95,68
Cyp3a41a,87,75
Glmn,93,69
Dnal1,97,65
Scn3b,107,55
Cep15,100,62
Phlda2,116,46
Shc4,96,66
Nectin3,96,66
Dus2,92,70
Bhlhe41,62,100
Parp4,85,77
Faap24,81,81
Mark4,68,94
Nfkbie,84,78
Mmab,93,69
Adcy9,99,63
Nt5dc1,83,79
Gorasp1,87,75
Prl2c2,106,56
Msh6,109,52
Ggact,91,70
Smad9,113,48
Sec22c,76,85
Sh2d5,92,69
Fbxl8,73,88
Tmem175,93,68
Fahd1,72,89
Zfp84,97,64
Taf1a,96,64
Dtx3l,98,62
Fpgt,96,64
4931406C07Rik,96,64
Dstyk,97,63
Gba2,95,65
Helz2,90,70
Gem,118,42
Carmil2,91,69
Rtn4ip1,73,87
Atp1b2,96,64
Vps37d,96,64
Gtpbp8,87,73
Tgif2,101,58
Zfp36l1,92,68
Coq8b,88,72
Morn2,70,89
Zfp36,91,68
Sdccag8,94,66
Tkfc,90,69
Clybl,78,81
Neil1,82,77
Mcee,91,68
Trpt1,90,69
Hmgcll1,84,75
B3galnt2,82,76
Clip4,84,74
Actg2,85,73
Wdr53,83,75
Ift56,87,71
Nudt1,93,65
Nptx1,112,46
Slc2a6,90,68
Helq,95,63
Pyroxd1,91,67
Dipk2a,77,81
Adat1,108,50
Hivep3,82,76
Arhgap22,106,52
Phykpl,99,59
Ldlrap1,81,77
Enpp4,93,64
B3galt6,85,72
Cd248,69,88
Gstm4,57,100
Aldh3a2,94,63
Daam2,130,27
Nckipsd,90,67
Lgi3,83,74
Lrrc51,75,82
Cwf19l1,91,66
Tap1,84,73
Osbpl5,104,53
Vars2,85,72
C87436,94,63
Zfp647,91,66
Bche,89,68
Cep152,111,46
Prkx,92,64
Rmi1,81,75
Mmp24os1,79,77
Foxn2,93,63
Gatc,68,88
Rsad1,87,69
Timp3,85,71
Egfl8,82,74
Dbndd1,95,61
Nfkb2,85,71
Atp7a,96,60
Slc7a11,72,83
Zfp946,98,57
Scfd2,82,73
Nthl1,74,81
Slc39a3,69,86
Slc29a2,87,68
Dlc1,98,57
Tle2,76,79
Ddias,95,60
Wdr19,100,55
Cebpd,87,68
Rad51d,75,80
Abraxas1,98,57
Slx4,84,71
Wnk2,73,82
Mthfd2l,94,60
Carf,90,64
Gm53012,96,58
Garem2,77,77
Slc22a21,90,64
Fbxl4,94,60
Pmepa1,110,44
Cep63,104,50
Tonsl,88,66
C330018D20Rik,104,50
Sdhaf3,83,71
Slc18a1,88,66
Map3k20,91,63
Zbtb40,96,58
Nanp,96,58
Scly,81,73
Mageb4,98,56
Zfp212,84,70
Rnf31,78,76
Ptpre,79,74
Paxip1,93,60
Paqr3,50,103
Tasp1,85,68
Vil1,83,70
Zfyve26,82,71
Hemk1,90,63
Polh,79,74
Rhbdf2,85,68
Alk,99,54
Slc25a24,103,49
Txndc16,85,67
Ctdspl,94,58
Snx7,77,75
Nalf2,88,64
Msx1,87,65
Spint1,83,69
Dpy19l3,105,47
Klhl5,90,62
Myl6b,84,68
Tspan2,71,81
Birc2,94,58
Dtx1,87,64
Recql5,90,61
Zfat,72,79
Zscan29,87,64
Stambpl1,86,65
Mrm1,74,77
Insyn1,72,79
Lins1,78,73
Hoxc6,103,48
Zbtb45,90,61
Chmp1a,77,74
H2ac19,68,83
Trp53rkb,84,67
Rpain,76,74
Prima1,83,67
Fbxl12,82,68
Parp3,77,73
Atg4a,84,66
Mtrfr,84,66
Zdhhc1,99,51
Cep19,87,63
Id4,97,53
Slc4a3,86,64
Tfap2a,83,67
Numb,89,61
Saysd1,71,79
Tspan33,88,62
Zbtb26,84,65
Flt3l,60,90
Zfp51,78,72
Bnc2,61,88
Tmem17,83,66
Amhr2,80,69
Iqsec2,75,74
Trmt13,94,55
Exog,109,40
Pus3,88,61
Pign,87,62
Fbxw17,97,52
Phospho2,72,76
Gpr155,86,63
Ccdc167,83,66
Idnk,80,69
Invs,98,51
Btbd8,82,68
Zfp383,86,63
Defb42,87,62
Net1,91,58
Fbxo32,92,57
Pyroxd2,77,72
Gper1,81,67
Rad52,91,57
Ccdc38,91,57
Slc29a3,79,69
Hdhd3,66,82
Tmem38b,82,66
Zgrf1,93,55
Chml,100,48
Nxf7,78,70
Mis12,83,65
Trmt44,89,59
Slc25a10,108,40
Cdkn3,84,64
Psme2b,65,83
Itpk1,77,71
Tbx1,80,68
Zfp931,85,63
Pnma8b,77,70
Nmi,77,70
Dpp7,88,59
Il4ra,81,66
Pgap1,84,63
Hhat,86,61
Zfp13,75,72
Lrrc27,66,81
Notch1,90,57
Stxbp2,75,72
Gas6,86,60
Creb3l1,86,60
Sipa1,84,62
Kctd7,74,72
Ntrk1,87,59
Fbxl2,91,55
Tmem121,71,75
Trim39,97,49
Dbh,145,1
Tmc8,78,68
Rinl,89,57
Zfp932,100,45
Dennd4c,80,66
Spaca6,115,30
Pald1,77,68
Clstn3,79,66
Rassf7,80,65
Tbc1d10a,85,60
Sting1,67,78
Srd5a1,85,60
Fhl1,87,58
Def6,71,74
Slc41a1,80,65
Ankrd24,82,63
Ntm,78,67
Wrap53,86,59
Foxo4,78,66
Stxbp3,78,66
Tmco6,86,58
Pomt1,79,65
Zfp563,81,63
Tfb1m,67,77
Gm44502,77,67
Abitram,80,64
Ssc5d,87,57
Srd5a3,78,66
Gnb1l,80,64
Pdpr,91,52
Fam117a,73,70
Per2,81,62
Ckmt1,82,61
Bcl11b,93,50
Nbl1,86,57
Rabggta,60,83
Zfand1,82,60
Mtfmt,78,64
Smim36,74,68
Palb2,106,36
Zfp763,97,45
Pradc1,73,69
Fam222a,81,61
Oscp1,73,69
Cyb5r2,59,83
2510002D24Rik,78,64
Mapkbp1,76,66
Golph3l,81,61
Clasrp,80,62
Suox,70,72
Iqgap3,92,50
Zfp61,77,65
Otx1,88,54
Cyp4f13,80,61
4933427D14Rik,81,60
Zfp39,78,64
Fst,102,39
Dennd11,78,63
Plekhg5,84,57
AW554918,82,59
Fam118b,82,59
Camk4,75,66
Rgs5,100,41
Mast1,77,64
Tfeb,78,63
Proser2,117,24
Ppp3cc,75,65
Xrcc2,84,56
Stx17,78,62
Vwa5b2,90,50
Ccdc18,108,32
Fkbp10,92,48
Klc4,83,57
Mcm9,91,49
Zmym1,85,55
P2rx4,71,68
Rab39,79,60
Garem1,86,53
Ccdc30,81,58
Mylip,105,34
Brms1,74,64
Stac2,72,67
Tspan14,79,60
Runx3,82,57
Nagpa,81,58
Nqo1,94,45
Carmil1,77,62
Tmem18,78,61
Fez2,72,67
Mief2,69,70
Gm15446,85,54
Kif28,91,48
Pinx1,80,58
Ripply3,67,71
Zfp239,88,50
Mbd4,83,55
Smim27,76,62
Mfsd4b4,86,52
Slc27a3,73,65
Bdnf,81,57
Clcf1,85,53
Gli3,91,47
Rrp36,67,71
Rundc3b,76,62
Cpt2,61,77
Rbm43,89,49
Smim8,69,69
Uevld,80,58
Ppm1h,70,68
Tmem191,86,51
Pex12,77,60
Dgat2,65,72
Ift88,87,50
Casp6,81,56
Zfp560,84,53
Shox2,59,78
Amotl2,76,61
Gen1,88,49
Pecr,76,61
Zfp58,82,56
Orai1,64,73
Gm14295,73,64
Ap4b1,76,61
Zcchc12,44,92
Gm20441,68,68
Bcas1,69,67
Rap1gap,66,70
Chek1,94,42
Fkbp7,92,44
Cyb561a3,76,60
Lacc1,75,61
Clcn2,92,44
Hoxd8,73,63
Tcta,64,72
Soat1,92,44
Nr2c1,70,66
Cecr2,68,67
Scrn2,61,74
Mob3a,80,55
Ighmbp2,88,47
Hps3,88,47
Zfp709,84,51
Ercc2,83,52
Prr18,74,61
Ap1g2,78,57
Them4,70,65
Cntnap1,77,58
Gtdc1,86,49
Fbxo27,66,69
Mmachc,71,64
R3hcc1l,76,59
Sirt4,79,56
Prdm15,78,57
Pop1,81,54
Armcx3,85,50
Akr1c12,76,58
Acp6,68,66
Loxl2,74,60
Adck2,67,68
Fam219b,84,50
S1pr2,69,65
Acy1,71,63
Epm2a,69,65
Grin1,82,52
Tmem177,97,37
Zfyve21,68,66
Slc18a3,81,53
Brdt,91,43
Pax5,79,55
Nid1,98,36
Lyset,80,54
Ppp1r37,68,66
Tmeff2,73,61
Phka2,82,52
Fadd,74,60
Taf6l,84,49
Xxylt1,71,62
Klhl17,80,52
Cenpp,83,50
Gramd2b,60,73
Aunip,83,50
Nek4,58,76
Tatdn2,70,63
Ppm1m,64,69
Cep95,82,51
Cenpl,78,55
Zfp985,83,50
Cdk10,68,64
Satb2,80,52
Ccdc134,77,55
Gin1,83,49
Pla2g15,75,57
Eid2b,74,58
Dgka,77,55
Mfap3l,73,59
Gpr161,78,54
Letm2,78,54
Kctd1,64,68
1700088E04Rik,63,69
Dsn1,85,47
Ccsap,78,54
Tmem217rt,72,60
Sergef,72,60
Clec18a,88,44
Dtd2,66,66
Aldh4a1,52,80
Caprin2,90,41
Arhgef10,72,59
Hectd3,72,59
Nsun6,74,57
Gm26938,74,56
Susd5,90,41
Wipf1,78,53
Col16a1,78,53
P2rx7,95,36
1700066M21Rik,63,68
Arrdc2,59,72
Atp6v0a2,75,55
Tmem203,57,73
Mars2,85,45
Thbs4,98,32
Fzd1,76,54
Cntn1,63,67
Rora,68,62
Atg16l2,87,43
Parp10,58,72
Rassf4,83,47
Scrt2,65,65
Gcfc2,80,50
Map3k13,71,58
Gm10509,60,69
Ccdc82,78,51
Zfp747,81,48
1600014C10Rik,72,57
Ly6a,68,61
Pls3,70,58
Btd,67,62
Anxa1,87,42
Layn,68,61
Zfp995,68,61
Tro,78,51
Mrm2,66,63
Zkscan6,80,49
Inka1,65,64
Lipt1,60,69
Fcsk,71,58
Cdh24,51,78
Stk11ip,75,54
Dagla,68,61
Intu,71,58
Glrx,75,54
Rhoq,80,49
Nudt22,68,61
Gldc,92,37
Atpaf1,71,58
Cfap45,84,44
Arhgef15,67,61
Mus81,60,68
Tmem37,94,34
Pik3cd,73,55
Angel1,62,66
Prss36,65,63
Lrrc75a,78,50
Mmgt2,84,44
Dmac2,81,47
Tepsin,80,48
Aamdc,70,58
Ggcx,78,50
Gm6710,77,51
Ptpn21,69,58
Homer3,76,51
Efr3b,89,38
Xkr5,85,42
Dgke,89,38
Kdm1b,64,64
Rimkla,65,62
Klhl25,54,74
Ltk,74,52
Npas3,69,57
Ccl7,80,46
Cdk15,52,74
Iqce,73,53
Sft2d3,65,61
Dnajc27,70,56
Scmh1,77,49
Slc35b4,71,55
Psrc1,78,48
Parp12,75,51
Snn,80,46
Vamp8,62,64
Pced1a,70,56
Ppcdc,62,64
Rint1,76,49
Wdr62,87,38
Mkx,76,49
Ganc,64,61
Ncan,74,51
Gm45808,72,53
Prorp,70,55
Tinf2,68,57
Zfp944,77,48
Slc25a40,80,46
Antxr2,69,56
Slc35d1,74,51
R3hcc1,62,63
Ecm1,80,45
St18,70,55
Zfp707,66,59
Rab30,71,54
Grid2ip,76,49
Ska3,80,45
Ankmy1,66,59
Fastkd1,68,57
Cap2,68,56
Snx32,74,50
Cyp2u1,72,52
Plekho2,81,43
Mcrip2,69,55
Bbs1,69,55
Cfap68,57,67
Sfmbt1,79,45
Lrrc20,59,65
Fdx2,60,64
Hfe,58,66
Gm1140,74,50
Gm49373,59,64
Dusp16,68,56
Lhx9,73,50
Nkain1,54,69
Sgtb,80,43
Smagp,64,58
Cfap61,76,47
Atxn3,56,67
Dnajc12,78,45
Odf2l,81,42
Kif26b,85,38
Nipa1,72,51
Zscan2,62,61
Zfp213,71,51
Sema4g,60,62
Apbb3,67,55
Ccdc138,90,32
Hsd17b8,76,46
Slc9b2,84,38
Pdgfc,61,61
Gm49510,68,54
Disp1,69,53
Fhit,56,66
Ctnna2,82,40
Bcas3,62,60
Mnd1,78,43
Cd74,24,98
Zfp689,64,58
H2ac10,73,48
Frat1,68,54
Camkmt,76,45
Smad3,75,46
Trip10,65,56
Gcnt2,85,36
Trmt10a,68,53
Ccdc14,83,38
Cln5,65,56
Dclre1b,67,54
Plekhg4,83,38
Rwdd3,73,48
H2ac7,74,47
Klf5,58,62
Gm14692,72,48
Uggt2,82,38
Katnal2,70,50
Pigb,74,46
Porcn,59,61
Ndst2,63,57
Vav3,66,54
Usp2,65,55
Parpbp,74,46
Abtb1,67,53
Armc7,66,54
Manea,73,47
Nsun4,77,43
Zfp324,73,47
Appl2,73,47
Nek8,73,47
Cep135,84,36
Mid1,80,40
Wnt5a,46,73
Foxred1,58,62
Haus5,76,44
Ift70b,62,57
Gemin7,73,46
Fgd4,61,58
Polr1has,66,53
Steap1,35,84
Gm45785,66,53
Cep72,74,45
Lrrc24,52,67
Prl2c3,75,43
Tbc1d24,64,54
Mppe1,66,52
Fam174c,59,59
Mitf,77,41
Ldlrad4,78,40
Gata3,89,29
Usp53,69,49
Fbxo41,73,45
Enox2,72,46
Oxld1,57,61
Faim2,48,70
Hebp2,52,66
Zswim3,75,43
Mtfp1,64,54
Hdhd5,71,47
Stk10,55,63
Entpd5,61,57
Jrk,74,44
Rec114,73,44
Trip6,83,34
Rgs10,69,48
Synj2,62,55
Zfp141,68,49
Ropn1l,52,65
Mif4gd,67,50
Oip5,65,52
Inpp5k,62,55
Spats1,64,53
Zfp780b,66,51
Kif21b,36,80
Naa80,56,60
Myo16,75,41
Pltp,60,56
Cftr,75,41
Cdc14a,74,42
Cd40,54,62
Hoxc8,81,35
Gng4,31,85
Ankrd45,59,57
Cchcr1,81,35
Itpr3,66,50
Fancc,67,49
Ebf4,76,40
Ppp1r12b,72,44
Lime1,68,48
Ptpdc1,86,30
Tmem229b,62,54
Zfp442,66,50
Zfp273,68,48
Zfp408,68,47
Thtpa,66,50
Cspg5,52,63
Dph1,66,50
Trit1,69,46
Sfxn2,63,52
Ctnnal1,70,45
Arhgef17,60,55
Decr2,51,64
Gpr137b,64,51
Mavs,58,56
Tmem35b,68,46
Klhl8,63,51
Arhgap31,67,47
Msh2,73,41
Irag1,55,59
Cpt1c,61,53
Osbpl7,69,45
Tedc1,79,35
Ctnnd2,65,49
Myo19,64,50
Nmnat1,59,55
L3hypdh,74,40
Fam185a,77,37
Lfng,80,34
Nudt10,51,62
Htd2,58,55
Agtrap,66,47
Hrob,69,44
Dhrs13,66,47
Fam124a,60,53
Cfap46,62,51
Mfsd13a,52,61
Lrrc57,64,49
Disp3,65,48
Tstd3,64,49
Eeig1,52,61
Tes3-ps,64,50
Rps6kl1,62,51
Lrrc1,66,47
Abcc10,67,46
Fam114a1,60,53
Nup42,58,54
Crem,74,39
Mtmr7,56,57
Ephb2,63,49
Nhs,62,50
Fam171a1,57,55
Zfp667,70,42
Chrna5,49,63
Ago4,70,42
Zfp248,56,56
4931414P19Rik,57,55
Map4k1,51,61
Ptpn13,62,50
Crppa,65,47
Lysmd4,61,51
Pomk,60,52
Ccdc66,69,43
Gemin4,67,44
Fam229b,51,60
Itga8,63,48
Lrrk1,67,44
Ap3m2,65,46
Klhl18,73,38
Socs3,68,43
G0s2,20,91
Kcnj12,64,47
Sema6b,60,51
Tpmt,63,48
Pld2,62,49
Tmem260,66,45
Zfr2,68,43
Fancf,58,53
Mterf4,63,48
Zkscan2,71,40
Fam53b,73,38
Card10,58,53
Ccdc9b,72,38
Tcirg1,76,34
Or5p58,61,50
Harbi1,70,41
Abca1,62,48
Folr1,64,46
Map3k6,54,56
Tinagl1,66,44
Osgepl1,58,52
Atl1,64,46
Fancg,68,42
Cartpt,67,43
Tcf15,52,58
AI661453,51,59
Emc9,60,50
Zfp28,72,38
Spsb4,64,46
Fstl3,80,30
Trdmt1,54,56
Sv2a,62,47
Hspbap1,64,45
Psmc3ip,59,50
Tnfsf13b,69,40
Poc1a,66,43
Mtrf1,65,44
Hps6,52,57
Rspo1,52,57
Lgr5,64,45
Zfp472,71,38
Chic1,61,48
Igsf9,63,46
Rin1,51,58
Larp7-ps,59,50
Acad10,45,64
Zfp53,63,46
Gm49405,55,53
Nfatc2ip,61,47
Gm45871,58,50
Spata6,60,48
Ccn1,66,42
Qpctl,61,47
Zfp426,60,48
Rhov,49,59
Wdr44,59,49
A430033K04Rik,63,45
Hdac10,71,37
Gdpd5,52,55
Fzd5,67,40
Aasdh,65,42
Ankrd13d,55,52
Snrnp35,54,53
Ksr2,59,48
Dbx2,68,39
Nipal3,43,64
Pex10,62,45
Fhip2b,60,47
Cry1,49,58
Prps1l3,67,40
Psmb9,53,54
H1f4,62,45
Gdpgp1,58,48
Eogt,64,42
Tmem218,63,43
Aqp11,55,51
Zfp850,62,44
Ahnak2,62,44
Pex26,69,37
Spaca9,62,44
Rpgrip1l,64,42
Map3k9,58,48
Slc25a53,72,34
Zfp937,62,43
Cdk20,48,57
Zmym6,67,38
Nexmif,66,39
Zfp825,63,42
Rmi2,68,37
Lgals9,58,47
Ticam1,52,53
Msra,61,44
Acad8,61,44
Fgd6,60,45
2810021J22Rik,60,44
Taco1,58,47
Pnpla6,67,38
Tcaim,54,51
Hdac8,58,47
Eps8,40,65
Ngly1,57,48
Gm14322,61,43
Zc3h12c,62,42
Fkbpl,55,49
Dcp1b,64,40
Prdm10,61,43
Tab3,66,38
Celf5,64,40
Lrrc45,62,42
Bend6,45,59
Zbtb49,53,51
Thbs3,62,42
Gm49369,60,44
Prps2,63,40
Zfp385c,42,62
Brip1,67,36
Hr,75,28
Haspin,65,38
Bambi,66,37
Cyfip2,62,41
Rad54b,68,36
Nrarp,74,29
Tsga10,60,43
Pusl1,57,46
Inafm1,51,52
Wfs1,41,62
Col5a2,71,32
Zfp446,60,43
Usp44,65,38
Slc66a1,52,51
Zkscan7,61,42
Zfp235,56,46
H4c9,50,52
Iqcc,49,53
Itga3,53,49
Rorc,48,54
Prss41,49,53
Rccd1,51,51
Antxr1,68,34
Osbpl3,65,37
Col12a1,70,32
Slc26a11,58,44
Dusp15,57,45
Cenpj,59,43
Lhfpl5,56,46
Rwdd2b,57,45
Gm28778,52,49
Slc22a15,61,40
Zc4h2,67,34
Dusp23,42,59
Nphp3,63,38
Rbfox1,47,54
Hhatl,35,66
Cdsn,39,62
Wdr81,52,49
Ankrd44,66,35
Ets1,69,32
Dnajc22,62,39
Alox5ap,51,50
Sned1,40,61
Hbegf,71,30
Plp1,69,32
D3Ertd751e,59,42
Zranb3,72,28
Zfp691,45,55
Gabpb2,57,43
Enpp1,60,40
Ddx11,66,34
Tspan5,59,41
Siah3,59,41
C1qtnf12,50,50
Pidd1,69,31
Tnip2,57,43
Atcay,53,47
Zfp626,66,34
Afg1l,58,42
Dysf,48,52
Plxnb1,55,45
Aim2,63,37
Gm28551,55,45
Casp8,66,34
Mthfsl,57,42
Gm20537,61,38
Bbs7,49,50
Slc7a8,35,64
Apex2,59,40
Shd,60,39
Trmt12,45,54
Pvr,44,55
Dpyd,74,25
Nudt7,54,45
Upp1,39,60
Rasl10b,50,49
Fgd2,72,26
Gpr3,50,49
Skida1,47,51
Vangl1,50,48
Pask,65,33
Rbm20,52,46
Pank1,52,46
Zfp1006,67,31
Fam167a,55,43
Zfp524,54,44
Plekhn1,52,46
Irx5,52,46
Arhgef4,54,44
Itgbl1,55,43
Slc39a13,57,41
Tns2,44,54
Zfp936,54,43
Nr4a2,58,39
Sirt5,61,36
Slc35e3,62,35
St6galnac5,69,28
Camkk1,50,47
Prodh,53,44
Pnpla7,63,34
Pxn,49,48
Zfp943,60,37
Serinc2,46,51
Nek6,45,52
Slc10a4-ps,64,32
Ndor1,55,41
Gm44503,58,38
Sgpp2,75,21
Nrde2,60,36
Lag3,45,51
Echdc2,51,45
Tead2,50,46
Tmem241,66,30
Six1,53,43
Zkscan8,55,41
Hoxc4,67,29
Gm14305,52,44
A630089N07Rik,66,30
Zfp846,59,36
Apbb1ip,65,30
Zfp85,52,44
Slc25a26,45,50
Tmem74b,56,39
Uros,54,41
Zfp119b,58,37
Foxc1,51,44
Mkrn3,61,34
Gm49486,56,40
Myorg,50,45
Caly,53,42
Zscan12,46,49
Gm29394,54,41
Fxyd6,56,39
Mterf2,52,43
Slc7a4,41,54
Ifitm10,60,35
Eif5a2,60,35
Rpl39l,62,32
Shroom3,59,35
Atoh8,76,18
Dact1,44,50
Iba57,48,46
Zkscan14,55,39
Igsf11,54,40
Gsdmd,44,50
Col4a1,59,35
Tmem158,55,39
Atp6ap1l,49,45
Tmem265,56,38
Agtr1a,60,34
Gss,60,34
Slc38a6,59,35
Zfp346,64,30
Vmac,51,43
Myo10,55,39
Gm14419,50,44
Slc43a2,48,45
Dennd4b,57,36
Tcea2,62,31
Dipk1a,55,38
Znrf3,55,38
Gm2004,49,44
Itga5,49,44
Rps6ka5,49,44
Tmem104,52,41
Ccdc126,41,52
Nuggc,48,45
Ggct,46,47
Jrkl,56,37
Brpf3,57,36
Lin52,56,37
Zfp952,49,44
Polq,64,29
Ece2,63,30
Zfp977,55,38
Mterf1a,64,29
Trmu,55,37
AI429214,47,45
Ly75,57,35
Pi16,35,57
Klhl23,45,47
Smyd4,47,45
Cutc,56,36
Myd88,59,33
Stx11,56,36
Xkr8,47,45
Pif1,62,30
Chd1l,45,47
Mpv17l,36,56
Sh3bp2,56,36
Prcp,52,40
Wdr31,38,54
Prr36,55,36
Rapgefl1,57,34
Mrgpre,57,34
Mettl27,61,30
Tep1,47,44
Zfp772,53,38
Otud3,49,42
Tfr2,40,51
Rexo5,47,44
Fam184b,53,38
Fndc10,58,33
Otub2,44,47
Mtmr10,43,48
Usp54,42,49
Il2,45,46
Kcnj14,50,40
Mthfs,49,41
Gria3,72,18
Mdk,45,45
Cacnb1,53,37
Zfp518b,61,29
Tcf7,52,38
Nudt13,56,34
Rai2,50,40
Osbpl1a,56,34
Ube2ql1,33,57
Cacng8,57,32
Magea2,50,39
Usp35,50,39
Zkscan5,49,40
Slc25a27,57,32
Rnls,46,43
Poll,45,44
Hcrtr1,43,46
Lyn,59,30
Tmem178b,49,40
Serp2,49,40
Eme1,52,36
H2ac15,51,38
Gm37240,54,34
Abhd6,56,32
Zfp287,49,39
Cdc34b,43,45
Itpkc,44,44
Pheta1,54,34
Kdelr3,43,45
Mid2,43,45
Slc37a1,55,33
Parp9,61,27
Mob3c,53,35
Mb21d2,48,40
Dll3,40,48
Elac1,52,36
Ttc12,42,46
Pgap3,50,38
Cnih2,46,42
Pcdhga12,55,33
Crybg3,48,40
Zfp605,52,36
Gm29609,57,30
BC024063,51,36
B3gntl1,53,34
Slc16a2,44,43
Itpr1,57,30
Lgals3,49,38
Cgref1,45,42
Stat1,44,43
Nes,60,27
Ddb2,41,46
Ccdc157,58,29
Prkg2,55,32
Cercam,56,31
Tceanc2,47,40
Angptl2,52,35
Rgs9,58,29
Pabir1,55,32
Depdc1a,66,21
Usp27x,42,44
Alpl,42,45
Rxra,48,38
Acrbp,48,38
Shank2,45,41
Zfp653,44,42
Zfp189,46,40
AU041133,55,31
Ldhb,48,38
Pdlim2,41,45
Accs,62,24
Prkd2,53,33
Dmpk,59,27
Proser3,46,40
Ppp1r26,63,23
Slc2a9,49,37
Fam72a,52,34
Negr1,53,33
Dock5,47,39
Arid3b,49,37
Rps6ka4,43,43
Acad11,54,31
Il10rb,52,34
Dand5,47,38
Pcdhb20,45,40
Adcy3,45,40
Tvp23a,47,38
Mmp2,49,36
Prss23,63,22
Rtl6,51,34
Nupr2,52,33
Tsku,30,55
Zfp661,50,35
Akip1,46,39
Fkbp14,46,39
Arhgef9,45,40
Cdc42bpg,45,40
Irf9,48,36
Tnfsf12,44,41
Ifi213,45,40
Fam178b,53,31
B3gnt9,39,45
Rfxank,53,31
Homez,44,40
Tmem170,48,36
Tctn3,45,39
Snupn,43,41
Stx1b,52,32
Zfp40,52,32
Hsd17b11,44,40
Zfp959,46,38
Prickle3,52,31
Rhox7b,46,38
Gon7,55,28
Zfp202,47,36
Gm57857,49,34
Nbeal2,43,40
Tmem268,43,40
Rpusd3,36,47
Begain,63,20
Cyren,41,42
Ffar4,29,54
Chst13,34,49
Acta1,58,25
Rap2b,56,27
Pik3c2b,55,28
Fcor,45,38
Snx19,33,49
Gm42417,50,32
Xylb,58,24
Mfsd8,56,26
Scube1,68,14
Ipp,42,40
Sh3tc2,38,44
Zfp790,34,48
Grtp1,56,26
Mpp7,43,39
Rab13,56,26
Mon1a,47,35
Cc2d1a,46,36
Map3k15,53,29
Trim21,54,28
Ptprr,63,19
Inka2,33,49
Hexim2,40,42
Ctf1,39,42
Napepld,50,31
Mxd1,48,33
Cfap69,47,34
Uaca,55,26
Myb,53,28
Ankrd9,41,40
D16Ertd472e,40,41
Ficd,42,39
Slc25a43,47,34
Ptprn2,51,30
Dner,39,42
Sct,68,13
Filip1l,40,41
Fchsd1,47,34
Gpr15lg,38,43
Oxsm,48,33
Mfsd3,36,44
Zfp839,54,27
Dgki,58,23
Lonrf3,43,38
Adam22,52,28
Zfp72,47,33
Stard9,56,24
Upp2,38,42
Tyw3,48,32
Isl2,43,37
Fbxo36,42,38
Elmod3,41,39
Oprd1,57,23
Efna1,48,32
Abcb9,50,30
Olfml2b,40,40
Zcchc18,48,32
Dok5,54,26
Actmap,44,36
Caskin2,38,42
Zfp964,52,28
Pcdhgc4,43,37
Sap25,51,28
Xylt2,42,37
Dzip1l,48,31
Dgkq,39,40
Wfikkn2,43,36
Tshz1,36,43
1700001O22Rik,35,44
Tgfbr3,22,57
Anxa11,49,30
Fbxo17,41,38
Lingo3,38,41
Fdxacb1,48,31
Ccl2,51,28
Zfp345,48,31
Xlr4a,43,35
Gm20696,47,31
Klhdc1,42,36
Sik2,46,32
P2ry6,32,46
Slc25a42,45,33
Polg2,45,33
Aox1,51,27
Nemp2,48,30
Rad51b,42,36
Tnfrsf22,44,34
Arsg,38,40
Catsper2,43,35
Pigw,39,39
Crispld2,35,43
Irf5,43,35
Mettl25,41,37
Pigh,49,29
Sdsl,51,27
Arhgef19,36,42
H2-T23,44,33
Arhgap32,52,25
Zfp52,54,24
Ypel1,54,23
Ubtd2,48,29
Acat3,36,42
B4galnt1,49,28
Adm2,25,52
Cdk6,36,41
Col11a2,54,23
Eda,54,23
Igdcc3,42,35
Ptgs2,51,26
Prdm9,48,29
Rsph1,44,33
Mboat1,49,28
Irgm1,41,36
Pcdhb21,46,30
Capg,48,29
Ubxn11,39,37
Gsto1,45,31
Mok,40,36
Cnnm2,41,35
Riiad1,51,25
Fanci,46,30
Cyp26b1,61,15
Dusp28,45,31
Spag1,49,27
Tpk1,41,35
Epor,40,36
H2ac18,34,42
Masp2,43,33
Gla,46,30
Tmem141,36,40
Zfp420,35,40
Zfp809,51,24
Npepl1,47,28
4930550C14Rik,46,29
Otp,47,28
Cpxm1,42,33
Zfp11,42,33
Top3a,54,21
Nek3,40,35
Tceal1,31,44
Epha10,42,32
Rnf125,52,22
Lhfpl6,26,48
Reck,46,28
Ppm1k,35,39
H2ac8,51,23
Trmo,44,30
Mfge8,41,33
Cryab,47,27
Nfatc2,40,34
Pawr,44,30
Hacl1,42,32
Ksr1,53,21
Plpp6,48,26
Zfp438,34,40
Atxn7l1,47,27
Ptger4,51,23
Lhx4,36,38
Kbtbd8,41,33
Ccdc57,44,30
Nhlrc3,52,22
Gins3,43,31
Gsta4,40,34
Smpd5,38,36
Gm57848,44,30
Smo,41,32
Rft1,37,37
Zfp781b,44,29
Wdpcp,41,32
Tmem223,51,22
Socs5,42,31
Nrip1,44,29
Slc5a6,40,33
Etnk2,35,38
Pigf,39,34
Rtl5,51,22
Fbxo16,35,38
Sgms2,38,35
Foxa1,50,23
Fancb,49,23
Zfp873,43,29
Gm56451,39,33
Shbg,44,28
Gstm7,25,47
Lpar4,43,29
Dhtkd1,46,26
Pnma8a,46,26
Zfp449,39,33
Tmem42,38,34
Zfp712,39,33
Adamts10,53,19
Lhfpl2,25,47
Nudt8,32,40
Pomc,30,42
Manba,48,24
Ankrd52,45,27
Gm5071,35,36
Vmn2r8,52,20
Zfp764,37,35
Zfp566,46,26
Tmem62,41,30
Zscan22,37,34
Pierce1,24,47
Zfp382,41,30
Lrch2,45,26
C1ql1,34,37
Gpatch3,37,34
Cpeb3,43,28
Mocs1,40,31
Septin1,39,32
Gm49388,44,28
Neurl3,39,32
Kirrel1,39,32
Matn3,54,17
Galc,46,25
Zfp493,45,26
Crebl2,41,29
Pou5f2,47,23
Rfx2,47,23
Zswim7,30,40
Inha,36,34
Cfap210,36,34
Tnfaip8l1,37,33
Fgfbp3,42,28
Ddx59,31,39
Lox,44,26
Fut11,40,30
Col6a1,46,24
Naif1,42,28
Morn1,34,36
Mylk,42,28
Pter,39,31
Zfp711,41,29
Setdb2,35,35
Lnx1,35,35
Zfp94,36,34
Pigv,39,31
Pcdhb19,52,18
Dclre1a,40,30
Pcsk4,44,26
Pcdhb22,45,24
Swsap1,37,32
Krt8,33,36
Gstm6,32,37
Diaph2,39,30
Chst7,47,22
Cacna1g,50,19
Vax1,48,21
Zswim9,42,27
Plekha7,41,28
Mettl4,34,35
Arsk,49,20
Lrrc28,34,35
Il15ra,45,24
Pms1,43,26
Platr25,38,30
Cdh15,32,37
Serpine1,40,29
Ccnj,37,32
Kdm8,40,29
Rnf32,27,42
Smr2,42,27
Elfn1,35,34
Niban3,41,28
Tctn1,42,26
Mterf1b,36,33
Fgd3,37,31
Zfp933,44,24
Ube3d,39,29
Ppil6,35,33
Fahd2a,35,33
Flywch2,42,26
Aqp5,40,28
Wars2,38,30
Itpr2,36,32
Micall2,23,45
Tmem81,38,30
Zfp354a,40,28
Hdx,42,26
Prrt3,38,30
Pfkfb2,42,26
Selenbp2,28,40
Gramd2a,32,36
Ermardl1,38,30
Zfp759,36,32
Pdk2,43,24
Jmjd7,38,29
Nmrk1,39,28
Pfkfb4,39,28
Glt1d1,38,29
Apobec3,44,23
Hrh3,46,21
Map6d1,29,38
6330403K07Rik,46,21
Zscan18,41,26
Zfp182,42,25
Mgll,54,13
Fgfrl1,48,19
Ube2l6,43,24
Hey2,40,27
Ltb,45,22
Nudt6,34,33
Ndrg1,29,38
Rsl1,36,31
Mtfr2,36,30
Lgi1,46,21
Zfp33b,39,28
Zfp93,35,31
Glrb,26,40
Yap1,44,22
AA414768,37,29
Amt,46,20
N4bp3,35,31
Oprl1,42,24
Cep128,43,23
Dock3,44,22
Dennd2b,43,23
Dlgap1,43,23
Cnga3,20,46
Arid5a,24,42
Gm50253,38,27
Rbp4,41,24
Dusp14,35,30
Zscan20,42,23
Lyrm1,35,30
Dnase1l1,35,30
Tchp,44,21
Gas2,39,26
Plekhh1,37,28
Ankle1,49,16
Aplf,36,28
Cmc4,40,24
Tha1,28,36
Zbtb9,38,26
Coq8a,44,20
Shld2,34,30
Tmem266,33,31
Shank3,34,30
Ypel4,44,20
Wdr25,37,27
Calhm2,42,22
Trmt9b,43,21
Inhba,38,26
Itga2,46,18
Acaa1b,34,30
Gk,31,33
Gpr135,33,31
Tagln,40,24
B230217C12Rik,36,28
Filip1,48,16
Wnk3,44,20
Gm50139,40,23
Ada,31,32
Isg20,17,46
Radil,40,23
Fev,37,26
Rab3b,31,32
Zfp940,41,22
Ccdc40,36,27
Tph2,44,19
Pstpip1,30,33
Crlf1,30,33
Isoc2a,30,33
Brcc3dc,47,16
Mafb,33,30
Oma1,32,31
Tppp,39,24
Kcnd1,35,28
Magea9,31,32
Ocel1,31,32
Ly6e,27,36
Car11,29,34
Doc2a,45,18
Pcdhgc5,35,28
Tagap,38,25
Zfp956,42,21
Zfp934,35,27
Yipf2,31,31
Nedd9,32,30
Cep126,33,29
Ptgr1,42,20
Notch3,40,22
Opn3,34,28
Wdr27,31,31
Kcnh4,41,21
Syt2,35,27
Nadsyn1,32,30
Aspg,37,25
Bbs9,41,21
Tram2,38,24
Rab15,21,41
Mtmr11,38,24
Sec16b,45,17
Msrb2,38,24
Shld3,31,30
Gm20518,35,26
Ttc39a,31,30
Drgx,24,37
Tmem120b,29,32
Star,40,21
Ubxn10,40,21
Rad9b,38,23
Sptbn4,31,30
Zfp1005,31,30
Snx29,44,17
Fam20a,41,20
Hspb6,29,32
Adam23,34,27
Srsf12,35,26
Zfp874b,38,23
Lats2,32,29
Gm28035,20,41
Zfp974,37,24
Aif1l,40,20
Cpm,44,16
Il15,37,23
Rffl,31,29
Hhipl1,34,26
Podxl2,29,31
AI854703,40,20
Cntn2,36,24
Rigi,36,24
Cdkl3,36,24
Prkd3,33,27
Zfp3,31,29
BC028528,33,27
Prrg2,39,21
Ttc39c,30,30
Zfp341,38,22
Galnt5,60,0
Rpusd2,29,31
Sspo,27,33
P4htm,39,21
Mageb2,35,25
Pcdhgb8,33,27
Myef2l,44,16
Ccdc163,36,23
Cgas,45,14
Aste1,31,28
Trim54,28,31
Tmco4,34,25
Sh3bp4,29,30
Matcap2,29,30
Trmt2b,34,25
Akr1b8,29,30
Tmem38a,27,32
Ttc9,29,30
Iqcg,33,26
Crybg2,33,26
Dll1,30,29
Gm45928,35,24
Mdga2,38,21
Hes5,32,27
Fcgrt,39,20
Col22a1,37,22
Mmp17,51,8
Faxc,34,25
Ppp1r13l,28,31
Gm10778,32,26
Catsperz,34,24
Trim13,24,34
Ssxb15,40,19
Phyhd1,18,41
Sapcd1,34,24
Map3k14,33,25
Lzts3,29,29
Wnt9a,22,36
Elf4,34,24
Lcmt2,30,28
Dock10,30,28
Zfp458,33,25
Gipr,36,22
Gpr176,36,22
Ttc38,36,22
Spef1,36,22
Card6,36,22
Mettl18,34,24
Phf19,35,23
Eva1c,31,27
Scml4,33,25
Zfp27,30,28
Gtf2ird2,27,31
Abcd4,37,20
Gm15091,31,27
Amy1,31,26
Irak2,20,38
Ero1b,34,24
Gm14399,37,20
Trpm4,33,24
Adgrv1,23,34
Relb,31,26
Pigl,36,21
Chst10,44,13
Sfxn4,27,30
Cst12,39,18
Ribc1,32,25
Dtwd2,28,29
AI987944,32,25
Gm3055,33,24
Pcdhb16,34,23
Yy2,36,20
Gm4767,30,26
Ccdc71l,35,21
Gm28635,33,23
Gm28042,32,24
Zfp146,33,23
Pdgfrb,23,33
Insyn2b,31,25
Ctxnd1,37,19
Ttc9b,36,20
Pipox,28,28
Col6a3,37,19
Setd4,33,23
Gng3,27,29
Gm5617,32,24
Fsbp,40,16
Acox3,33,23
Gm17949,34,22
Lnp1,38,18
B3glct,31,25
Rapgef3,27,29
Trim7,30,25
Msantd7,34,22
Pdf,32,24
H1f3,25,30
Abhd1,35,20
Fam131b,37,18
Dock2,45,10
Gbx1,29,26
Kctd21,30,25
Pcdhb11,36,19
Bdh2,37,18
Kctd11,31,24
Ajm1,34,21
Angpt2,28,27
Cfap97d2,37,18
Tjp3,28,27
Th,28,27
D17H6S53E,24,31
Smco4,31,23
Dapk2,26,28
Lhx6,30,24
Hoga1,32,22
Gm14403,33,21
Fuz,28,26
Ppp1r21,32,22
Nxt2,28,26
Pex11g,29,25
Trim16,26,28
Ppp1r3c,33,21
Acad12,30,24
Pabpc1l2a,30,24
Phactr3,36,18
Zfp1001,34,20
Chst14,34,20
Rhox4a,28,25
Ift70a1,26,27
Gm5148,39,15
Gm20695,32,22
Zfp607b,36,18
Nexn,36,18
Tead3,35,18
Tmem63a,32,21
Siae,25,28
Tpcn2,36,17
Wfdc12,30,23
Eno4,45,8
Kctd12,29,24
Kbtbd3,32,21
Gng7,30,23
Zfp286,34,19
Notum,26,27
Tm4sf1,33,20
Ccdc168,42,11
Ldb3,27,26
Rida,29,24
Htr6,40,13
Cd59a,22,30
Kif16b,30,22
Rhox4a2,28,24
Gm49601,27,25
Zfp976,32,20
Stard13,38,14
Btbd19,28,24
Cntn3,30,22
Rhod,28,24
Ptrh1,30,22
Tigd5,23,29
Ssh3,37,15
Dnai4,24,28
Airim,33,19
Trim45,28,24
Khk,23,29
Tmem8b,26,26
Pcdhgc3,27,25
Pcdhga1,26,26
Syne3,32,19
Zdhhc23,28,23
Gm49711,33,18
Prrt1,27,24
Zfp111,37,14
Lgals4,36,15
Vwa1,26,25
D17H6S56E-5,28,23
Ybey,30,21
Col5a1,31,20
Lhpp,23,28
Castor1,30,21
Tert,30,21
Phka1,36,15
Zfp975,33,18
Gm15127,27,23
Pcdhgb2,28,23
Prkcz,28,23
Cbr1b,24,26
Olfm2,41,9
Cetn4,27,23
Prrt4,15,35
Cracr2b,33,17
Zfand4,34,16
Ccdc177,20,30
Acot11,25,25
Prickle1,23,27
Szt2,32,18
Thumpd2,27,23
Snx33,26,24
Fez1,29,21
Gm1043,28,22
Pcdhga6,27,23
Rtbdn,31,18
Itprip,31,18
Itga2b,29,20
Bbof1,30,19
Zmat1,32,17
Zfp831,26,23
Baalc,29,20
Gm14325,36,13
Marchf3,30,19
Acp3,35,14
C1qtnf6,16,33
Abtb2,21,28
Bmper,33,16
Kcp,28,21
Mttp,29,20
Tmem169,25,24
Itpka,26,23
Amot,27,22
Olfml3,18,31
Zfp1004,28,21
Vamp5,26,23
Fam107b,34,15
Abcb1b,34,15
Pcdhga10,26,23
Pcdhga11,26,23
Pcdhga9,26,23
Pcdhga4,26,23
Pcdhgb4,26,23
Pcdhga7,26,23
Pcdhgb6,26,23
Pcdhgb1,26,23
Pcdhga2,26,23
Pcdhga5,26,23
Pcdhgb7,26,23
Pcdhgb5,26,23
Pcdhga8,26,23
Pcdhga3,26,23
Ly6c1,28,20
Gm43064,30,19
Phf7,22,27
Kcnt1,14,34
Irs3,21,27
Atg4c,31,17
Mycl,16,32
Hsd3b7,29,19
Tmem106a,25,23
H1f5,31,17
Ehhadh,23,25
Srl,25,23
Gm45140,30,18
Tnfrsf13c,21,27
Mreg,30,17
Gm14410,28,20
Gm35315,33,14
Syde1,20,27
Orc1,27,20
Ccdc33,16,31
Cish,29,18
Lyrm7,27,20
Calml4,29,18
Adamts1,26,21
Tusc1,21,26
Lsp1,32,15
Spa17,19,28
Batf3,19,28
Akr1b7,12,35
Itgb4,27,20
Acacb,16,31
E130311K13Rik,25,22
Zfp119a,30,16
Gm27027,26,21
Eef1ece2,27,20
Rhox7a,23,23
Ccdc106,25,21
Slc22a23,26,20
D2hgdh,21,25
Cfp,31,15
Got1l1,26,20
Fut10,37,9
Zfp112,33,13
Amigo1,29,17
Zfp758,24,22
Akap6,25,21
Tbx3,45,1
Pcdhb7,37,9
2210408I21Rik,22,24
Zdhhc15,30,16
Ctbs,26,20
Itga7,22,24
Lrrn4cl,24,22
Rbks,21,25
Dhrs11,24,22
Asb16,26,20
Cyb561d1,21,25
H2bc21,26,20
Acap1,28,18
Echdc3,27,19
Klf2,21,25
Adap1,19,27
Slc7a7,28,18
Irak4,29,17
Lrrc56,28,18
Shank1,25,21
Kcnmb4,36,10
Ccdc184,31,15
Sestd1,30,16
H3c14,28,18
Cbr2,22,24
Stxbp5l,29,16
Doc2g,24,20
Zfp953,28,16
Rnft2,23,22
Ccl9,25,20
Atp2a3,17,28
Sdc2,30,15
1700010I14Rik,31,14
Dact2,25,20
Tes,29,16
Misp3,23,22
Nod1,29,16
Adss1,23,22
Slc31a2,21,24
Mindy4,30,15
Llgl2,30,15
Tmem254,23,22
1700037C18Rik,19,26
Zfp82,26,19
Rpl10l,32,13
Adamts13,33,12
Bbs10,26,18
Fam161b,28,16
Slc16a12,32,12
B3gnt3,21,23
Cav1,20,24
Mmaa,25,19
Garin5a,29,15
Etfbkmt,28,16
Plscr1,28,16
Malt1,25,19
Cyb5rl,18,26
Gnat2,16,28
Cenpo,35,9
Slc40a1,14,30
Ell2,25,19
Wnk4,23,21
Chadl,12,32
Col7a1,30,14
Iqck,27,17
Gfpt2,24,20
2310030G06Rik,23,21
Glipr1,27,17
Zfp1007,28,16
Mzf1,28,16
Rnf225,29,14
Ces1g,27,16
Zfp963,26,17
Efna4,29,14
Tspear,22,21
Dcxr,24,19
Oaf,25,18
Sprr1a,6,37
Prcd,18,25
Adgra2,26,17
Tmem163,27,16
Osgin1,21,22
Rgs9bp,23,20
Gm28374,24,20
Pnma8c,19,24
Gm527,27,16
Slc66a3,27,16
Nhej1,22,21
Wfdc15a,26,17
Gm14326,28,15
Ccl27a,22,21
Itpripl2,28,14
Aldh1a3,30,12
Gm5624,25,17
Dlk2,15,27
1810024B03Rik,24,18
Bmp4,21,21
Scn1b,18,24
Anxa9,28,14
Il18bp,27,15
1700030J22Rik,23,19
Kcnn1,21,21
Hoxb5,28,14
Lamb2,28,14
Rasl11b,32,10
Bdkrb2,34,8
Slc1a7,16,26
6430571L13Rik,20,22
Acy3,21,20
Gm5141,20,22
S100a16,19,22
Tcf7l1,22,19
Slc18b1,22,19
Col2a1,28,13
Cd164l2,24,17
Ephb3,22,19
Mamld1,31,10
Entpd2,15,26
Slc35f3,19,22
Lhx3,19,22
Sh2d6,23,18
Ppm1j,7,34
Zfp128,26,15
Ppp1r3b,13,28
Hykk,23,18
Crim1,28,13
Zfp175,28,13
Gpt,22,18
Ybx2,14,26
Slc46a1,19,22
Als2cl,20,20
Sqor,18,22
Atp7b,24,16
Tspan12,24,16
Ssc4d,21,19
Tirap,24,16
Ldb2,25,15
Smarcd3,27,13
Gm26920,23,17
Igfbp2,17,23
Efcab11,22,18
Sult6b1,25,15
Rac3,23,17
Sla2,22,18
Neurl2,24,16
Oasl1,22,18
Gm14391,25,15
Catsperg1,29,10
Gm49391,24,15
Aph1c,21,18
Tmem69,22,17
Kif24,16,23
Zfp935,24,16
Zfp949,24,14
Klhl3,24,15
Gm49496,28,10
Zfp54,27,12
Loxl3,29,10
Rdh14,24,15
Ccdc69,16,23
Gm13199,26,13
Cenpi,31,8
Zfp169,26,13
Tuft1,19,20
Oplah,18,21
Dusp26,19,20
Sgsh,21,18
Timp1,26,13
Syne4,20,19
Morc4,18,21
Cdca7l,20,19
Bloc1s3,17,22
Dclre1c,31,8
Rbm24,19,20
Syn3,23,16
Zfp810,23,15
Kifc2,20,18
Izumo4,23,15
Gm49325,20,18
Glis1,26,12
Lyl1,17,21
Pxmp2,25,13
Cib2,21,17
Parvg,26,12
Slc26a6,24,14
Tex26,21,17
Fn3k,25,13
Sfxn5,23,15
Tdrp,14,24
Medag,26,12
Myof,20,17
Myh7b,17,20
Tmem240,22,15
Celf2,28,9
Fam228b,21,16
Scn5a,23,14
Fxyd2,14,23
Egf,27,10
Bcl6,21,16
Shc3,17,20
Npr2,19,18
Tnni1,16,21
Prrx2,24,13
Cfap126,21,16
Ptafr,22,15
Ltbp1,25,12
Frg2f1,20,17
Spin4,29,8
Mmp16,23,14
Prokr2,21,16
Kcnq5,28,9
Myl9,22,15
Zfp595,26,11
Lysmd1,18,19
Nmb,22,14
Specc1,24,12
LINC03051,26,11
Pot1b,24,12
Hspa1b,25,11
Dyrk4,12,24
Sh3yl1,18,18
Krt18,21,15
Colgalt2,21,15
Ttbk1,25,11
Slc16a10,20,16
Tincr,24,12
Ccdc80,29,7
Hoxb3,21,15
Coro6,14,22
Pgap6,25,11
Vwf,19,17
Grin2d,26,10
Armh1,20,16
Pkn3,25,11
Sh3d19,19,17
Tnfrsf21,19,17
Ppara,17,19
Cdc42ep3,18,18
Ptges3l,15,21
Cep112,25,11
Adgrd1,17,19
Clmn,23,13
Slco2b1,22,14
Tmem86b,20,16
Glyctk,22,14
Islr,20,15
Zfp947,18,18
Ppp1r1c,18,17
Rab43,19,16
Ptger3,16,19
Esr1,22,13
Fbln5,17,18
Rnf26rt,24,12
Six5,19,16
Cryba2,11,24
Hes7,20,15
Apoe,21,14
Crhr1,11,24
Nfkbid,20,15
Hoxd4,20,15
Il17ra,22,13
Ttc7,21,14
Cox6b2,21,14
Cfap119,16,19
Aldh5a1,23,12
Ankrd23,24,10
Emp2,18,16
Fem1al,28,6
Col20a1,18,16
Afmid,18,16
Tmc4,22,12
Gpsm3,26,9
Il11ra3,19,15
Gm6525,29,5
Ccn2,23,11
Pars2,25,9
Tcim,23,11
Mdfi,21,13
Zfp78,21,13
Jmjd4,26,8
Ankrd42,14,20
Lbh,18,16
Mgat4a,24,10
Dse,26,8
Pid1,13,21
Il11ra2,19,15
Zfp973,19,14
Shpk,14,19
Zfp433,22,12
Zfp882,22,11
Cimip2a,18,15
Carns1,18,16
Dynlt2a2,19,15
Tmem144,19,14
Fam217b,17,16
Gpx8,23,10
Serpinb9,22,11
Arhgap15,23,10
Tnfrsf11b,16,17
Trex1,20,14
Card14,12,21
4930563E22Rik,21,12
Plcl1,20,13
Adamtsl2,30,3
Efs,21,12
Sstr2,19,14
Retsat,18,15
Klf13,25,8
Crybb3,24,9
Bbs12,15,18
Col6a2,24,9
P4ha3,23,10
Kif9,19,14
Slc17a9,17,16
Tmem91,17,16
Zfp599,22,11
Ppihl,20,13
Zfp677,20,12
Scd3,16,16
Hspa12b,16,16
Maskbp3,22,10
Ifitm1,24,8
Gm20517,20,12
Gm44973,16,16
Gm32687,21,11
Rnf223,21,11
Pxdc1,14,18
Agap2,22,10
Kcnh3,16,16
Btbd17,7,25
Kank3,19,13
Htatip2,17,15
Prtn3,20,12
Zfp418,15,17
Fblim1,23,9
Tymp,20,12
Tnfrsf23,16,16
Insl6,17,15
Ccdc15,25,7
Setmar,17,15
Efhc1,20,12
Mblac1,18,14
Zfyve28,20,12
Lmo3,15,17
Bend7,17,15
Tmem14a,17,15
Zfp14,22,10
Akap3,15,17
Asah2,22,10
Rwdd2a,21,11
Aoc2,22,10
Alcam,17,15
Amz1,16,16
Plac1,19,13
Wdr5b,21,11
Irak3,17,15
Tmem116,16,16
Zfp696,12,20
Mrc2,20,12
Tapbpl,19,12
Ovgp1,23,8
Or7d10,16,15
Ccdc122,25,6
Clec11a,16,15
Gask1b,22,9
Pnpla3,14,16
Fam241a,10,21
Sema7a,20,11
Wdfy4,21,10
Ush1c,20,11
H3c6,22,9
Mafa,13,18
Tesk2,16,15
Hoxb6,23,8
Adamts5,21,10
Pxylp1,17,14
Ophn1,20,11
Odad4,13,18
Grb10,22,9
Slc16a13,19,12
Galm,24,7
Slc25a45,17,14
Lipa,17,14
Gja1,21,10
Ptpn14,20,11
Gyg1,19,12
Il17d,14,17
Disc1,18,13
Gm45213,16,14
Tmem25,17,14
Nrg1,20,11
Tmem119,23,8
H2-T22,18,13
Sin3b,23,7
Serpinb8,18,12
Serac1,16,14
Slc32a1,16,14
Slc38a11,16,14
Fosl1,20,10
Nkain4,15,15
Cfap96,17,13
Myo1e,13,17
H4c16,18,12
Depdc7,13,17
Lhfpl1,18,12
Zc2hc1c,20,10
Eme2,20,10
Lrrc36,19,11
Tnc,18,12
Gm49387,17,13
Snapc5,20,10
Pear1,20,10
Col4a2,21,9
Agbl3,12,18
Asap3,16,14
H2bc6,23,7
Magea5,19,10
Gng5c,24,5
Cfap141,18,11
Nap1l2,18,11
Dnhd1,20,10
Nlrx1,15,14
Gm45208,18,11
Meiob,19,10
Chrnb1,19,10
Foxl1,13,16
Rnf207,17,12
Jmjd8,18,11
Cibar2,18,11
Zfp174,18,11
Epas1,21,8
AA986860,15,14
Fam110b,13,16
Idua,20,9
Steap3,17,12
Ccr10,10,19
Gdf9,13,16
Fgf15,20,9
H2-M5,20,9
Zfp619,15,14
Leng9,18,11
Eya1,19,10
Rdm1,13,16
Plpp7,18,11
Rhpn2,16,13
Cdo1,18,11
Wnt5b,19,10
Necab3,16,13
1700003E16Rik,13,16
Lifr,18,11
Il27ra,19,10
Stac3,17,12
Fam120c,13,16
Zic4,21,8
Klhl11,20,8
Xntrpc,22,7
Pdk4,18,10
Gm45837,16,13
Zfp979,18,10
Cst6,11,17
Bcl2l12,16,12
Il6,14,14
Cspg4b,15,13
Eaf2,12,16
Nfatc4,22,6
Sigirr,16,12
Masp1,16,12
Zfp583,17,11
Peli3,18,10
Loxl1,17,11
Ccdc73,16,12
Zfp184,21,7
Mogat2,14,14
A3galt2,19,9
Prelid3a,15,13
AW551984,18,10
Grhl1,20,8
Defb41,16,12
Nat8f1,17,11
Pnldc1,15,13
Lamb1,13,15
Gm20708,15,12
Gfra1,16,12
Gm26965,15,12
Mss51,17,10
Serpinc1,19,8
Psd2,15,12
Nme3,10,18
Pdzd7,11,16
Cd27,5,22
Rapsn,16,11
Gnrh1,16,11
Bcar3,16,11
Susd4,17,10
Dusp9,15,12
Mutyh,16,11
Zfp781a,21,6
Greb1,16,11
Sdc4,17,10
Fam81a,16,11
Triqk,15,12
Plek,17,10
Foxr2,16,11
Prrg1,12,15
Cav2,17,10
Exoc3l,14,13
Abhd15,14,13
Sbsn,15,12
Gm3739,20,6
Zkscan4,12,14
Hoxc5,18,8
Phospho1,12,15
Zfp59,18,8
Zfp747l1,16,10
Adat3,15,12
Eif4a3l2,17,9
1700049E17Rik2,15,11
1700049E17Rik1,15,11
Otulinl,13,13
Jag1,13,13
Trpm5,8,18
Mr1,17,9
Dok7,8,18
Nudt15,18,8
Cyp27b1,13,13
Fam110d,12,14
Ocln,12,14
Gpr137c,15,11
Jazf1,14,12
Il1rap,17,9
Ankrd61,16,10
Kif6,21,5
Taf9b,11,15
Tph1,21,5
P2ry2,11,15
Arl10,19,7
Nap1l5,13,13
Rragb,16,10
Btbd6,15,11
Fhdc1,9,17
Gys2,17,9
Nudt16,11,15
Exoc3l4,15,11
Pdpn,21,5
Gm28539,16,9
Pakap,16,10
Gm28051,18,8
Fsip1,10,16
Eif4ebp3,18,8
Gm14443,18,7
Cnbd2,21,4
Dynlt2a3,12,13
Tst,17,8
Ttc23,10,15
Abcc3,18,7
Sp7,13,12
Egfem1,19,6
Hcn1,15,10
Gab3,13,12
Dnah10,10,15
Tex52,16,9
Jsrp1,14,11
Zfp870,16,9
Ptch2,15,10
Smox,17,8
Lbx2,15,10
Il20rb,13,12
Cdkl1,16,9
Chrd,10,15
Cavin3,15,10
Fam221b,15,10
Aldoart2,18,6
Zfp965,15,9
Gm28557,15,9
Srgap1,16,8
Pde2a,14,10
Onecut1,12,12
Tmt1a2,12,12
Cgn,18,7
Gm49368,15,10
Zfp455,19,5
H2bc24,16,8
Ifi211,16,8
H3c7,19,6
Lat2,15,9
Hmga2,16,8
Lingo4,15,9
H2bc26,14,10
Pcdh18,14,10
Serping1,12,12
A930007A09Rik,13,11
Rgma,12,12
Saxo2,8,16
Snx22,15,9
Zbtb3,10,14
5730409E04Rik,16,8
Tnfrsf25,18,6
Rbpjl,15,9
Acer2,15,9
Cntnap2,7,17
Arhgef37,11,13
Tmem53,11,13
Zfp593os,9,15
Stard6,12,12
2310033P09Rik,21,3
Adamts9,16,8
Cyb5d2,16,8
Chrnb4,11,13
Rab3il1,14,10
Pbxip1,12,12
Eng,17,7
Jph2,16,8
Tpbg,14,10
Frrs1,21,3
Tmem220,14,10
Fhl2,17,7
Panx1,13,11
Zfp708,14,9
Gm20509,14,10
Dhx58,8,16
H2ac20,12,11
Stmn4,6,17
1700109H08Rik,17,6
Frk,17,6
2010109A12Rik,13,10
Slc9a7,13,10
Mmp14,14,9
Arhgap28,15,8
Gng11,14,9
Klf8,13,10
Kcnab3,14,9
Fcgbpl1,10,13
Mapkapk3,12,11
Stk32c,3,20
Cavin4,15,8
Cyp46a1,11,12
Tnfrsf10b,15,8
Dmtn,12,11
Osr1,17,6
Zfp786,14,9
Cd109,13,10
Cfap77,16,7
Neu3,10,13
Gm12258,16,8
Il11,6,17
B3gat2,19,4
Dsel,15,8
Lif,12,11
Cxcr5,14,9
Ager,14,9
Rftn1,12,11
Ccnb1ip1,14,9
Cd46,12,11
Grik4,13,10
Dynlt2a1,10,12
Gm2237,12,10
Gm14412,17,5
Dnajc28,11,11
Rtl8c,13,9
Plin4,11,11
Pcdhb6,12,10
Pih1d2,9,13
Naip2,10,12
Unc13c,5,17
Rem1,10,12
Sema4a,17,5
Spag4,12,10
Cerkl,9,13
Gpd1,16,6
Kitl,15,7
Rims1,9,13
Adam8,18,4
Ccdc3,12,10
Rnf112,13,9
Gzmm,9,13
Cmpk2,10,12
Cdk18,12,10
Cfap54,13,9
Rasl10a,9,13
Syt3,9,13
Hs3st1,15,7
Htra1,17,5
Itga10,15,7
Zfp784,9,13
Cpvl,14,8
Vstm2l,14,8
Eid3,20,2
Sparcl1,12,10
Cxcl1,14,8
Tram1l1,18,4
Tcte1,12,10
Neb,15,7
Pros1,13,9
Itgal,10,12
Pdzd9,12,10
Fgf7,16,6
Mmrn2,13,9
Igflr1,14,8
Tmem88,13,9
Cpa2,16,6
Plekhg3,18,4
Ak8,15,7
Slc25a35,9,13
Rnase4,14,8
Apol7c,13,8
Jak3,14,8
Sdc3,8,14
Mtcp1,12,10
Gadl1,12,9
Vopp1,12,9
Tsacc,13,8
Vsig10l,12,9
Ttc41,15,6
Evpl,5,16
Lenep,12,9
Gpat2,13,8
Ap5b1,9,12
Pde1c,13,8
Rd3,3,18
Fer1l6,6,15
Rhbdl3,9,12
Dhh,13,8
Adal,12,9
Hoxb4,15,6
Endod1,13,8
Ociad2,15,6
Abcg4,14,7
Rep15,14,7
Cldn15,14,7
Spata1,14,7
Gngt2,15,6
Cfap276,5,16
Gfra2,15,6
Nos3,8,13
Soat2,11,10
Krt7,13,8
Slc43a1,12,9
Zfp697,16,5
Ppic,12,9
Ngf,15,6
Sumf2,8,13
Amigo3,11,10
H2-DMa,10,11
Serpine2,14,7
Pla2g4b,14,6
Car6,6,14
H4c8,9,11
Ryr1,12,8
Ramacl,10,10
Prrt2,12,8
Tbx6,10,10
Zcwpw1,11,9
Steap2,13,7
Ccr7,6,14
Mgp,11,9
Lamc2,4,16
Avil,10,10
Icosl,9,11
Wdr93,9,11
1600014C23Rik,12,8
Capn12,14,6
H1f1,15,5
Ccdc74a,13,7
Cyp4f17,6,14
Duoxa2,5,15
Tnfrsf9,9,11
Cp,11,9
Ccdc78,12,8
Glmp,11,9
Ankef1,11,9
Zic1,8,12
Inca1,10,10
Igfbpl1,17,3
Prdm11,10,10
Gpr68,17,3
Lrrc10b,5,15
Zfp69,18,2
Cd44,15,5
Pknox2,16,4
Epha2,8,12
Tlx3,15,5
Ggta1,10,10
Slc12a8,10,10
H2bc9,15,5
Greb1l,11,9
S100a14,9,11
Hopx,13,7
Heg1,10,10
Acot6,7,13
Cd274,13,7
Serpinb9b,16,4
Tgfb3,12,8
4930522L14Rik,10,10
Xlr4c,12,7
Serpinb1b,11,9
Gpr75,16,4
Sag,12,7
Nrn1l,14,5
Fam50b,8,12
Nup58,8,12
Gm49320,10,9
Gm49337,10,10
Gm14393,8,11
Dnaaf4,14,5
Zfp773,17,2
Pla2g2e,6,13
AW146154,9,10
Papln,10,9
Arid3c,10,9
Cgnl1,14,5
Ankrd34b,12,7
Svip,10,9
Zfp874a,11,8
Stk33,8,11
Hsd17b14,9,10
Fbn1,9,10
Trpm3,13,6
Fam43b,13,6
Pheta2,13,6
Kcnh6,10,9
Lrrc55,18,1
Scara5,6,13
Snai1,12,7
Clec2d,13,6
Mx2,14,5
Fam124b,9,10
Cldn14,9,10
Ocstamp,14,5
Trpc1,10,9
Rbm41,11,8
Lrtm2,13,6
Iqsec3,14,5
Prkn,13,6
Gm21985,13,6
Ccn4,14,5
Tbc1d8,13,6
Zdhhc22,14,5
Pcdhb14,13,6
Mturn,13,6
Lrp4,11,8
Tmem255a,10,9
Rgs11,10,9
Rtn4rl2,11,8
Actc1,7,12
Uprt,10,9
Lix1,16,3
Cyp2c55,14,4
Pm20d2,14,4
Ctla2b,10,8
Cpt1b,10,8
Gm8257,9,9
Atg4a-ps,12,6
Hacd4,15,3
Dgkg,11,7
Galntl6,9,9
Rell2,11,7
Dyrk1a,14,4
Vsig1,15,3
Fgf18,4,14
Gm3604,12,6
Gm9918,9,9
Shisal2a,14,4
Kcnc4,8,10
Adamtsl5,8,10
Tubd1,8,10
Glb1l,13,5
Tnfaip8,8,10
Xrcc3,12,6
B4galt2,10,8
Klf4,12,6
Ankrd1,13,5
Thy1,9,9
Pitx1,8,10
B3galt4,7,11
Pnpo,13,5
Pcdhb18,7,11
Nap1l3,10,8
Itgb1bp2,10,8
Sema5a,12,6
Prss33,10,8
Col5a3,9,9
Icam5,9,9
Fgf21,3,15
Angptl7,13,5
9930012K11Rik,11,7
Cfap74,13,5
Gstt1,11,7
Klrg2,7,11
Lin7b,13,5
Myh14,12,6
Vwa5a,13,5
Prokr1,13,5
Map7,13,5
Pdgfra,14,4
Sema6c,14,4
Ece1,13,5
Eda2r,7,11
Mgmt,9,9
Reps2,13,5
Ccdc68,10,8
Samd13,10,8
Lmntd2,13,5
Slc25a47,11,7
Rnf152,14,4
Exd1,8,9
Car15,12,6
Cd59b,12,6
S100a3,8,9
Fgfr2,14,4
Ddc,6,12
Rufy4,16,2
Zfp971,10,8
Ccdc103,10,7
Maf,9,8
Eef1akmt3,11,6
Arhgap9,9,8
H3c15,7,10
Zfp1003,10,7
Tmem200a,10,7
Ppp1r3f,9,8
Adam33,9,8
Gucy1a2,9,8
Ccdc8,6,11
Tstd1,8,9
Tnfsfm13,7,10
Car7,10,7
Il34,9,8
Garin1a,9,8
Slc22a4,11,6
Nat2,12,5
Msh5,12,5
Ooep,12,5
Pgbd1,8,9
1700056E22Rik,9,8
Clec2l,9,8
Kif17,11,6
Fermt3,12,5
Saa3,7,10
Rhox4e,9,8
Mgst2,6,11
Ccno,9,8
Ctsc,9,8
Nat8f4,6,10
Adcy1,10,7
Spats2l,7,10
Sdcbp2,9,8
6820408C15Rik,9,8
Myo18b,17,0
Myo1b,11,6
Shroom4,8,9
Lpin3,10,7
Slc25a29,3,14
Gm50092,8,9
Isg15,4,13
Spmip6,7,10
Tgfbr2,10,7
Tspyl3,11,6
H2-T10,8,9
Igsf5,13,3
Rps23rg1,13,4
Or5b106,10,6
Zfp972,10,6
Npm2,9,7
Sod3,9,7
Sorbs3,10,6
Matk,11,5
Xkr4,10,6
Ccdc159,11,5
Zbtb42,11,5
Gm20532,10,6
Crabp2,9,7
Ptprk,10,6
Klhl33,9,7
Hmcn2,11,5
Ghrh,7,9
Gm26620,8,8
Noxo1,8,8
BC025920,9,7
Rab42,9,7
Galr2,9,7
Zdhhc14,9,7
Pabpc1l,12,4
Rab9b,11,5
Fam151b,6,10
Tgm3,7,9
Wdr97,7,9
Rpgrip1,9,7
Trim65,14,2
Elmo1,10,6
Cpz,9,7
Ggt5,9,7
Zfp469,10,6
Smim18,8,8
Pcdh19,8,8
Zic2,12,4
Adamts6,14,2
Tmem71,12,4
Susd2,13,3
Lrrfip1,10,6
Nkapl,10,6
Mpzl3,8,8
Rab11fip4,10,6
Hyal1,8,8
Sh3bgr,10,6
Plekhh2,10,6
Tektip1,11,5
Calcrl,5,11
Pth1r,6,10
Kcnk10,12,4
Areg,9,7
Ptgfr,9,7
Dqx1,8,8
Kcnk4,8,8
Zfp1010,8,8
Mageb1,10,5
H2bc8,11,4
Zfp268,7,8
Cdh11,8,7
Gm44596,11,4
Ifi205,10,5
Zfp764l1,7,8
H2bc23,10,6
Mst1r,12,3
Gal3st3,7,8
Ly96,8,7
4930503B20Rik,8,6
Slc11a1,8,7
Ephx4,6,9
Adam11,8,7
Rasgef1a,10,5
Hpse,5,10
C2,8,7
Has3,11,4
Fam161a,7,8
Htra4,11,4
Arhgdib,8,7
Capn11,7,8
Npas2,7,8
Ccdc89,5,10
Krt14,13,2
Tec,9,6
2310069G16Rik,9,6
Vwa7,5,10
Otoa,8,7
Ccdc148,8,7
Pycard,7,8
Ogn,15,0
Sat2,6,9
Gjc2,7,8
Fan1,9,6
Or51e2,14,1
Skap1,9,6
Astn2,11,4
Anxa3,11,4
Adamts20,13,2
Rhpn1,5,10
Colec12,10,5
Ces1a,13,2
Tnnt1,6,9
Lrrd1,11,4
Nanos3,7,8
Zfp1008,4,11
Epha4,10,5
Tent5b,9,6
Col9a3,10,5
Stk36,10,5
Tmppe,10,5
Vcam1,9,6
Catsperd,7,8
Ankrd63,3,12
Hif3a,6,9
Brd8dc,9,6
Pla2g4a,13,2
Lat,11,4
Kcnn4,8,7
Ccdc116,7,8
Bco2,8,7
Sema3a,11,4
H3c4,6,9
Gm2174,8,6
H2-M3,12,3
Tns3,7,7
Arl4c,12,2
Ttll9,7,7
Fosb,5,9
Pla2g4c,10,4
Cort,8,6
Efnb3,8,6
Pcdh12,9,5
Casp12,8,6
Gucy2g,6,8
Cstad,11,3
Ldhd,6,8
Cfap90,11,3
Ccdc96,9,5
Cage1,10,4
Nr1h3,5,9
Mmp23,10,4
Bmal2,11,3
1810062G17Rik,7,7
Agrp,8,6
Dmrtc1c2,8,6
Dmrtc1c1,8,6
Ccdc171,9,5
Dnah1,8,6
Dio2,8,6
Thnsl2,10,4
Cyb5d1,9,5
Pianp,11,3
Akap5,12,2
Tmem63c,6,8
Dab2,7,7
Slfn3,6,8
Pygm,10,4
Gpc4,12,2
Cyp1b1,6,8
S100a7a,6,8
Sec14l2,6,8
Hapln4,9,5
Slc46a3,3,11
Dnai1,9,5
Sh3tc1,7,7
Csgalnact1,11,3
Zfp526,11,3
Tgfbr3l,8,6
Lrriq3,5,9
Aox4,8,6
Tmprss7,13,1
Dpp4,10,4
Cbln3,6,8
Sgk3,8,6
Zfp457,9,5
Rassf6,5,9
Esam,6,8
Npr1,9,5
Zfp991,10,4
Tlcd2,6,8
Gm49394,6,7
Pdlim1,8,6
Syce1l,6,8
Igf2,6,7
Gm20683,10,4
Gm28230,6,7
Gm49393,10,4
Nav2,8,5
Gm3512,8,5
Fxyd5,5,8
Slc10a6,8,5
Lefty1,7,6
Pou5f1,8,4
Icam4,9,4
Naaladl1,9,4
Ssxb3,9,4
Npw,8,5
Cntf,8,4
Pcdh7,8,5
Cdk3,6,7
Tlr4,6,7
1700030K09Rik,11,2
Edn1,7,6
Ppm1n,8,5
Npy,12,1
Tmem44,9,4
C8g,10,3
Scnn1a,6,7
Cfap300,9,4
Adcy7,9,4
Igf2bp2,7,6
Adgra1,4,9
Cers3,3,10
Prx,7,6
Elobl,7,6
Elmo3,9,4
Plcd1,12,1
Rem2,5,8
Aqp1,8,5
Traf3ip3,7,6
Strip2,10,3
Nudt17,6,7
Aif1,9,4
Col4a5,9,4
Gprc5b,9,4
Slc16a14,7,6
Gm2102,9,4
BC048507,10,3
Zmynd10,9,4
Mroh5,9,4
Cntd1,7,6
Ikzf2,9,4
Il6ra,3,10
Uba7,9,4
Nckap1l,9,4
Gm6526,4,9
Ncmap,11,2
Zfp551,4,9
Cxcl2,5,8
Tsga10ip,8,5
Cd302,9,4
Gm48552,10,2
Dnai7,7,6
Igf2bp1,8,5
Slc17a7,4,9
Lst1,11,2
Slc5a12,8,5
Ripply2,3,10
Psors1c2,11,2
H4c14,8,4
Gm49361,8,4
Rab11fip5,8,4
Hoxb2,8,4
Tigd3,8,4
Eya2,8,5
Plekhf1,10,3
Ctf2,6,6
Gabra2,7,5
H3c3,5,8
Klhl10,7,5
Prkcb,8,4
Lrp2bp,10,2
Rnf130,6,6
Rusc2,8,4
Gng12,11,1
Spx,7,5
Slc37a2,8,4
Upb1,9,3
Megf10,10,2
2310034G01Rik,7,5
Gdpd3,7,5
Grk4,7,5
Calr4,9,3
Sh3gl3,8,4
Xdh,7,5
Tnnc1,6,6
Pbld2,7,5
Enpp3,8,4
Actn2,8,4
Ntf5,5,7
P2ry10b,8,4
Mrap,9,3
Mctp1,8,4
Zc3h12a,6,6
Xkr7,9,3
Neto2,9,3
Efemp1,7,5
Sstr3,5,7
Tmie,7,5
Ccdc88c,6,6
Htr3b,11,1
Draxin,8,4
Mucl3,7,5
Lurap1,8,4
Phldb3,9,3
Ttll11,5,7
Syt9,7,5
Hhipl2,6,6
Apoa2,8,4
Gm5930,10,2
Dglucy,8,4
Adam19,9,3
Ggn,7,5
Pcdhb15,9,3
Arhgef6,10,2
Tesmin,6,6
Flrt2,8,4
Col8a1,11,1
Dcbld1,8,4
Themis2,2,10
Slc41a3,6,6
Zfpm2,6,6
Zfp811,6,6
Igfbp3,5,7
Zfp992,7,5
Krt5,8,4
C4a,6,6
Mageb3,6,5
Or2aj6,6,6
Fam78a,4,8
Gm28047,7,4
Hspb1,9,2
Aldoart1,6,5
Gm49359,8,4
Gm8206,6,5
Myh13,6,5
Mndal,7,4
Rhox4b,5,6
Mplkipl1,5,6
Mamdc2,2,9
Odf1,7,4
Pde1a,1,10
Trim36,8,3
Nrsn2,8,3
Gnal,6,5
Myo1g,7,4
Rgs14,5,6
Pcolce2,6,5
Aqp3,4,7
Cacnb4,7,4
Ccdc158,8,3
Nckap5,3,8
Mbp,6,5
Septin4,5,6
Erbb2,6,5
Zscan25,6,5
Pfkfb1,9,2
Lims2,6,5
Hdc,3,8
Chat,7,4
Nectin4,6,5
Serpini1,7,4
Ereg,9,2
Syngr4,7,4
Gm14137,9,2
Mlf1,7,4
Samd15,7,4
Gm6871,7,4
Guca1b,8,3
BC049715,6,5
Pak3,8,3
Adgrg6,7,4
Upk1a,7,4
Omp,4,7
Phex,5,6
Fa2h,5,6
Ifi204,5,6
Itgb7,10,1
Pdlim3,8,3
Plscr4,9,2
Plcb1,5,6
Zfp808,6,5
Dll4,3,8
Tspan32,7,4
Pld6,8,3
Il4i1,3,8
Ddn,6,5
Kcnip2,6,5
Mgst1,5,6
Lmo7,9,2
Ap1s3,6,5
Car13,7,4
Lrguk,8,3
Smim10l2a,7,4
Moap1,5,6
Gck,7,4
Col9a2,6,5
Gsap,7,4
Fbxl9,6,5
Mettl24,3,8
Sema3g,6,5
Ggh,6,5
Ptger1,6,5
Plch1,9,2
Grap2,6,5
Car14,9,2
Fzd8,8,3
Hoxd3,4,6
S100a2,8,2
3300002I08Rik,10,1
Irgm2,1,10
Gm21969,4,7
Cx3cl1,6,4
Stc1,6,5
Ccdc63,7,4
Tnfsf13,6,5
H4c18,4,6
Vdr,4,6
Large2,8,2
Plekha4,6,4
Ccdc88b,4,6
Plch2,4,6
Pde4c,5,5
Wnt10b,9,1
Nrtn,3,7
Cdkl4,2,8
Ulbp1,7,3
Slc6a20b,5,5
Dnase1l2,5,5
Phldb2,7,3
Whrn,7,3
Hpdl,7,3
Evc2,5,5
Ifi202b,6,4
Serinc4,5,5
Hoatz,6,4
Synpo2,6,4
Frey1,8,2
Efnb2,5,5
Espnl,7,3
Shroom2,4,6
Fam163b,10,0
Clgn,6,4
6430550D23Rik,4,6
Pdc,6,4
Pkdrej,5,5
Enkur,7,3
Eya4,5,5
Rasgrf2,6,4
Hkdc1,5,5
Dlx5,6,4
Spata2l,1,9
Irx3,9,1
Lce3a,5,5
Cimap2,8,2
Arl5c,5,5
Tbc1d10c,6,4
A030005L19Rik,9,1
Gm43552,5,5
Tmem47,6,4
Tm6sf2,7,3
Tmem102,4,6
Hsd17b1,8,2
Dcdc2b,6,4
Msantd1,7,3
Adra1b,6,4
Pnma5,6,4
Cux2,10,0
Ajuba,6,4
Tcerg1l,6,4
Med12l,7,3
Tlr2,9,1
Isoc2b,5,5
Selenov,4,6
Asdurf,5,5
Iho1,4,6
Tmod4,7,3
Cimip3,5,5
Prox2,6,4
Pde11a,9,1
Lbp,1,9
Cxcl10,5,5
Saxo4,6,4
Samd9l,7,3
Atp6v1g2,8,2
Gm49342,8,2
Vmn1r139,5,5
Gm45844,4,5
H2bc18,6,4
Gm45692,4,5
Hyal3,6,4
Pet117,6,4
Zfp1009,7,3
Rasl2-9,5,4
H2-Q2,8,1
Sphk1,3,6
Pnp2,5,4
F8,6,3
2810408A11Rik,6,3
Prkcg,5,4
1700102P08Rik,2,7
Snai2,8,1
Pasd1,4,5
Xrra1,3,6
Lpxn,4,5
Muc3a,6,3
Gm49355,6,3
Tulp2,5,4
Wfdc3,3,6
Lxn,6,3
Dok2,4,5
Car5b,6,3
Zap70,8,1
Msln,4,5
Ncf2,5,4
Zfp663,5,4
Tmem30c,7,2
Gm10643,5,4
Krtcap3,8,1
Itgb2,2,7
Myo1a,6,3
Kcnh1,6,3
Aspdh,8,1
Smim24,5,4
Lpar1,6,3
Popdc2,0,9
Cdh13,4,5
Togaram2,4,5
Sorl1,8,1
Kcnn2,6,3
Magi2,7,2
Drc3,4,5
Ptgis,4,5
Bmpr1b,6,3
Ccdc65,3,6
Naprt,8,1
Cplane2,5,4
Arhgap30,4,5
Grik1,4,5
Apold1,7,2
Piwil2,2,7
Krt10,6,3
Rln1,5,4
Zbtb32,7,2
Odad3,4,5
Cfap20dc,3,6
Mlxipl,5,4
Mchr1,5,4
Slc2a10,5,4
Prg4,6,3
Drd1,6,3
Abcg2,7,2
Nsun7,6,3
Ltbp2,5,4
Ddo,7,2
Angpt1,6,3
Lrmda,2,7
Accsl,6,3
Otud1,6,3
Matn2,2,7
Gstk1,7,2
Hsf5,6,3
Scd4,6,3
Adgrf4,9,0
Itga4,5,4
Smim43,5,4
Ccl28,5,4
Cd82,6,3
Birc3,6,3
Cd68,5,4
Dppa4,5,4
Zfp879,4,5
Myo7a,2,7
Pcdhb4,3,6
Grm2,4,5
Krt17,6,3
Magea1,6,3
Snurf,4,5
Ccdc141,6,2
AB010352,2,6
H4c17,4,5
AA467197,3,6
Ddit4l,6,3
Rhbdl1,6,2
Gpr21,6,3
Gm5169,4,5
H2ac4,7,2
Pfn4,2,6
H4c11,5,3
Hspa1a,5,3
Rab33a,4,4
Fgf17,6,2
Il3ra,7,1
Vpreb3,4,4
Vmn1r88,4,4
Unc13b,5,3
Ccdc187,6,2
Anpep,4,4
Il1rl1,4,4
C2cd4a,7,1
Zfp473,5,3
Zfp951,1,7
Tnnt3,4,4
Ccl5,5,3
Slc2a4,5,3
Awat2,2,6
Cfap65,2,6
Gng13,2,6
Mageb18,5,3
Iglon5,5,3
Sox18,4,4
Amotl1,5,3
Dennd2d,2,6
Npcd,4,4
Gprc5a,5,3
Ccdc24,6,2
Cmklr1,6,2
Gfi1,2,6
Tnfsf9,6,2
Cngb1,6,2
Adamts16,6,2
Tead4,4,4
Tmem121b,4,4
Tmem79,4,4
Rho,6,2
Ankrd34a,5,3
Gsto2,6,2
Etl4,4,4
Tmem88b,5,3
Gramd1c,6,2
Svil,4,4
Ces1d,1,7
Kcnma1,4,4
Scx,3,5
Trim14,6,2
Gm266,5,3
Lrrc46,4,4
Gm49392,6,2
Lcn2,0,8
Epcip,4,4
Syce2,8,0
Met,5,3
Mmp19,5,3
Bik,6,2
Stab1,5,3
Kcnk1,6,2
Ly6g5b,2,6
Arl9,5,3
Mgat5b,5,3
Gnmt,8,0
Ctsk,7,1
Pate2,7,1
Hsd11b2,5,3
Pkd2l2,4,4
Bmerb1,3,5
Lrrc9,3,5
Ripor3,5,3
Pcdhb12,4,4
Vldlr,7,1
Cryzl2,5,3
Fbn2,7,1
Sorcs2,4,4
Ephb6,4,4
Kcnk12,4,4
Glt8d2,5,3
Wscd2,8,0
Cd180,4,4
Stmnd1,5,3
Apobr,6,2
Oasl2,6,2
Spata9,4,4
Fbxl22,5,3
Neil2,6,2
Zfp534,4,4
Gm14288,5,3
Zfp981,6,2
4930486L24Rik,6,2
H4c2,4,4
Nxpe4,4,3
Gm56675,4,3
Cdh6,5,2
Acvrl1,6,2
H3c1,2,6
Zfp459,4,4
Spmap1,3,4
Naip6,4,4
H2-Eb1,6,1
Nrip2,2,6
Cldn34c1,3,4
Igtp,4,4
Insl3,4,4
Pramel3c,4,3
H2-T24,6,1
H3c13,4,3
Atg5lrt,7,0
Gm3696,5,2
Lrrc2,4,3
Gm4724,5,2
Gm8126,4,3
Sox6,5,2
Artn,4,3
Rasip1,6,1
Tigit,4,3
Ptpru,4,3
Dnd1,5,2
Tbc1d2b,6,1
Il2rg,3,4
Ica1l,5,2
Sync,5,2
Garin1b,4,3
Ptchd1,6,1
4933430I17Rik,2,5
F13a1,4,3
Dnase2a,5,2
Tekt2,3,4
Cdc42ep5,5,2
Slc4a4,4,3
Qrich2,2,5
Foxj1,4,3
Lca5l,3,4
Fam169b,5,2
Mylk3,5,2
Zfp108,5,2
Gm11100,7,0
1700008O03Rik,4,3
Adora1,4,3
Ninl,4,3
Gm973,3,4
Prss38,5,2
Klhdc8a,4,3
Atp11a,4,3
Adra2a,6,1
Adhfe1,3,4
Spag6,5,2
Far2,5,2
Dnaja4,3,4
Gm42957,4,4
Ppp1r3e,4,3
Npc1l1,5,2
Zfp521,6,1
Lratd1,7,0
Pcdhb10,2,5
Angptl4,0,7
Rtl1,5,2
Chst1,6,1
A330040F15Rik,3,4
Tnfaip3,5,2
Lrig3,5,2
Rasgrp4,3,4
Galnt15,2,5
Dmkn,3,4
Tshr,3,4
Rasgef1c,4,3
Thpo,3,4
Slamf9,1,6
Tmem45a,2,5
Rmdn2,5,2
Prss57,7,0
Dclk3,5,2
Tll2,3,4
Lrch1,4,3
Zfp300,6,1
Stap2,5,2
Il33,4,3
Pnma1,5,2
Magea10,4,3
Cmtm5,5,2
Fam221a,4,3
Iqcd,0,7
Wfikkn1,4,3
Xylt1,7,0
Lrrc17,6,1
Parp14,4,3
Adamtsl4,5,2
Oas1c,6,1
Hoxa7,6,1
Fam186b,0,7
Cilp,1,6
Col15a1,3,4
Mfng,3,4
Galnt10,5,2
Runx1,5,2
Rgs20,3,4
Ptprc,3,4
Gm19935,3,4
Ttc36,4,3
Retreg1,5,2
Tnfrsf4,6,1
Fat4,5,2
Rhoj,6,1
Grin3b,4,3
Arhgap6,3,4
Mmp28,4,3
Amn,4,3
Car9,3,4
Prr9,5,2
Lcat,4,3
Gpr4,4,3
Atp6v1b1,4,3
Panx2,3,4
Cyp2j6,3,4
Nalf1,4,3
Atp10a,5,2
Phyhip,2,5
Pcdhb5,7,0
Npff,4,2
Krt19,6,1
Smim17,5,2
B3gnt4,2,4
Gm20662,3,4
Gm43191,6,1
Trpc2,4,2
Ggnbp1,4,2
Nrros,3,3
Kremen2,2,4
Zfp970,4,2
Pcdhb3,4,2
1700028J19Rik,4,2
H3c10,5,2
Tubb4a,4,2
Prnd,3,3
Zfp968-ps,4,2
Zfp988,4,2
H4c1,5,2
Slc25a18,3,3
Lrrc23,4,2
Slc25a13,5,1
Abcg1,4,2
Nlgn3,4,2
Tbxa2r,3,3
Pttg1ip2,3,3
Icam1,3,3
Foxo1,5,1
Galnt4,6,0
Arsj,6,0
Cmklr2,2,4
Nphs1,4,2
Pappa,5,1
Gm826,4,2
Pacrg,3,3
Trp63,2,4
Fscn2,1,5
Mst1,1,5
Mcc,6,0
Kcnk2,5,1
Mdfic,3,3
Kcnk6,5,1
A530016L24Rik,0,6
Mroh8,5,1
Hpx,4,2
Psd3,4,2
Tspan11,4,2
Ano3,3,3
Ston1,4,2
Nos1ap,5,1
Rhof,4,2
Efhc2,4,2
Ihh,6,0
Gm16253,4,2
Drd4,3,3
Nkd2,6,0
Chst8,5,1
B3gnt8,4,2
Fgf14,4,2
Ptpn6,4,2
1700003F12Rik,6,0
Mageb6b1,3,3
Ccl8,6,0
Tmem82,2,4
Apcdd1,1,5
Gabre,6,0
Tbx15,3,3
Gsc2,4,2
Unc13d,4,2
Dlk1,5,1
Loxl4,4,2
Kash5,4,2
Tnnt2,2,4
Ifi203,3,3
Oxt,3,3
Calr3,5,1
Igf2bp3,1,5
Mcmdc2,3,3
Pkhd1,5,1
Edn2,2,4
Gata6,4,2
Gm28041,1,5
Pag1,5,1
Rcsd1,2,4
Spsb1,3,3
Sytl1,6,0
Cfap221,6,0
Ascl4,4,2
Spata13,2,4
Ccdc39,5,1
Gstt2,2,4
Exoc3l2,3,3
Dnah14,4,2
Atp6v0a4,6,0
Srpx2,3,3
Gm15080,4,2
Ptpn18,2,4
Baiap3,4,2
Cd80,5,1
Nnat,2,4
Fhl4,2,4
Slc23a3,6,0
Hoxa5,4,2
Vgll3,6,0
Mcoln3,3,3
Tyrobp,0,6
Adamtsl3,2,4
Syk,5,1
Dennd2c,5,1
Obscn,5,1
Cmtm8,2,4
Nox4,5,1
Mageb6b2,3,3
C1ql4,3,3
Xcl1,5,1
Tmem140,3,3
Adcy4,4,2
Fxyd4,3,3
Dbil5,2,4
Crygn,4,2
Slc5a5,4,2
Klc3,3,3
Rin2,6,0
Milr1,6,0
Zmynd12,3,3
Plpp3,5,1
Gpr132,0,6
Spatc1l,2,4
Tbr1,6,0
Fmn1,4,2
Zcchc24,3,3
Cyp2d22,4,2
Cacng5,1,5
Rrh,3,3
Ppef2,2,4
Cend1,4,2
Zc3h12b,4,2
Ccl27al,2,3
Gm29094,4,2
Gm5799,4,2
Gm2012,1,4
Gm2381,2,3
Gm14308,3,2
Trim12c,4,1
Acot10,4,1
Epo,4,2
Gm49380,3,2
Myl4,4,2
Ano4,3,2
Gm42669,4,2
Trpc6,4,2
Sgcd,2,3
Zfp607a,3,2
Hsf4,3,2
Aire,1,4
Car5a,2,3
Hipk4,3,2
Fam237b,4,1
Kcnq4,0,5
Nnmt,2,3
Kctd19,3,2
Emilin2,3,2
St3gal6,3,2
Cspg4,2,3
Gm11837,4,1
Vmn1r112,3,2
Fam149a,3,2
Slc6a13,2,3
4930503E14Rik,3,2
Degs2,5,0
Itga11,3,2
Paqr8,3,2
Ntng2,2,4
Ctrl,4,1
Itgb8,2,3
Lekr1,5,0
Gm28040,3,2
Aldh3a1,4,1
Rnf113a2,1,4
Vpreb1a,2,3
Cpne8,2,3
Vmo1,3,2
Prr15,2,3
Nrap,1,4
Klf1,3,2
Plac9,4,1
Fam83e,5,0
Lrp1b,3,2
Fhod3,5,0
Psg16,4,1
Megf11,2,3
St6galnac2,2,4
Perp,4,1
Fbxl21,3,2
Efcab5,3,2
Chst5,3,2
D130043K22Rik,2,3
Depp1,1,4
Prdm8,3,2
Tcea3,3,2
Prdm1,3,2
Enpp6,4,1
Spdye4a,4,1
Teddm2,4,1
Phf11c,5,0
Arhgap27,2,3
Ctcfl,2,3
Ttll13,5,0
Pmfbp1,3,2
Ticam2,2,3
1110032F04Rik,2,3
H2-Oa,2,3
Prom2,0,5
Gcnt4,3,2
Tnni2,1,4
Hunk,5,0
Fbp2,2,3
Hsf2bp,3,2
Mmp9,4,1
Vmn1r157,3,2
Hpn,3,2
Anxa8,5,0
Cubn,2,4
Myoc,2,3
Dnah2,2,3
Myom1,4,1
Pon2,1,4
Gm13398,5,0
Grxcr2,4,1
Gm49358,2,2
Ntsr1,2,3
Ppfia4,4,1
Smim33,3,2
Edn3,4,1
Gm20661,3,2
Chst2,3,2
Susd1,1,4
Rasl12,5,0
Mfsd9,2,3
Plek2,5,0
Sh3d21,4,1
Lrrtm1,2,3
Vwa3a,5,0
Ssmem1,2,3
Man1a,2,3
Slc4a11,2,3
Dtna,3,2
Bicc1,5,0
Slc16a9,2,3
Prelp,4,1
Bcl6b,3,2
Pla2g3,4,1
Apol8,5,0
Tmem150b,4,1
Tdrd9,5,0
Twist2,3,2
Pdzrn4,3,2
Pcdhb9,3,2
Pram1,4,1
Rilp,1,4
Tor4a,2,3
Sema3b,3,2
Ggt1,2,3
Prss22,2,3
Cep295nl,2,3
Npas1,3,2
Il1r1,3,2
Otop1,1,4
Elf3,2,3
Sema5b,3,2
1700067K01Rik,3,2
Phkg1,3,2
Fmod,3,2
Smim41,2,3
Nxph3,1,4
Tmem59l,4,1
Gm38303,1,4
Apol10b,1,4
Il17re,3,2
Cemip,1,4
Dok3,4,1
Nlrp6,4,1
Pld1,4,1
Rhox3g,3,2
Zfp612,3,2
Cpne9,4,1
Acsbg1,2,3
Zim1,0,5
Mfsd2b,1,4
Nscme3l,3,2
C130050O18Rik,5,0
Cfap91,2,3
Styxl1,4,1
Gm43517,2,2
Kirrel3,4,1
Nedd4l,3,2
Ahr,3,2
Ehd3,3,2
Lynx1,4,1
Mcoln2,3,2
Kcnj11,4,1
Vmn1r132,3,2
Adgrl3,4,1
Oacyl,4,1
Skor1,1,4
Pramel3b,3,2
Adam1a,3,2
C4b,2,3
Zfp114,3,2
H2bc14,2,2
Or8b40,2,3
H3c8,4,1
H2-T13,5,0
Cdc5lrt10,3,2
Cdc5lrt7,3,2
Prl2c5,4,0
Gm10487,1,4
Gm4836,1,4
a,2,2
Tsx,4,1
H2bc7,4,0
H2ac22,3,1
Cks1brt,0,4
Ccdc121,2,2
Aurkc,3,2
H2bc12,2,2
H4c6,1,3
Paqr5,4,0
Cdc5lrt9,3,2
Gm14408,2,3
Gm17655,2,2
Gm2897,3,1
Glipr1l1,1,3
Dynlt5,3,1
Chct1,1,3
Tlr3,3,1
Fcgr3,1,3
Tdo2,1,3
Ccdc142,3,1
Slc1a3,3,1
Gcnt1,1,3
Fgf10,1,3
Tmt1b,2,2
Kiss1,2,2
Lmod1,3,1
Eps8l2,3,1
Myo1h,3,1
Atp2a1,4,0
Catip,4,0
Cyth4,2,2
Pkd1l2,2,2
Bfsp2,3,1
Otog,1,3
Dram1,3,1
Pinlyp,3,1
Slc39a2,4,0
Ascl1,2,2
Abca5,4,0
Slit1,2,2
Trarg1,1,3
Lcp1,2,2
Slc49a3,2,2
Vrk2,3,1
Fam227a,4,0
Gpbar1,3,1
Ppargc1a,1,3
Tex54,4,0
Usp17la,1,3
Dnmbp,2,2
Rarres2,1,3
9230112D13Rik,2,2
Chrm3,1,3
Garin2,1,3
Pdlim4,2,2
Fv1,2,2
Plcb2,1,3
Pdgfrl,2,2
Asic3,4,0
Gm3558,3,1
Slpi,2,2
Dock1,4,0
Ccn3,3,1
Rpp25,1,3
Nell2,4,0
Styk1,3,1
Slco2a1,1,3
Ct45a,1,3
Hcls1,2,2
Gdf7,3,1
Esm1,2,2
Alox8,3,1
Ntf3,2,2
Atp8b3,3,1
F11r,3,1
Abi3,4,0
Majin,3,1
Fam20c,2,2
Myo5c,2,2
Ebf1,3,1
Tex50,0,4
Slc9b1,3,1
Spdya,3,1
Nr1i3,3,1
Kynu,3,1
4933411K16Rik,2,2
Baat,4,0
Gypc,4,0
Slc24a1,3,1
Rskr,3,1
Gdf6,3,1
Ffar2,2,2
Arhgap18,2,2
Prkch,3,1
Palm3,2,2
Igsf23,2,2
Ly6g6c,4,0
Nhlh1,2,2
Apom,4,0
Pnoc,2,2
Ubap1l,0,4
Colec11,2,2
Eepd1,2,2
Fgf20,1,3
Ptpn22,2,2
Casq2,1,3
Gm7694,3,1
Slc7a2,3,1
Ak5,1,3
Pld4,3,1
Plcxd1,4,0
Adamts17,3,1
Or10d4b,1,3
Tcstv1a,1,3
Ptprt,1,3
Pmel,3,1
Vps26c,3,1
Or9k7,2,2
Fam83h,4,0
Itgae,3,1
Tifa,1,3
Ngef,4,0
Scgb1c1,1,3
Cnksr3,2,2
Ccdc169,3,1
Postn,2,2
Tceal7,2,2
4930590J08Rik,3,1
Ngb,2,2
Amh,3,1
Efcab9,2,2
Sema4f,2,2
Tal2,2,2
Stkld1,3,1
Foxf1,2,2
Tmed6,4,0
Sox2,3,1
Pcdhb13,1,3
Hsh2d,2,2
Ccn6,2,2
Abcc4,3,1
Egr3,4,0
Cby3,3,1
Serpinb6b,3,1
Hic1,3,1
Grem1,3,1
Fbxo48,2,2
Dapp1,4,0
Erfe,1,3
Elapor1,1,3
Cxcr4,4,0
Epcam,1,3
Fam209,4,0
Pax9,2,2
Or8g34,2,2
Pex11a,2,2
Dcst2,3,1
Apol7a,2,2
Barhl1,4,0
Cped1,2,2
Nox1,2,2
Taf7l,0,4
Tprg1,2,2
Gm38392,3,1
Avp,3,1
Thsd1,1,3
Fgf22,0,4
Mboat4,3,1
Inpp5j,1,3
Rnf135,2,2
Frem1,2,2
Grep1,4,0
Osmr,2,2
Pdzrn3,3,1
Gm550,4,0
Spata33,2,2
Trim80,3,1
Vegfc,3,1
Adcy2,1,3
Fzd9,1,3
Gm3336,1,3
Csl,4,0
1700001J03Rik,0,4
Magea14,1,3
Trim40,1,3
Sptbn2,2,2
Slc45a1,3,1
Kcnk7,3,1
Magea4,4,0
Srms,0,4
Cyp27a1,2,2
Gjd3,1,3
Tmc7,3,1
Fbxo47,1,3
Mc1r,2,2
Cd79a,4,0
Nefm,3,1
Tgfa,3,1
L3mbtl1,2,2
Hoxa10,3,1
Gpa33,1,3
Ptges,3,1
S1pr1,1,3
Insl5,2,2
Kirrel2,2,2
Gpx2,4,0
Scn11a,3,1
Atp2c2,4,0
Ang2,4,0
4921536K21Rik,3,1
Dock8,3,1
Wfdc1,2,2
Pga5,1,3
Cabp7,1,3
Cryl1,3,1
Lrrk2,3,1
Mab21l3,2,2
Dab1,4,0
Kcnj4,2,2
Agr2,2,2
Insrr,4,0
Sprr2f,2,2
Ism2,3,1
Cd3e,2,2
Zfp185,1,3
Gm3752,3,0
Rpl27rt,3,1
H3c11,2,2
Rhox4c,3,1
Eif4a3l1,2,2
Gm7233,3,1
H2-Q4,2,1
H2-T15,2,2
Prn,3,1
Zfp998,1,3
Scn1a,2,1
Chrdl2,1,2
1700019D03Rik,2,2
Ly6c2,2,1
H2bc3,2,1
Tmsb15l,2,2
C2cd6,3,0
Nlrc3,3,0
Or2aj5,1,2
Akr1c19,2,1
Abca4,2,2
Creb5,2,2
Spata31g1,2,1
Esp31,2,1
Gm5798,2,2
Gm8011,2,2
Tmsb15b1,2,2
Ccr2,2,2
Gsta13,3,0
H2ac21,2,2
1700028K03Rik,0,4
Zfp978,1,2
Cd1d2,3,0
Xaf1,3,0
Rex2,3,1
H2-Q5,3,0
Aldh8a1,2,1
Gm2007,2,1
Pde6g,2,1
H2bc13,2,1
Gm14406,2,2
Cldn34c2,2,2
Ift70a2,3,0
Gm14401,2,1
Zfp600,2,1
D430041D05Rik,3,0
Kcnu1,1,2
Gm6408,2,1
Hoxa3,2,1
Slc15a3,2,1
Sp140,3,0
Cldn23,1,2
Tac2,0,3
Col23a1,1,2
Mrgprf,1,2
Clcn1,0,3
Brinp3,2,1
Sugct,0,3
Pappa2,2,1
Lta,2,1
S1pr5,3,0
Itih2,3,0
Thbs2,3,0
4933405L10Rik,3,0
Tmem154,3,0
Pla2g2c,0,3
Dusp18,1,2
Ccdc125,2,1
1700093K21Rik,3,0
Adh7,2,1
Tmem178,3,0
Nkpd1,1,2
Nostrin,0,3
Egr2,0,3
Tnni3,1,2
Dsp,2,1
Slc38a5,2,1
Esrp2,2,1
Trpc7,1,2
Tmc3,2,1
Rnase10,1,2
Gbp2,1,2
Hal,2,1
Smim22,2,1
Slc25a2,2,1
Misfa,0,3
Sp140l2,0,3
Clic3,2,1
Adgrg1,2,1
Upk1b,1,2
Phyhipl,2,1
Foxa3,3,0
Evc,2,1
C1ra,3,0
H2ac13,2,1
Abhd3,1,2
Plin5,1,2
Eci3,2,0
AI182371,0,3
Epsti1,1,2
Morc2b,2,1
Otos,2,1
Rab37,2,1
Msantd5l,2,1
Slc17a4,1,2
Fgfr4,1,2
Ak7,1,2
Selp,3,0
Neurog2,2,1
Cct6b,1,2
Irx2,2,1
Il17f,1,2
Duox1,2,1
Stra6l,2,1
Spdef,0,3
Sele,2,1
Ikzf1,2,1
Cnksr1,1,2
Noxred1,2,1
Tmem35a,1,2
Kcnj13,1,2
Mertk,2,1
Abcc8,2,1
Fbp1,1,2
Col14a1,1,2
Jchain,1,2
Col11a1,2,1
Rtp2,1,2
Cyp4f40,2,1
Tmem238l,3,0
Notch4,2,1
Shroom1,0,3
Arnt2,1,2
1810049J17Rik,2,1
Dkk2,3,0
Pcdhb2,2,1
Crygs,2,1
Rnf128,1,2
Vmn2r18,3,0
Gm30191,2,1
Cimap1c,1,2
Slfn4,2,1
Ddx4,2,1
Ifit3b,2,1
Aipl1,2,1
Zglp1,0,2
Adam32,2,1
Rin3,2,1
Sytl3,3,0
Ccdc13,1,2
Foxf2,1,2
Kctd14,1,2
Fli1,2,1
Sprr2a2,1,2
Cybrd1,2,1
Slc18a2,3,0
Nxnl2,2,1
Lpcat2,2,1
Fank1,2,1
Armcx6,1,2
Afap1l2,2,1
Tnfaip6,1,2
C1rl,2,0
Hoxd11,2,2
Il7,0,3
S100a9,0,3
Cxcl5,2,1
Mei1,3,0
Lmcd1,2,1
Hes3,3,0
H2-T9,2,0
Drc1,3,0
Cpa5,1,2
Mroh2b,2,1
Slc2a13,2,1
Sfn,0,2
Clec14a,3,0
Meox1,2,1
Timp4,2,1
Naip5,0,3
Khdrbs3,2,1
Adamts7,2,1
Clhc1,3,0
Naalad2,3,0
4930523C07Rik,3,0
Cldn1,3,0
Podnl1,2,1
Efhd1,3,0
Vash1,2,1
Grifin,1,2
Fut7,2,1
Lrrc71,2,1
Lvrn,0,3
Slc39a4,2,1
Col27a1,3,0
Klhl40,2,1
1700123K08Rik,1,2
Macc1,3,0
Nlrp4e,1,2
Slc22a29,2,1
Tgtp1,2,0
St3gal1,1,2
Grik3,2,1
Plscr2,3,0
Gcsam,0,3
Flt1,2,1
Pkhd1l1,2,1
Chrm2,2,1
Rbp7,2,1
Gm15155,1,2
Tns4,1,2
Gfap,3,0
Ces2g,1,2
Hgd,2,1
C2cd4b,3,0
Shcbp1l,0,3
Stox1,2,1
Adam30,3,0
Wdr20rt,2,1
Tspan8,1,2
Aspn,2,1
Zbtb16,1,2
Tshz3,1,2
Lrrc66,2,1
Prr35,1,2
Prr22,1,2
Muc1,3,0
Best2,3,0
Lepr,0,3
Padi2,1,2
Zmynd15,2,1
Zfp558,1,2
Chdh,2,1
Lgals2,1,2
Tacr2,3,0
Efhb,2,1
Pin1rt1,3,0
Nme5,1,2
Xkrx,3,0
Gpr85,0,3
Asprv1,0,3
Aox2,1,2
Ttc39d,2,1
Necab2,1,2
Tmem171,2,1
Zcchc3,2,1
Tmprss9,1,2
Aifm3,2,1
Tmem200b,3,0
Pate13,2,1
Pwwp3b,2,1
Calhm5,3,0
Fancd2os,1,2
Sprr2a1,1,2
Serpinf2,2,1
Gm4787,2,1
Tnfrsf8,2,1
Syt13,1,2
Tbc1d30,2,1
Prdx6b,1,2
Pcp2,0,3
Srsf8,2,1
Rgcc,0,3
Bcl3,2,1
Alpk1,3,0
Eva1b,0,3
Bcam,2,1
Ttc6,2,1
2200002D01Rik,1,2
Crb3,1,2
Abca16,2,1
Ecm2,2,1
Itgb3,3,0
Sirpa,2,1
Rhox3c,3,0
Krt83,3,0
Bhlhe22,1,2
Krt222,2,1
Gapdhrt,1,2
Foxc2,2,1
Ecscr,0,3
Igbp1b,2,1
Nup210l,3,0
Slc35d2,2,1
Cpq,1,2
Krt6a,2,1
Prl2c1,2,1
Bglap2,1,2
H4c12,2,1
Gm6121,1,2
Gm14525,2,1
Gm17067,2,1
Pp2d1,2,1
Rslcan18,1,1
Hspa1l,2,0
Cdc5lrt1,1,1
Cdc5lrt4,1,1
H2ac12,2,1
H3c2,2,1
Krt90,1,2
Asb5,2,0
Apol9a,2,1
Uba1y,2,0
St8sia4,2,0
Mia,2,0
Me3,2,0
Tuba3b,0,2
Poln,1,2
Ccl17,2,1
H1f6,2,0
Vwce,2,1
Srpx,0,2
Cdhr4,2,1
H2bc22,1,2
Ptcra,2,1
9930111J21Rik2,2,0
Vmn2r11,2,0
Akr1c6,2,0
Cyp4f37,2,1
T2,2,0
Gsta1,2,0
Tomt,2,1
Ceacam1,1,1
Krt85,2,0
Gm10406,2,0
Gm3411,2,0
Flacc1,2,0
H2-Q7,1,1
Ccl27b,1,1
Gm44965,1,2
Zfp968,2,0
Gm14444,1,1
Lrrc14b,1,1
Rdh9,2,1
Gstm3,1,1
Serpinb1c,2,0
Pkp3,0,2
Rtp4,0,2
Ppp1r42,1,1
Saxo5,2,0
Apobec1,1,1
Gpx7,1,1
Prr33,0,2
Cdh26,1,1
Myh11,0,2
Zfp791,0,2
F2,0,2
Ces1h,1,1
Fam24b,0,2
Serpinb2,2,0
Ripor2,2,0
Has2,2,0
Ar,1,1
Akr1cl,2,0
Fgl1,1,1
Klk8,1,1
Npas4,2,0
Cdh5,1,1
Fbxo15,2,0
Csmd3,1,1
Sall1,2,0
Selplg,2,0
Msantd5,2,0
Il18,2,0
Nat8f2,2,0
Efcab8,2,0
H2-DMb1,2,0
Tgtp2,2,0
Aqp6,2,0
Ifih1,2,0
Ssu2,1,1
Gbp2b,2,0
Tspoap1,2,0
Gm4984,0,2
Sult2b1,1,1
Lsmem1,2,0
Crtam,0,2
Slc22a13b,2,0
Tmem54,0,2
Slc36a2,1,1
Pla2g5,0,2
Fsip2l,0,2
Cd101,2,0
Tc2n,1,1
Wnt1,2,0
Tbx4,1,1
Pcdh10,1,1
Gm1527,0,2
Cfap57,2,0
Sla,1,1
Odad1,2,0
Wnt7b,2,0
H2-Aa,2,0
Myo1f,2,0
Hs3st3b1,2,0
Slc25a34,0,2
Fhip1a,1,1
Gprc5c,1,1
Tnr,0,2
Ccdc160,1,1
Msh4,2,0
Crabp1,1,1
Crct1,1,1
Ppp1r27,1,1
Zcwpw2,2,0
Txk,2,0
Fmn2,2,0
Wnt10a,0,2
Axdnd1,0,2
Trim6,0,2
Ceacam10,1,1
Inhbe,1,1
Cpne6,1,1
Foxr1,0,2
Bricd5,0,2
Zscan10,1,1
Galr3,2,0
Ttn,0,2
Pdzk1,1,1
2310057J18Rik,1,1
Wnt2,1,1
Ackr4,2,0
Tmem184a,2,0
Hgf,2,0
Chst3,0,2
Iqub,2,0
Macroh2a2,1,1
Corin,1,1
Inpp4b,0,2
Glp1r,2,0
Fap,2,0
Was,1,1
Plekhs1,0,2
Ccdc17,1,1
Ano9,1,1
Gli1,0,2
Map3k8,2,0
Cabyr,0,2
Lamb3,1,1
Smim38,1,1
Gria1,2,0
Gja6,1,1
Wdr88,1,1
Asgr1,1,1
Plxna2,2,0
Actl7b,1,1
Naip1,2,0
Slc30a3,1,1
Cd3g,1,1
Afp,1,1
Ppl,1,1
Bpifb4,1,1
Erich6,1,1
Cldn4,1,1
Ccn5,2,0
M1ap,1,1
Abcb4,1,1
Creb3l4,0,2
Osr2,1,1
Gli2,2,0
Cd22,0,2
Ifi27l2a,1,1
Rhd,1,1
Abcd2,2,0
Agbl2,2,0
Morn5,0,2
Tmsb15b2,1,1
Rerg,2,0
Htr2b,1,1
Fcer1g,2,0
Col28a1,2,0
Slco1c1,1,1
Ankrd33b,1,1
Cd83,2,0
Slc47a2,1,1
Irx1,0,2
Osm,0,2
Tlr12,0,2
Klhl32,1,1
9130008F23Rik,2,0
Arhgap8,1,1
Tcstv2b,0,2
Zbtb7c,1,1
Acss1,1,1
Slc13a3,2,0
Apoa1,1,1
Gm27235,1,1
4930444P10Rik,1,1
Or4k15,0,2
H2-T5,0,2
Il17b,1,1
Krt80,2,0
AY074887,0,2
Ccdc87,0,2
Duox2,2,0
Dpysl4,2,0
Kcnt2,1,1
Ubd,2,0
Slc35d3,1,1
Acbd7,1,1
Jam2,2,0
Iqcf1,2,0
Col4a6,0,2
Fndc7,2,0
Stx3,2,0
Klhdc9,0,2
Slc39a5,2,0
Rsph14,2,0
Ccdc7b,0,2
Spn,1,1
Kcna7,2,0
Lgals7,1,1
Slurp1,2,0
Pla1a,1,1
Fam228a,0,2
Ttr,2,0
Cmya5,1,1
Lsr,1,1
Slc22a18,2,0
Kcnrg,2,0
Col4a4,0,2
Mnx1,1,1
Rgn,1,1
Plekhg6,1,1
Oxgr1,2,0
Vill,1,1
Prss27,0,2
Hspb2,1,1
Cmah,1,1
Tssk4,1,1
Cfap43,2,0
B3galt5,1,1
Ces5a,1,1
Gm19345,0,2
Otogl,1,1
Angptl1,2,0
Casp4,1,1
Sema3c,2,0
Mroh2a,2,0
AI467606,1,1
Zfp993,1,1
Pcdhb8,1,1
Smim40,0,2
Abca8b,1,1
Gm3858,1,1
Samd3,2,0
Ces2f,0,2
Pou2af3,2,0
Cilp2,2,0
Plcxd2,2,0
Gxylt2,2,0
Plag1,0,2
Thsd4,1,1
Il16,1,1
Pyy,0,2
Spef1l,1,1
Cdkn1c,2,0
Bmp2,2,0
Tceal5,2,0
Spin2c,1,1
Cdhr1,2,0
Adgb,1,1
Ghr,2,0
Gm49318,2,0
Gpr182,2,0
Cd34,2,0
Colec10,0,2
St14,1,1
Pabpc6,2,0
Dlx4,1,1
Smoc2,0,2
Fmo1,2,0
Paqr9,1,1
Strc,0,2
Car8,2,0
Arhgap24,0,2
Rarb,2,0
Fam227b,0,2
Comp,1,1
S1pr3,2,0
Slc39a8,1,1
Tmem202,2,0
Ciita,1,1
Adam21,1,1
Snca,1,1
Galnt16,0,2
Ndst3,1,1
Dnai3,1,1
4933424G06Rik,0,2
Hapln2,1,1
Foxs1,1,1
Or8b12,0,2
Tceal3,2,0
Mypn,1,1
Kcne4,2,0
Cdiptos,1,1
Impg2,1,1
D7Ertd443e,2,0
Spata6l,2,0
Nog,2,0
Cltrn,1,1
Dnaaf1,2,0
Krbox5,1,1
Gcnt3,2,0
H2-Q1,1,1
Tmem253,0,2
Trim69,2,0
Myl1,1,1
Nefl,2,0
Gsg1l,1,1
S100a8,2,0
Kpna7,0,2
Klhl13,1,1
Gpc3,2,0
Saa2,0,2
Psca,1,1
Il9r,1,1
Omd,2,0
Rimklb,2,0
Tbc1d2,2,0
Nmrk2,1,1
Nek11,2,0
Cyp4f14,2,0
Fam83g,2,0
Shfl,2,0
Arhgap29,1,1
Boc,2,0
2410137M14Rik,1,1
Has1,0,2
Fbxl13,2,0
Tnni3k,1,1
Gm1123,1,1
Hoxb8,1,1
Saa1,1,1
Ifit2,2,0
Or2w25,1,1
Mall,1,1
Prdm12,0,2
Gm867,1,1
Adig,1,1
Mslnl,1,1
Nfe2,0,2
Ndp,2,0
Xirp2,1,1
Cyp11a1,1,1
Clec3b,1,1
Fam229a,1,1
Prdm5,2,0
Ripk3,1,1
Hand1,1,1
Mx1,0,2
Arhgap44,1,1
Tox3,2,0
Rab20,2,0
Zfp969,2,0
Rlbp1,0,2
Pdzd2,1,1
Mycbpap,2,0
Nyx,1,1
Zfp429,1,1
Serpine3,0,2
Acot1,0,2
Spock1,1,1
Galnt13,1,1
Cachd1,0,2
Ccm2l,1,1
Tnfrsf17,2,0
Grik2,1,1
Gm3371,2,0
Ttyh1,1,1
Irf7,2,0
Cdh1,0,2
Or8b48,1,1
Chrm4,0,2
Plau,1,1
Rdh12,1,1
Kcne5,0,2
Dntt,2,0
Kcne2,2,0
Oscar,1,1
Drd2,2,0
Pdgfb,0,2
Tmem182,1,1
Spata45,2,0
Hesx1,2,0
L3mbtl3,1,1
Spata31d1e,1,1
Ankrd7,1,1
Robo1,0,2
Kcnq3,1,1
Zscan5b,2,0
Msx2,1,1
Cfi,0,2
Inpp5d,0,2
Camp,2,0
Fndc11,0,2
Tbx21,2,0
Pax4,1,1
Zfp804a,1,1
Cyp2d26,1,1
Slc44a3,2,0
Fmo5,1,1
Gulp1,1,1
Acox2,1,1
Odf4,1,1
Nrip3,0,2
Slc6a5,2,0
Btc,2,0
Ucn,0,2
Stk26,1,1
Synpo2l,1,1
Gad1,2,0
Gpr84,1,1
Capn9,2,0
Spata20,0,2
Mb,1,1
Tnfrsf26,1,1
Plscr1l1,2,0
Tcf21,2,0
P2rx5,1,1
Fas,2,0
Ucn2,1,1
Cd52,0,2
Nuak2,2,0
Des,1,1
Pced1b,2,0
Sp100,0,2
Lrrc4c,0,2
AU021092,0,2
Ccdc175,2,0
Ccdc180,2,0
Acr,1,1
Defb30,1,1
SMIM46,0,2
Kbtbd12,2,0
Mfsd4a,2,0
Gm2832,2,0
Peli2,1,1
Eif1ad15,2,0
H2bc15,0,2
Rnf7l,2,0
Bglap,0,2
H2-T3,2,0
Zfp987,0,1
Or1n2,1,0
9930022D16Rik,2,0
Gm49661,0,1
Gm26992,2,0
Vmn2r110,2,0
Ifitm5,2,0
C1s1,0,2
Mtrnr2l7,1,0
Catsperg2,1,0
Gm49366,0,1
Irgc,1,0
Serpinb9f,0,1
Khdc3,2,0
Gm52968,2,0
Fabp3,0,1
Trpa1,0,1
Acot3,0,1
Gm20479,2,0
Gmfg,1,0
Aldh1a1,2,0
Ctag2l1,2,0
Cdh10,1,0
Tpgs2,2,0
Mapk15,0,2
Acsf2,2,0
Apol9b,2,0
Prss53,2,0
Vmn2r1,1,0
Lhb,1,0
Rhox4f,1,0
Ntn1,1,0
Spon2,0,2
Fgf2,0,1
Dnmt3c,0,1
Ceacam2,1,0
Krt6b,1,1
Slco1a6,0,1
Or6c208,0,1
Lamp3,0,1
Ctag2l2,1,0
Exph5,1,0
Gm45021,0,1
Bglap3,1,0
Krt16,1,0
Zfp980,1,0
Tmem117,1,0
Magea8,1,0
Il31ra,1,0
Marveld2,1,0
Lrrc8e,0,1
H4c3,0,1
Lct,1,0
Or10q3,1,0
Ppp1r2-ps1,1,0
Pramel7,1,0
Vmn2r3,0,1
Rdh16f1,0,1
Cldn34c5,1,0
Gm37388,0,1
Or2w1b,0,1
Ifitm7,1,0
Cldn34c6,0,1
Rhox4d,1,0
Cel,0,1
Klhl41,1,0
Tssk1,0,1
Gm3002,1,0
Adgrg5,0,1
Pirb,1,0
Dthd1,1,0
Lmntd1,0,1
Iqch,1,0
C1qtnf7,1,0
Chrdl1,1,0
Emx2,1,0
Pon1,1,0
Bmp6,0,1
Il18rap,0,1
Or52b2,0,1
Zcchc13,1,0
Gm6133,0,1
Arx,0,1
Zscan4-ps3,1,0
Mroh7,0,1
Bmp5,1,0
Dlgap2,1,0
Slc3a1,0,1
Cpne7,0,1
Or10ag59,1,0
Casq1,0,1
Akr1c14,1,0
Tmem95,1,0
Oaz3,1,0
Larp6,1,0
Grid2,1,0
Vmn1r43,1,0
Ren1,0,1
Ccl12,0,1
Sprr2b,0,1
Ptprh,1,0
Nol4,1,0
Mettl21c,1,0
Gpr62,0,1
Rspo3,1,0
Pla2g7,0,1
1700024G13Rik,0,1
Sh2d4b,1,0
Tafa5,1,0
Stap1,1,0
Gm20379,1,0
Ccdc60,0,1
Adam4,1,0
Usp17lc,0,1
Ptprz1,0,1
Upk3bl,1,0
Gna15,1,0
F12,0,1
Gpm6a,0,1
Napsa,0,1
Gdnf,0,1
Dnaaf11,1,0
Nanog,0,1
Lbx1,1,0
Mstn,1,0
Cwh43,0,1
Ccl20,0,1
Vwa3b,1,0
Tmem98,1,0
Kcnd3,0,1
Ubl4b,1,0
Adamts8,0,1
Sh3rf3,1,0
Ctsw,1,0
Cdcp1,1,0
Il12rb1,1,0
Lcp2,0,1
Nlrp12,0,1
Akr1c20,0,1
Fam184a,0,1
Gpr142,1,0
Gm19684,1,0
Plcd4,0,1
Duoxa1,0,1
Stab2,1,0
Fcgbp,0,1
Slx,1,0
Crb1,1,0
Lipm,1,0
Capns2,1,0
Col8a2,1,0
Klra17,1,0
Unc93a2,0,1
Gabbr2,1,0
Cyp2ab1,1,0
Ang4,1,0
Iqank1,1,0
Fgr,0,1
Gh,1,0
Gfral,0,1
Baiap2l2,1,0
Sit1,1,0
Nwd2,0,1
Tekt5,1,0
Cd200r1,1,0
Rgs6,0,1
G6pd2,1,0
Barx2,1,0
Gpr35,0,1
Zfp618,1,0
Hsd17b13,1,0
Nrgn,0,1
Panx3,0,1
Yipf7,1,0
Trpv6,1,0
Spata16,0,1
Gltpd2,1,0
Gm42906,0,0
Lrrc39,1,0
Nkx6-2,1,0
Cdhr3,0,1
Eomes,0,1
Gm12185,0,1
Rnf227,1,0
Tssk3,0,1
Bhlha15,0,1
Tex36,0,1
Or2k2,0,1
Aoc3,1,0
Npy2r,1,0
Or4x18,1,0
Fga,1,0
Lypd1,1,0
Lair1,0,1
Retn,1,0
Cldn6,0,1
Ttc34,1,0
C3ar1,1,0
Mbnl3,1,0
Iqca1l,1,0
Gpr39,1,0
Papss2,0,1
Cldn25,1,0
Kcnj6,1,0
Dach2,0,1
Carlr,0,1
Scara3,0,1
Scnn1b,0,1
Lratd2,0,1
Frmd7,0,1
Gm28044,0,1
Prr16,1,0
Plce1,1,0
Stxbp6,0,1
Rasgrp1,1,0
Crym,0,1
Zfp986,1,0
Rassf5,1,0
Ifi44,1,0
Scel,1,0
Tbx18,0,1
Ifit1,1,0
Acoxl,1,0
Prss8,0,1
Slfn2,1,0
Lipo2,1,0
Sptbn5,1,0
Atp8a2,1,0
Cdh17,0,1
Spns3,1,0
Raet1e,1,0
Slc35g3,1,0
Tpd52l1,0,1
Csta1,1,0
Cst8,1,0
Hnf4a,0,1
Zc2hc1b,0,1
Scnn1g,0,1
Synpo,1,0
Itgam,1,0
Ralyl,0,1
Cryba4,1,0
Minar1,1,0
Dnajb13,0,1
Sgo2b,1,0
Ncf4,1,0
Egflam,0,1
Rtl4,1,0
Asb11,1,0
Map2k6,1,0
Pth2,1,0
Gm8247,0,1
Serpina10,1,0
Gpr158,1,0
Cxcr3,1,0
Prss56,1,0
Ascl2,1,0
Adamts2,1,0
Timm8a2,1,0
Kncn,0,1
Gp5,1,0
F11,0,1
Hydin,0,1
Frmpd4,1,0
Kbtbd6,1,0
Ces1f,0,1
Aass,0,1
Pde3b,1,0
Or8g50,0,1
Cldn9,1,0
Ankrd35,0,1
Lgi4,0,1
Hoxc13,0,1
Klk1b3,1,0
Msc,1,0
Hspb9,0,1
Apoc1,1,0
Tbx19,0,1
Tfpi2,1,0
Actn3,1,0
Ninj2,0,1
Gm21411,1,0
Tmem255b,1,0
Dhrs2,1,0
Muc4,1,0
Gm28729,0,1
Slc30a2,1,0
Styxl2,0,1
Pip5k1b,0,1
4930558K02Rik,1,0
Gpr18,1,0
Or2b6,0,0
Trim63,0,1
Zfp989,1,0
Serpina1d,0,1
Or51r1,1,0
Rnf144a,1,0
Rab27b,1,0
Catspere1,1,0
Umodl1,1,0
Hs3st4,1,0
Mtarc1,0,1
Tcstv2c,0,1
Meig1,0,1
Eqtn,1,0
Or2y1g,1,0
Or51f1,1,0
Or9k2b,1,0
Pax3,0,1
Vmn1r60,0,1
Foxp2,1,0
Slc12a3,1,0
Gabrr2,0,1
Ucp1,1,0
Asb4,0,1
B3gnt6,0,1
Erich3,1,0
Or2n1e,1,0
Pax2,1,0
Iqcf5,0,1
Col25a1,1,0
Sbk2,1,0
Arg2,1,0
Zfp999,0,0
Kyat3,1,0
Cracr2a,1,0
Ggt6,1,0
Tmem275,0,1
Rasal3,0,1
Dhrs3,1,0
Dcn,0,1
1600025M17Rik,1,0
Grap,0,1
Gnai1,0,1
Pde6b,1,0
Tekt4,0,1
Gpr27,0,1
Sbk3,1,0
Cdnf,1,0
Stag3,1,0
Zc3h12d,0,1
Egfr,0,1
Ccdc27,1,0
Clca2,0,1
Mansc1,1,0
Tex14,1,0
Hrh1,1,0
Vav1,1,0
Pitx2,1,0
Glra1,0,1
Bin2,1,0
Dnah12,0,1
B4galt4,1,0
Cfap299,1,0
Ace2,1,0
Serpinb9g,0,1
Cryge,1,0
Gm15056,1,0
Clic5,1,0
Tac4,1,0
Bspry,1,0
Selenop,1,0
Mfap4,1,0
Pls1,1,0
A930018P22Rik,0,1
Trpv4,0,1
Il31,1,0
Or5m5,1,0
Tcstv1b,0,1
Aldh3b2,0,1
Cacnb2,0,1
Cntn5,1,0
Atp2b2,0,1
Pjvk,0,1
Pdia2,1,0
Fmr1nb,1,0
Inhbc,1,0
Shisa9,1,0
Hsd17b2,1,0
Gpr179,0,1
Zfp582,0,1
Fbll1,1,0
Mmel1,1,0
Lyz1,0,1
Slfn14,1,0
Btnl10,0,1
Aldh3b3,0,1
Gm20547,1,0
Rab25,0,1
Prl7d1,1,0
Plppr4,0,1
Cma2,0,1
Tlr5,1,0
Fam217a,1,0
Zfp109,0,1
Esrp1,1,0
Liph,1,0
Usp17lb,0,1
Hvcn1,1,0
Nmnat3,1,0
Ackr2,1,0
Sulf1,1,0
Lect2,1,0
Cyp4b1,0,1
Rimbp3,0,1
Piezo2,1,0
Gm10337,1,0
Or2aj4,0,0
Apol11a,0,1
Gpr12,1,0
Galnt17,1,0
Brinp1,0,1
I830077J02Rik,1,0
Rac2,1,0
Tulp1,1,0
Or10d1b,0,1
Tcstv3,0,1
Oit3,0,1
Hcst,0,1
Atp8b1,1,0
Ghrl,0,1
Mocos,0,1
Sprr2a3,1,0
C1qtnf4,1,0
Rprm,1,0
Raet1d,0,1
Trim38,0,1
Ccdc190,0,1
Fgd5,1,0
Cyp39a1,1,0
Rab26,0,1
Grem2,0,1
Bnipl,1,0
Bmp8a,1,0
Aplnr,0,1
Tnnc2,0,1
Krt42,1,0
Fcer2a,1,0
Cdh4,0,1
Adora2b,1,0
Evx2,0,1
Ptx3,1,0
Apobec2,1,0
Them5,0,1
Enpp2,0,1
Vmn2r60,0,1
Abcb1a,1,0
Ttc16,1,0
Kcna3,1,0
Ankub1,0,1
Creb3l3,1,0
Cxcl16,1,0
Cdhr2,1,0
Csf1r,1,0
Lrcol1,1,0
Itk,1,0
Utf1,0,1
Efcab10,0,1
Ccdc150,1,0
Ptprb,0,1
Casp1,1,0
Defb47,0,1
Tmem262,0,1
Ankrd55,0,1
Hs3st3a1,0,1
Tcfl5,1,0
Pate7,0,1
Gm136,1,0
Fam151a,1,0
Ppp1r3d,1,0
Nccrp1,0,1
Cyp4a12b,1,0
Vmn2r79,0,1
Slco1a5,1,0
Or10n1,1,0
Tas1r1,1,0
Serpina7,1,0
Ccrl2,0,1
Cpb1,1,0
Patj,1,0
Dcx,1,0
Lrrc31,0,0
Tespa1,0,0
Sp110,1,0
Itih5,0,1
A630001G21Rik,0,1
Kcnv2,1,0
Tmem236,1,0
Myo1d,1,0
Akap4,1,0
Cfap53,1,0
Slc16a4,1,0
Zfp296,0,1
Tmem217,0,1
Gpx3,1,0
Rgs17,1,0
Mybphl,1,0
Il22,1,0
Sfrp1,1,0
R3hdml,0,1
Tex22,1,0
Tlx1,1,0
Col9a1,0,1
Ovol1,0,1
Cdh19,1,0
Smim40-ps,0,1
Tgm4,1,0
Rhoh,0,1
Fras1,1,0
Pamr1,0,1
Slc25a21,1,0
Sox13,1,0
Spata24,1,0
Hao1,0,1
Gpr156,0,1
Plaat3,1,0
Il4,1,0
Kcna6,1,0
Tcam1,1,0
Gp6,0,1
Ephx2,0,1
Spata19,0,1
Fbxo24,1,0
Dnmt3l,1,0
Or2y1f,1,0
Epop,0,1
Lce1l,1,0
Nanos2,0,1
Dync1i1,1,0
Gfra4,1,0
Cttnbp2,1,0
Asic5,0,1
4930524B15Rik,0,1
Gckr,1,0
Stra8,0,1
Ushbp1,0,1
Ankrd2,0,1
Slfn9,0,1
Clec2f,0,1
Nlrp4f,1,0
Klhl4,0,1
Ppp1r14d,0,1
Mfsd13b,1,0
Hoxd12,1,0
H2-Eb2,1,0
Ctxn2,1,0
Ptpn5,1,0
Prr29,0,1
Nipal1,1,0
Dnase2b,1,0
B3gnt5,1,0
Gm5935,0,1
Sprr2g,0,1
Plb1,0,1
Prss32,1,0
Kank1,0,1
Il17c,1,0
Kcnh7,0,1
Igsf10,1,0
Fgb,1,0
P2ry14,0,1
Ankrd66,0,1
Top6bl,0,1
Fam83a,0,1
Ftmt,1,0
Gpr119,1,0
Usp13,1,0
Prr19,1,0
Card11,1,0
C8b,1,0
Oxtr,1,0
Hoxb1,1,0
Gm20715,0,0
Galnt18,0,1
Fxyd7,0,1
Crybg1,1,0
P2rx6,1,0
Or4x15,1,0
Alx1,0,1
Spocd1,1,0
Plcg2,1,0
Tlr6,1,0
Adcy10,1,0
Epb41l4b,1,0
Pigz,1,0
Enthd1,0,1
Irf6,0,1
Btnl9,0,1
Tenm2,0,1
Ccl24,1,0
Spata17,0,1
Sec14l3,1,0
Zdhhc25,1,0
Gstt3,1,0
Zfp354b,0,0
Pgm5,1,0
Slc22a13,1,0
Kcna4,1,0
Or2y17,1,0
Pak5,1,0
Fmo4,0,1
Hba-a1,0,0
Hba-a2,0,0
Fabp6,1,0
Thsd7b,1,0
Grid1,1,0
Colq,0,1
Mme,0,1
Tdrd12,0,1
Elane,1,0
Wnt8b,1,0
Hemgn,0,1
Cldn20,1,0
Kcnb2,0,1
Drp2,0,1
Ldlrad1,1,0
Atp8b4,0,1
Mustn1,0,1
Gad2,1,0
Cd33,1,0
Septin12,0,1
Sdk2,1,0
Pzp,0,1
Lrg1,0,1
Scube3,1,0
Spata32,0,1
Nppb,0,1
Kdm4d,1,0
Pde1b,1,0
Mpzl2,0,1
Ppef1,0,1
Gk2,1,0
Zp3,0,1
Kit,1,0
Rasd1,0,1
Cma1,1,0
Pcnx2,0,1
Slc5a10,0,1
Tssk6,1,0
Doc2b,0,1
H6pd,1,0
Gm4952,1,0
Abca14,1,0
Prph2,0,1
Col17a1,1,0
Tex38,1,0
Vipr1,0,1
Gm40193,1,0
S100a5,0,1
Wfdc18,1,0
Aldob,1,0
Eps8l1,1,0
Kng2,0,1
Anks1b,1,0
Dach1,0,1
Elovl3,0,1
Stfa2,1,0
Flt4,0,1
Atp1b4,0,1
Lax1,1,0
Rbm47,0,1
Ncf1,1,0
Gas2l2,1,0
Catsper4,0,1
Lypd11,0,1
Spef2,0,1
Tpsg1,1,0
Wnt9b,1,0
Lyz2,1,0
Smyd1,1,0
Guca2a,0,1
Npb,1,0
Foxh1,1,0
Adgrg2,1,0
Slc6a17,1,0
Trim52,1,0
Vip,1,0
Or6c2,1,0
Trank1,1,0
Cfb,1,0
Cd300lg,1,0
Kif19a,0,1
Prickle4,0,1
Lancl3,1,0
Sec14l5,0,1
Glod5,1,0
Lmod3,1,0
Cldn7,0,1
Fgf8,0,1
Spmip8,0,1
Tcp11,1,0
Smim45,1,0
Alx3,0,1
Ankdd1b,1,0
Gimap9,1,0
Arrdc5,0,1
Vsir,0,1
Pip5kl1,1,0
Prss12,0,1
Acsm3,1,0
Brme1,1,0
Tmprss11f,1,0
Mfap5,0,1
Misp,1,0
Hfm1,1,0
Edaradd,0,1
Bdkrb1,1,0
Sftpb,0,1
Plg,1,0
Rbfox3,1,0
Nt5e,1,0
4931429L15Rik,1,0
Gsdma,1,0
Mc5r,0,1
Cd38,1,0
Slc26a8,0,1
Plagl1,1,0
Mixl1,1,0
Ccdc121rt2,1,0
Jakmip3,1,0
Gdf5,0,1
Gja4,1,0
Nlrp3,0,1
Faxdc2,0,1
Or10h5,0,1
Cyp2r1,0,1
Zfp853,0,1
Spata25,1,0
Cstdc2,1,0
Ocm,1,0
Cd79b,0,1
Myl2,1,0
Pate6,1,0
Pgpep1l,0,1
Ctla4,1,0
Vmn1r183,0,1
Mroh6,1,0
Chrna7,1,0
Tas1r3,0,1
Glra2,1,0
Htra3,0,1
Ldoc1,1,0
Osbp2,0,1
Dmd,1,0
Chrna4,1,0
Mt4,0,1
Trim55,0,1
Tmigd1,0,1
Tbc1d8b,1,0
Aknad1,1,0
Spaca5,0,1
Morn3,1,0
Grhl3,0,1
Irf4,1,0
Cib3,1,0
Piwil1,1,0
Gucy2e,1,0
Mdh1b,1,0
Tmem204,0,1
Caln1,1,0
Grin2b,1,0
Rsph4a,1,0
Ssxb16,1,0
Igll1,1,0
Rhox8,1,0
Pclo,1,0
Hspb7,0,1
Il12a,1,0
Fyb2,0,1
4930407I10Rik,0,1
Or10am5,1,0
Smtnl1,0,1
Litafd,1,0
Gna14,1,0
Grk1,1,0
Gpr171,0,1
Gnat1,0,1
Hus1b,1,0
Art3,1,0
Bpifc,0,1
Ovol3,1,0
Fam83f,1,0
Dct,1,0
Opalin,0,1
Pspn,1,0
Aqp2,0,1
Chrnb3,1,0
Defb4,0,1
Ltb4r1,1,0
Dnah3,1,0
Ly6g6d,1,0
F2rl3,0,1
Tmem190,1,0
A1cf,0,1
Pilra,0,1
Hoxa11,1,0
Clec4a1,1,0
Folh1,1,0
Snx20,0,1
Arhgap20,0,1
Cfap144,0,1
Tmem132b,1,0
Tmprss12,1,0
Hoxd10,1,0
Batf,1,0
Frzb,1,0
Becn2,1,0
Pvalb,0,1
Gbp6,1,0
Robo2,0,1
Cst11,1,0
Kif27,0,1
Foxa2,0,1
Adtrp,0,1
Glis3,1,0
Abca6,1,0
Vmn1r232,1,0
Or10a2,1,0
Slitrk5,1,0
Gcnt7,0,1
Tmdd1,0,1
Pde6a,1,0
Cebpa,1,0
Igf1,0,1
Rsph10b,0,1
Nr1h4,0,1
Or51f23b,1,0
Agtr2,1,0
Sox21,1,0
Pbp2,1,0
Ddx60,1,0
Ecel1,0,1
Akr1c18,1,0
Acp4,1,0
Scarf1,1,0
Abcc6,0,1
Pklr,1,0
Ppp1r14bl,1,0
Lgr6,0,1
Tex35,0,1
Pld5,0,1
Apba2,1,0
Ctss,1,0
Pglyrp1,0,1
Cytip,1,0
Slc1a2,0,1
Snhg11,1,0
Paqr6,1,0
Ildr2,1,0
Opn1sw,1,0
Smr2l,1,0
Blnk,1,0
Gm9,1,0
Anapc15-ps,0,0
Fam110c,1,0
Tex19.1,1,0
Stpg4,1,0
Tsks,1,0
Gjd4,1,0
Nrg2,1,0
Il21,0,1
Ct55,1,0
Catsper3,1,0
Cdh7,0,1
Myl3,1,0
Gprin3,0,1
Gm1110,1,0
D630003M21Rik,1,0
Serpinb5,1,0
Dnai2,1,0
Apoh,0,1
Slc14a2,1,0
Nalcn,1,0
Pitx3,1,0
Ttc21a,1,0
Dnah8,0,1
Ceacam20,1,0
Spink10,0,1
Vmn2r72,0,0
Ptx4,1,0
Gsta3,1,0
Or6c88,1,0
Cstl1,0,1
Bhlha9,0,1
Ephx3,1,0
Cacna1d,1,0
Foxd2,0,1
Cldn11,1,0
Gm3264,0,1
Gm3164,0,1
Krt81,0,0
Krt86,0,0
Ssxb6,0,0
St8sia1,0,0
Gal3st2c,0,0
Cyp2e1,0,0
Speer3,1,0
Vmn2r29,0,1
Spata31d1a,1,0
Pcdha4b,0,1
Pramel3d,1,0
Gm2974,1,0
Tmt1a3,1,0
Pramel3e,1,0
Rdh16,0,0
Ssxb10,0,1
Pwwp4a,1,0
Pramel3a,0,1
Gm14434,0,1
Spata31h-ps1,0,1
Gm55746,1,0
Gm16867,0,0
Gm56820,0,0
Pwwp4b,1,0
Ugt1a1,0,0
Ugt1a5,0,0
Ugt1a8,0,0
Or52r1,0,0
Or4g16,0,0
Myh1,0,0
Ugt1a6a,0,0
1700024B05Rik,0,0
Triml2,0,0
Ugt1a9,0,0
Ugt1a2,0,0
Ugt1a10,0,0
Ugt1a6b,0,0
Ugt1a7c,0,0
Zfp990,0,0
Cyp3a11,0,0
Dppa5a,0,1
Gbp10,0,0
Zfp966,0,0
Bpifb9a,0,0
Bpifb9b,0,0
Tuba3a,0,0
Pabpc1l2b,0,0
Akp3,0,0
Slitrk2,0,0
Nodal,0,0
Rhox4g,0,0
Zar1,0,0
4933416I08Rik,0,0
Tpsab1,0,0
Slc28a2,0,0
Ell3,0,0
Rhox3a2,0,0
Gapdhrt2,0,0
Stat4,0,0
Gm43302,0,0
C1s2,0,0
Ifna1,0,0
Aadac,0,0
Foxp3,0,0
Serpinb9e,0,0
Slc28a2b,0,0
Gbp7,0,0
Zfp456,0,0
Or2z9,0,0
Kcna2,0,0
Gm11009,0,0
Tmem269,0,0
Gm28305,0,0
Ifna16,0,0
Or7d9,0,0
Gm56303,0,0
Cacna1e,0,0
Cldn34c3,0,0
Gm56118,0,0
Gm55359,0,0
Fam187a,0,0
Cela2a,0,0
Gpr152,0,0
Ccr9,0,0
H2-M10.3,0,0
Hecw1,0,0
Hoxa2,0,0
Or10aa3,0,0
Oprm1,0,0
Chl1,0,0
Or10g3,0,0
Or4k6,0,0
Lgalsl2,0,0
Aldh1a7,0,0
Or5k1,0,0
Nlrp10,0,0
Hbb-bt,0,0
Or6d12,0,0
Myh7,0,0
Gm20422,0,0
Or7g33,0,0
6030498E09Rik,0,0
Hbb-bs,0,0
Gm21083,0,0
Sec31b,0,0
Eppk1,0,0
Ang,0,0
Rhox3a,0,0
Catspere2,0,0
Cfap44,0,0
Pbld1,0,0
Oog1,0,0
Mlip,0,0
Gm2956,0,0
Or2bd2,0,0
Vmn2r74,0,0
Alpk2,0,0
Gm21190,0,0
Gm2042,0,0
Alppl2,0,0
Ssxb9,0,0
Ssxb13,0,0
Gm5862,0,0
Wnt4,0,0
Ssxb14,0,0
Cd84,0,0
Gm10128,0,0
Bcl2a1a,0,0
Krtap5-24,0,0
Eif1ad2,0,0
Eif1ad7,0,0
Potefam3b,0,0
Slc10a1,0,0
Slamf1,0,0
Bcl2a1d,0,0
Krtap5-20,0,0
Or2h2,0,0
Gm7995,0,0
Potefam3a,0,0
Vmn1r168,0,0
Clec2h,0,0
Or6c1,0,0
Eif1ad6,0,0
Gm8267,0,0
Eif1ad3,0,0
Gm8108,0,0
Vmn2r84,0,0
Gm4553,0,0
Gm21680,0,0
Potefam3e,0,0
Or8j3c,0,0
Rdh1,0,0
Lrfn5,0,0
Krt77,0,0
H2-Q10,0,0
Vmn1r191,0,0
Zfp997,0,0
Hsd3b2,0,0
Akr1d1,0,0
Cmtm1,0,0
Ccr5,0,0
Zfp967,0,0
Cyyr1,0,0
Slc23a1,0,0
Or5w19,0,0
Ubl5c,0,0
Ubl5b,0,0
Cyp3a44,0,0
Vmn2r86,0,0
Cdc5lrt5,0,0
Gm17728,0,0
Klf12,0,0
Cdc5lrt6,0,0
H60c,0,0
Vmn1r9,0,0
Gm45711,0,0
H2bc11,0,0
Bcl2a1b,0,0
Rab44,0,0
Gm4631,0,0
Krt4,0,0
Gm38666,0,0
